x-coordinate,My
0.0,0.0
0.001,1.985821294954521e-06
0.002,5.957463884863564e-06
0.003,1.1914927769727126e-05
0.004,1.985821294954521e-05
0.005,2.9787319424317818e-05
0.006,4.170224719404494e-05
0.007,5.560299625872659e-05
0.008,7.148956661836275e-05
0.009000000000000001,8.936195827295346e-05
0.01,0.00010922017122249865
0.011,0.00013106420546699836
0.012,0.0001548940610064526
0.013000000000000001,0.00018070973784086144
0.014,0.0002085112359702247
0.015,0.0002382985553945425
0.016,0.0002700716961138149
0.017,0.0003038306581280418
0.018000000000000002,0.00033957544143722315
0.019,0.0003773060460413589
0.02,0.0004170224719404494
0.021,0.0004587247191344944
0.022,0.0005024127876234938
0.023,0.0005480866774074478
0.024,0.0005957463884863562
0.025,0.0006453919208602194
0.026000000000000002,0.0006970232745290369
0.027,0.0007506404494928089
0.028,0.0008062434457515355
0.029,0.0008638322633052166
0.03,0.0009234069021538522
0.031,0.0009849673622974423
0.032,0.001048513643735987
0.033,0.0011140457464694862
0.034,0.0011815636704979402
0.035,0.0012510674158213485
0.036000000000000004,0.001322556982439711
0.037,0.0013960323703530282
0.038,0.0014714935795613
0.039,0.0015489406100645264
0.04,0.0016283734618627072
0.041,0.0017097921349558424
0.042,0.0017931966293439324
0.043000000000000003,0.001878586945026977
0.044,0.0019659630820049756
0.045,0.0020553250402779288
0.046,0.002146672819845837
0.047,0.0022400064207086998
0.048,0.002335325842866517
0.049,0.0024326310863192887
0.05,0.0025319221510670146
0.051000000000000004,0.002633199037109695
0.052000000000000005,0.00273646174444733
0.053,0.002841710273079919
0.054,0.0029489446230074635
0.055,0.0030581647942299625
0.056,0.003169370786747415
0.057,0.0032825626005598234
0.058,0.003397740235667185
0.059000000000000004,0.003514903692069503
0.06,0.0036340529697667734
0.061,0.003755188068758999
0.062,0.0038783089890461796
0.063,0.0040034157306283145
0.064,0.004130508293505404
0.065,0.004259586677677448
0.066,0.004390650883144446
0.067,0.0045237009099064
0.068,0.004658736757963307
0.069,0.004795758427315169
0.07,0.004934765917961987
0.07100000000000001,0.005075759229903757
0.07200000000000001,0.005218738363140483
0.073,0.0053637033176721595
0.074,0.005510654093498795
0.075,0.005659590690620384
0.076,0.005810513109036928
0.077,0.005963421348748427
0.078,0.006118315409754879
0.079,0.006275195292056285
0.08,0.006434060995652648
0.081,0.006594912520543964
0.082,0.006757749866730234
0.083,0.006922573034211461
0.084,0.007089382022987641
0.085,0.007258176833058775
0.08600000000000001,0.007428957464424863
0.08700000000000001,0.007601723917085907
0.088,0.007776476191041903
0.089,0.007953214286292854
0.09,0.008131938202838761
0.091,0.008312647940679624
0.092,0.00849534349981544
0.093,0.008680024880246209
0.094,0.008866692081971935
0.095,0.009055345104992615
0.096,0.00924598394930825
0.097,0.009438608614918837
0.098,0.00963321910182438
0.099,0.009829815410024877
0.1,0.010028397539520333
0.101,0.010228965490310738
0.10200000000000001,0.010431519262396098
0.10300000000000001,0.010636058855776415
0.10400000000000001,0.010842584270451684
0.105,0.011051095506421908
0.106,0.011261592563687087
0.107,0.011474075442247222
0.108,0.011688544142102311
0.109,0.011904998663252352
0.11,0.012123439005697352
0.111,0.012343865169437303
0.112,0.01256627715447221
0.113,0.01279067496080207
0.114,0.013017058588426887
0.115,0.013245428037346657
0.116,0.013475783307561379
0.117,0.013708124399071058
0.11800000000000001,0.013942451311875692
0.11900000000000001,0.01417876404597528
0.12,0.01441706260136982
0.121,0.014657346978059316
0.122,0.01489961717604377
0.123,0.015143873195323176
0.124,0.015390115035897534
0.125,0.01563834269776685
0.126,0.015888556180931122
0.127,0.016140755485390342
0.128,0.016394940611144524
0.129,0.016651111558193658
0.13,0.016909268326537743
0.131,0.017169410916176787
0.132,0.017431539327110782
0.133,0.017695653559339736
0.134,0.017961753612863642
0.135,0.018229839487682503
0.136,0.01849991118379632
0.137,0.018771968701205087
0.138,0.019046012039908813
0.139,0.019322041199907488
0.14,0.019600056181201118
0.14100000000000001,0.019880056983789713
0.14200000000000002,0.02016204360767325
0.14300000000000002,0.02044601605285175
0.14400000000000002,0.020731974319325202
0.145,0.021019918407093597
0.146,0.021309848316156964
0.147,0.021601764046515277
0.148,0.02189566559816854
0.149,0.02219155297111677
0.15,0.022489426165359944
0.151,0.022789285180898077
0.152,0.02309113001773116
0.153,0.023394960675859205
0.154,0.023394960675859205
0.155,-0.05230294707951788
0.156,-0.12799886901359997
0.157,-0.20369280512638713
0.158,-0.2793847554178793
0.159,-0.3550747198880766
0.16,-0.43076269853697885
0.161,-0.5064486913645863
0.162,-0.5821326983708985
0.163,-0.657814719555916
0.164,-0.7334947549196383
0.165,-0.8091728044620659
0.166,-0.8848488681831984
0.167,-0.9605229460830359
0.168,-1.0361950381615785
0.169,-1.1118651444188261
0.17,-1.187533264854779
0.171,-1.2631993994694366
0.17200000000000001,-1.3388635482627995
0.17300000000000001,-1.4145257112348673
0.17400000000000002,-1.49018588838564
0.17500000000000002,-1.5658440797151179
0.176,-1.641500285223301
0.177,-1.7171545049101868
0.178,-1.7928067387757798
0.179,-1.868456986820078
0.18,-1.9441052490430808
0.181,-2.0197515254447893
0.182,-2.0953958160252024
0.183,-2.1710381207843206
0.184,-2.2466784397221438
0.185,-2.322316772838672
0.186,-2.3979531201339057
0.187,-2.473587481607844
0.188,-2.549219857260487
0.189,-2.624850247091836
0.19,-2.7004786511018892
0.191,-2.776105069290648
0.192,-2.8517295016581112
0.193,-2.9273519482042802
0.194,-3.002972408929154
0.195,-3.0785908838327325
0.196,-3.1542073729150166
0.197,-3.229821876176005
0.198,-3.305434393615699
0.199,-3.381044925234098
0.2,-3.456653471031202
0.201,-3.5322600310070107
0.202,-3.6078646051615246
0.203,-3.683467193494744
0.20400000000000001,-3.759067796006668
0.20500000000000002,-3.8346664126972967
0.20600000000000002,-3.9102630435666312
0.20700000000000002,-3.98585768861467
0.20800000000000002,-4.061450347841414
0.209,-4.137041021246864
0.21,-4.212629708831017
0.211,-4.288216410593876
0.212,-4.36380112653544
0.213,-4.439383856655709
0.214,-4.514964600954684
0.215,-4.590543359432363
0.216,-4.666120132088748
0.217,-4.741694918923838
0.218,-4.817267719937632
0.219,-4.8928385351301324
0.22,-4.968407364501338
0.221,-5.043974208051246
0.222,-5.119539065779861
0.223,-5.195101937687181
0.224,-5.270662823773207
0.225,-5.346221724037936
0.226,-5.4217786384813715
0.227,-5.497333567103512
0.228,-5.5728865099043565
0.229,-5.648437466883907
0.23,-5.723986438042162
0.231,-5.799533423379122
0.232,-5.875078422894787
0.233,-5.950621436589158
0.234,-6.026162464462233
0.23500000000000001,-6.101701506514013
0.23600000000000002,-6.177238562744499
0.23700000000000002,-6.25277363315369
0.23800000000000002,-6.328306717741585
0.23900000000000002,-6.403837816508185
0.24,-6.479366929453491
0.241,-6.5548940565775
0.242,-6.630419197880215
0.243,-6.705942353361636
0.244,-6.7814635230217615
0.245,-6.856982706860592
0.246,-6.932499904878128
0.247,-7.008015117074369
0.248,-7.0835283434493155
0.249,-7.159039584002966
0.25,-7.234548838735322
0.251,-7.310056107646384
0.252,-7.385561390736149
0.253,-7.46106468800462
0.254,-7.536565999451796
0.255,-7.612065325077677
0.256,-7.687562664882264
0.257,-7.763058018865555
0.258,-7.838551387027552
0.259,-7.914042769368253
0.26,-7.98953216588766
0.261,-8.065019576585819
0.262,-8.140505001462635
0.263,-8.215988440518158
0.264,-8.291469893752383
0.265,-8.366949361165316
0.266,-8.442426842756953
0.267,-8.517902338527296
0.268,-8.593375848476343
0.269,-8.668847372604096
0.27,-8.744316910910554
0.271,-8.819784463395715
0.272,-8.895250030059582
0.273,-8.970713610902155
0.274,-9.046175205923431
0.275,-9.121634815123414
0.276,-9.197092438502102
0.277,-9.272548076059493
0.278,-9.348001727795591
0.279,-9.423453393710394
0.28,-9.498903073803902
0.281,-9.574350768076116
0.28200000000000003,-9.649796476527033
0.28300000000000003,-9.725240199156657
0.28400000000000003,-9.800681935964983
0.28500000000000003,-9.876121686952017
0.28600000000000003,-9.951559452117754
0.28700000000000003,-10.026995231462198
0.28800000000000003,-10.102429024985346
0.289,-10.1778608326872
0.29,-10.253290654567753
0.291,-10.328718490627015
0.292,-10.404144340864983
0.293,-10.479568205281657
0.294,-10.554990083877035
0.295,-10.63040997665112
0.296,-10.705827883603908
0.297,-10.781243804735402
0.298,-10.856657740045598
0.299,-10.932069689534503
0.3,-11.007479653202111
0.301,-11.082887631048425
0.302,-11.158293623073442
0.303,-11.233697629277167
0.304,-11.309099649659593
0.305,-11.384499684220728
0.306,-11.459897732960567
0.307,-11.535293795879111
0.308,-11.61068787297636
0.309,-11.686079964252315
0.31,-11.761470069706974
0.311,-11.836858189340337
0.312,-11.912244323152406
0.313,-11.98762847114318
0.314,-12.06301063331266
0.315,-12.138390809660844
0.316,-12.213769000187733
0.317,-12.289145204893329
0.318,-12.364519423777626
0.319,-12.43989165684063
0.32,-12.515261904082339
0.321,-12.590630165502754
0.322,-12.665996441101873
0.323,-12.741360730879698
0.324,-12.816723034836228
0.325,-12.892083352971461
0.326,-12.9674416852854
0.327,-13.042798031778046
0.328,-13.118152392449396
0.329,-13.193504767299451
0.33,-13.268855156328211
0.331,-13.344203559535675
0.332,-13.419549976921845
0.333,-13.49489440848672
0.334,-13.5702368542303
0.335,-13.645577314152586
0.336,-13.720915788253576
0.337,-13.79625227653327
0.338,-13.871586778991668
0.339,-13.946919295628774
0.34,-14.022249826444584
0.341,-14.0975783714391
0.342,-14.17290493061232
0.343,-14.248229503964247
0.34400000000000003,-14.323552091494877
0.34500000000000003,-14.398872693204211
0.34600000000000003,-14.474191309092252
0.34700000000000003,-14.549507939158998
0.34800000000000003,-14.624822583404448
0.34900000000000003,-14.700135241828605
0.35000000000000003,-14.775445914431465
0.35100000000000003,-14.850754601213032
0.352,-14.9260613021733
0.353,-15.001366017312272
0.354,-15.076668746629952
0.355,-15.151969490126339
0.356,-15.22726824780143
0.357,-15.302565019655226
0.358,-15.377859805687727
0.359,-15.453152605898932
0.36,-15.528443420288843
0.361,-15.60373224885746
0.362,-15.679019091604781
0.363,-15.754303948530808
0.364,-15.829586819635539
0.365,-15.904867704918972
0.366,-15.980146604381117
0.367,-16.05542351802196
0.368,-16.130698445841514
0.369,-16.205971387839767
0.37,-16.281242344016732
0.371,-16.356511314372394
0.372,-16.43177829890677
0.373,-16.507043297619845
0.374,-16.582306310511626
0.375,-16.657567337582115
0.376,-16.732826378831305
0.377,-16.808083434259206
0.378,-16.883338503865804
0.379,-16.958591587651117
0.38,-17.033842685615127
0.381,-17.10909179775785
0.382,-17.184338924079267
0.383,-17.259584064579396
0.384,-17.33482721925823
0.385,-17.410068388115768
0.386,-17.48530757115201
0.387,-17.56054476836696
0.388,-17.635779979760613
0.389,-17.71101320533297
0.39,-17.78624444508403
0.391,-17.8614736990138
0.392,-17.936700967122274
0.393,-18.011926249409452
0.394,-18.087149545875334
0.395,-18.162370856519924
0.396,-18.23759018134322
0.397,-18.312807520345213
0.398,-18.38802287352592
0.399,-18.463236240885326
0.4,-18.538447622423444
0.401,-18.61365701814026
0.402,-18.688864428035785
0.403,-18.764069852110012
0.404,-18.839273290362943
0.405,-18.91447474279458
0.406,-18.989674209404924
0.40700000000000003,-19.064871690193975
0.40800000000000003,-19.14006718516173
0.40900000000000003,-19.215260694308185
0.41000000000000003,-19.29045221763335
0.41100000000000003,-19.36564175513722
0.41200000000000003,-19.440829306819797
0.41300000000000003,-19.516014872681072
0.41400000000000003,-19.59119845272106
0.41500000000000004,-19.666380046939747
0.41600000000000004,-19.74155965533714
0.417,-19.81673727791324
0.418,-19.891912914668044
0.419,-19.967086565601555
0.42,-20.04225823071377
0.421,-20.11742791000469
0.422,-20.19259560347431
0.423,-20.26776131112264
0.424,-20.342925032949676
0.425,-20.418086768955416
0.426,-20.49324651913986
0.427,-20.56840428350301
0.428,-20.643560062044866
0.429,-20.718713854765426
0.43,-20.793865661664686
0.431,-20.86901548274266
0.432,-20.944163317999333
0.433,-21.019309167434717
0.434,-21.094453031048797
0.435,-21.169594908841592
0.436,-21.244734800813085
0.437,-21.319872706963285
0.438,-21.39500862729219
0.439,-21.470142561799797
0.44,-21.545274510486117
0.441,-21.620404473351133
0.442,-21.69553245039486
0.443,-21.77065844161729
0.444,-21.845782447018426
0.445,-21.920904466598266
0.446,-21.99602450035681
0.447,-22.071142548294063
0.448,-22.14625861041002
0.449,-22.22137268670468
0.45,-22.296484777178044
0.451,-22.371594881830113
0.452,-22.446703000660893
0.453,-22.52180913367037
0.454,-22.59691328085856
0.455,-22.672015442225447
0.456,-22.747115617771044
0.457,-22.822213807495345
0.458,-22.897310011398346
0.459,-22.972404229480063
0.46,-23.047496461740476
0.461,-23.1225867081796
0.462,-23.197674968797422
0.463,-23.27276124359396
0.464,-23.347845532569192
0.465,-23.422927835723133
0.466,-23.49800815305578
0.467,-23.57308648456713
0.468,-23.64816283025719
0.46900000000000003,-23.72323719012595
0.47000000000000003,-23.79830956417341
0.47100000000000003,-23.87337995239959
0.47200000000000003,-23.948448354804462
0.47300000000000003,-24.023514771388044
0.47400000000000003,-24.09857920215033
0.47500000000000003,-24.173641647091323
0.47600000000000003,-24.24870210621102
0.47700000000000004,-24.32376057950942
0.47800000000000004,-24.398817066986528
0.47900000000000004,-24.473871568642338
0.48,-24.54892408447686
0.481,-24.62397461449007
0.482,-24.699023158681996
0.483,-24.77406971705263
0.484,-24.849114289601964
0.485,-24.92415687633001
0.486,-24.999197477236752
0.487,-25.07423609232221
0.488,-25.149272721586364
0.489,-25.22430736502923
0.49,-25.299340022650792
0.491,-25.374370694451066
0.492,-25.449399380430044
0.493,-25.524426080587727
0.494,-25.599450794924113
0.495,-25.674473523439204
0.496,-25.749494266133006
0.497,-25.824513023005505
0.498,-25.89952979405671
0.499,-25.974544579286626
0.5,-26.049557378695244
0.501,-26.124568192282567
0.502,-26.199577020048594
0.503,-26.274583861993328
0.504,-26.349588718116767
0.505,-26.424591588418906
0.506,-26.499592472899757
0.507,-26.574591371559308
0.508,-26.64958828439757
0.509,-26.72458321141453
0.51,-26.7995761526102
0.511,-26.87456710798457
0.512,-26.949556077537647
0.513,-27.024543061269434
0.514,-27.099528059179917
0.515,-27.174511071269116
0.516,-27.24949209753701
0.517,-27.32447113798362
0.518,-27.399448192608922
0.519,-27.474423261412937
0.52,-27.549396344395657
0.521,-27.62436744155708
0.522,-27.699336552897208
0.523,-27.774303678416043
0.524,-27.849268818113583
0.525,-27.924231971989826
0.526,-27.99919314004477
0.527,-28.07415232227843
0.528,-28.149109518690786
0.529,-28.22406472928185
0.53,-28.299017954051617
0.531,-28.37396919300009
0.532,-28.448918446127273
0.533,-28.523865713433153
0.534,-28.598810994917745
0.535,-28.673754290581037
0.536,-28.74869560042304
0.537,-28.82363492444374
0.538,-28.89857226264315
0.539,-28.973507615021266
0.54,-29.048440981578086
0.541,-29.12337236231361
0.542,-29.19830175722784
0.543,-29.273229166320775
0.544,-29.348154589592415
0.545,-29.423078027042756
0.546,-29.497999478671808
0.547,-29.57291894447956
0.548,-29.64783642446602
0.549,-29.722751918631186
0.55,-29.797665426975055
0.551,-29.87257694949763
0.552,-29.94748648619891
0.553,-30.022394037078897
0.554,-30.097299602137582
0.555,-30.172203181374982
0.556,-30.24710477479108
0.557,-30.322004382385888
0.558,-30.396902004159394
0.559,-30.47179764011161
0.56,-30.54669129024253
0.561,-30.621582954552157
0.562,-30.696472633040486
0.5630000000000001,-30.771360325707523
0.5640000000000001,-30.846246032553264
0.5650000000000001,-30.921129753577706
0.5660000000000001,-30.996011488780855
0.5670000000000001,-31.070891238162712
0.5680000000000001,-31.145769001723274
0.5690000000000001,-31.22064477946254
0.5700000000000001,-31.29551857138051
0.5710000000000001,-31.370390377477186
0.5720000000000001,-31.445260197752567
0.5730000000000001,-31.52012803220665
0.5740000000000001,-31.594993880839443
0.5750000000000001,-31.669857743650937
0.5760000000000001,-31.744719620641142
0.577,-31.819579511810048
0.578,-31.894437417157647
0.579,-31.969293336683968
0.58,-32.04414727038899
0.581,-32.118999218272705
0.582,-32.19384918033514
0.583,-32.26869715657628
0.584,-32.343543146996126
0.585,-32.418387151594665
0.586,-32.49322917037192
0.587,-32.56806920332788
0.588,-32.64290725046253
0.589,-32.7177433117759
0.59,-32.792577387267976
0.591,-32.867409476938754
0.592,-32.942239580788225
0.593,-33.01706769881642
0.594,-33.09189383102331
0.595,-33.16671797740891
0.596,-33.24154013797321
0.597,-33.31636031271622
0.598,-33.39117850163794
0.599,-33.46599470473835
0.6,-33.54080892201747
0.601,-33.6156211534753
0.602,-33.69043139911183
0.603,-33.765239658927065
0.604,-33.840045932921015
0.605,-33.914850221093666
0.606,-33.98965252344502
0.607,-34.06445283997507
0.608,-34.139251170683835
0.609,-34.2140475155713
0.61,-34.28884187463748
0.611,-34.36363424788235
0.612,-34.43842463530594
0.613,-34.513213036908226
0.614,-34.587999452689225
0.615,-34.66278388264892
0.616,-34.73756632678732
0.617,-34.81234678510443
0.618,-34.887125257600246
0.619,-34.961901744274755
0.62,-35.036676245127985
0.621,-35.11144876015992
0.622,-35.18621928937055
0.623,-35.26098783275988
0.624,-35.33575439032793
0.625,-35.41051896207468
0.626,-35.485281548000124
0.627,-35.56004214810429
0.628,-35.63480076238716
0.629,-35.70955739084873
0.63,-35.784312033488995
0.631,-35.859064690307974
0.632,-35.93381536130566
0.633,-36.00856404648205
0.634,-36.08331074583714
0.635,-36.15805545937094
0.636,-36.23279818708345
0.637,-36.30753892897465
0.638,-36.38227768504457
0.639,-36.45701445529319
0.64,-36.53174923972051
0.641,-36.60648203832654
0.642,-36.681212851111276
0.643,-36.75594167807472
0.644,-36.830668519216864
0.645,-36.90539337453771
0.646,-36.98011624403727
0.647,-37.05483712771552
0.648,-37.12955602557249
0.649,-37.20427293760816
0.65,-37.278987863822536
0.651,-37.35370080421561
0.652,-37.428411758787405
0.653,-37.50312072753789
0.654,-37.57782771046708
0.655,-37.652532707574984
0.656,-37.727235718861586
0.657,-37.8019367443269
0.658,-37.87663578397091
0.659,-37.951332837793636
0.66,-38.02602790579506
0.661,-38.10072098797519
0.662,-38.17541208433403
0.663,-38.25010119487157
0.664,-38.32478831958781
0.665,-38.39947345848276
0.666,-38.47415661155642
0.667,-38.54883777880878
0.668,-38.62351696023984
0.669,-38.69819415584961
0.67,-38.772869365638094
0.671,-38.847542589605276
0.672,-38.92221382775115
0.673,-38.99688308007575
0.674,-39.071550346579045
0.675,-39.146215627261036
0.676,-39.22087892212175
0.677,-39.29554023116116
0.678,-39.37019955437928
0.679,-39.44485689177609
0.68,-39.51951224335162
0.681,-39.59416560910586
0.682,-39.66881698903879
0.683,-39.74346638315043
0.684,-39.81811379144078
0.685,-39.892759213909834
0.686,-39.96740265055759
0.687,-40.04204410138404
0.6880000000000001,-40.11668356638921
0.6890000000000001,-40.19132104557308
0.6900000000000001,-40.265956538935654
0.6910000000000001,-40.34059004647694
0.6920000000000001,-40.415221568196934
0.6930000000000001,-40.48985110409562
0.6940000000000001,-40.564478654173016
0.6950000000000001,-40.63910421842912
0.6960000000000001,-40.71372779686392
0.6970000000000001,-40.78834938947744
0.6980000000000001,-40.86296899626965
0.6990000000000001,-40.93758661724058
0.7000000000000001,-41.0122022523902
0.7010000000000001,-41.08681590171854
0.7020000000000001,-41.16142756522557
0.7030000000000001,-41.23603724291131
0.704,-41.31064493477576
0.705,-41.3852506408189
0.706,-41.45985436104076
0.707,-41.53445609544132
0.708,-41.609055844020595
0.709,-41.68365360677856
0.71,-41.75824938371524
0.711,-41.83284317483062
0.712,-41.907434980124705
0.713,-41.982024799597504
0.714,-42.056612633248996
0.715,-42.1311984810792
0.716,-42.20578234308811
0.717,-42.28036421927572
0.718,-42.35494410964204
0.719,-42.429522014187064
0.72,-42.50409793291079
0.721,-42.57867186581322
0.722,-42.65324381289436
0.723,-42.72781377415421
0.724,-42.80238174959275
0.725,-42.87694773921
0.726,-42.951511743005966
0.727,-43.02607376098063
0.728,-43.10063379313399
0.729,-43.175191839466066
0.73,-43.249747899976846
0.731,-43.32430197466632
0.732,-43.398854063534515
0.733,-43.47340416658141
0.734,-43.54795228380701
0.735,-43.622498415211304
0.736,-43.697042560794316
0.737,-43.771584720556035
0.738,-43.84612489449645
0.739,-43.92066308261557
0.74,-43.995199284913404
0.741,-44.06973350138993
0.742,-44.14426573204518
0.743,-44.218795976879115
0.744,-44.29332423589177
0.745,-44.36785050908312
0.746,-44.44237479645317
0.747,-44.51689709800194
0.748,-44.59141741372941
0.749,-44.665935743635586
0.75,-44.74045208772046
0.751,-44.81496644598405
0.752,-44.88947881842633
0.753,-44.96398920504733
0.754,-45.03849760584703
0.755,-45.11300402082543
0.756,-45.187508449982545
0.757,-45.26201089331836
0.758,-45.33651135083288
0.759,-45.4110098225261
0.76,-45.48550630839803
0.761,-45.56000080844867
0.762,-45.634493322678
0.763,-45.708983851086046
0.764,-45.7834723936728
0.765,-45.85795895043825
0.766,-45.93244352138241
0.767,-46.006926106505276
0.768,-46.08140670580685
0.769,-46.155885319287115
0.77,-46.2303619469461
0.771,-46.304836588783786
0.772,-46.37930924480018
0.773,-46.453779914995266
0.774,-46.52824859936907
0.775,-46.60271529792158
0.776,-46.67718001065278
0.777,-46.7516427375627
0.778,-46.82610347865132
0.779,-46.90056223391865
0.78,-46.97501900336467
0.781,-47.04947378698941
0.782,-47.123926584792855
0.783,-47.198377396774994
0.784,-47.27282622293584
0.785,-47.3472730632754
0.786,-47.421717917793664
0.787,-47.49616078649063
0.788,-47.5706016693663
0.789,-47.645040566420676
0.79,-47.719477477653754
0.791,-47.79391240306554
0.792,-47.86834534265603
0.793,-47.94277629642523
0.794,-48.017205264373125
0.795,-48.091632246499735
0.796,-48.166057242805046
0.797,-48.24048025328906
0.798,-48.31490127795178
0.799,-48.3893203167932
0.8,-48.46373736981334
0.801,-48.53815243701217
0.802,-48.612565518389715
0.803,-48.68697661394596
0.804,-48.76138572368091
0.805,-48.83579284759457
0.806,-48.910197985686935
0.807,-48.984601137958
0.808,-49.05900230440777
0.809,-49.13340148503625
0.81,-49.207798679843435
0.811,-49.28219388882931
0.812,-49.35658711199391
0.8130000000000001,-49.43097834933721
0.8140000000000001,-49.50536760085921
0.8150000000000001,-49.57975486655992
0.8160000000000001,-49.65414014643933
0.8170000000000001,-49.728523440497455
0.8180000000000001,-49.802904748734264
0.8190000000000001,-49.877284071149795
0.8200000000000001,-49.951661407744034
0.8210000000000001,-50.02603675851697
0.8220000000000001,-50.100410123468606
0.8230000000000001,-50.17478150259896
0.8240000000000001,-50.249150895908016
0.8250000000000001,-50.32351830339577
0.8260000000000001,-50.39788372506223
0.8270000000000001,-50.4722471609074
0.8280000000000001,-50.54660861093128
0.8290000000000001,-50.62096807513385
0.8300000000000001,-50.69532555351513
0.8310000000000001,-50.76968104607513
0.8320000000000001,-50.84403455281382
0.833,-50.91838607373121
0.834,-50.99273560882731
0.835,-51.06708315810212
0.836,-51.14142872155563
0.837,-51.21577229918785
0.838,-51.290113890998775
0.839,-51.3644534969884
0.84,-51.43879111715673
0.841,-51.513126751503776
0.842,-51.58746040002952
0.843,-51.661792062733966
0.844,-51.73612173961712
0.845,-51.81044943067898
0.846,-51.88477513591954
0.847,-51.959098855338816
0.848,-52.033420588936785
0.849,-52.10774033671347
0.85,-52.18205809866885
0.851,-52.25637387480294
0.852,-52.33068766511573
0.853,-52.404999469607226
0.854,-52.479309288277435
0.855,-52.553617121126344
0.856,-52.62792296815396
0.857,-52.70222682936028
0.858,-52.7765287047453
0.859,-52.85082859430903
0.86,-52.92512649805146
0.861,-52.9994224159726
0.862,-53.07371634807245
0.863,-53.148008294350994
0.864,-53.22229825480825
0.865,-53.296586229444216
0.866,-53.37087221825888
0.867,-53.44515622125224
0.868,-53.51943823842432
0.869,-53.5937182697751
0.87,-53.66799631530458
0.871,-53.742272375012774
0.872,-53.81654644889967
0.873,-53.89081853696528
0.874,-53.96508863920957
0.875,-54.03935675563258
0.876,-54.1136228862343
0.877,-54.18788703101472
0.878,-54.26214918997384
0.879,-54.33640936311168
0.88,-54.410667550428215
0.881,-54.48492375192345
0.882,-54.55917796759739
0.883,-54.633430197450046
0.884,-54.7076804414814
0.885,-54.78192869969146
0.886,-54.856174972080225
0.887,-54.9304192586477
0.888,-55.004661559393874
0.889,-55.07890187431875
0.89,-55.15314020342234
0.891,-55.227376546704626
0.892,-55.30161090416563
0.893,-55.37584327580532
0.894,-55.45007366162373
0.895,-55.524302061620844
0.896,-55.59852847579666
0.897,-55.67275290415118
0.898,-55.7469753466844
0.899,-55.821195803396336
0.9,-55.89541427428698
0.901,-55.96963075935631
0.902,-56.04384525860436
0.903,-56.118057772031115
0.904,-56.19226829963657
0.905,-56.266476841420726
0.906,-56.34068339738359
0.907,-56.41488796752517
0.908,-56.48909055184544
0.909,-56.56329115034442
0.91,-56.63748976302211
0.911,-56.71168638987851
0.912,-56.78588103091359
0.913,-56.8600736861274
0.914,-56.93426435551991
0.915,-57.00845303909112
0.916,-57.08263973684103
0.917,-57.156824448769655
0.918,-57.231007174876986
0.919,-57.30518791516302
0.92,-57.37936666962775
0.921,-57.4535434382712
0.922,-57.527718221093345
0.923,-57.601891018094186
0.924,-57.67606182927375
0.925,-57.75023065463201
0.926,-57.82439749416898
0.927,-57.89856234788465
0.928,-57.97272521577903
0.929,-58.046886097852116
0.93,-58.1210449941039
0.931,-58.195201904534386
0.932,-58.26935682914359
0.933,-58.34350976793149
0.934,-58.4176607208981
0.935,-58.49180968804341
0.936,-58.56595666936743
0.937,-58.64010166487015
0.9380000000000001,-58.71424467455158
0.9390000000000001,-58.78838569841171
0.9400000000000001,-58.862524736450546
0.9410000000000001,-58.93666178866809
0.9420000000000001,-59.010796855064335
0.9430000000000001,-59.084929935639295
0.9440000000000001,-59.15906103039295
0.9450000000000001,-59.233190139325316
0.9460000000000001,-59.30731726243638
0.9470000000000001,-59.38144239972615
0.9480000000000001,-59.45556555119463
0.9490000000000001,-59.529686716841816
0.9500000000000001,-59.6038058966677
0.9510000000000001,-59.677923090672294
0.9520000000000001,-59.752038298855595
0.9530000000000001,-59.826151521217604
0.9540000000000001,-59.9002627577583
0.9550000000000001,-59.974372008477715
0.9560000000000001,-60.04847927337584
0.9570000000000001,-60.12258455245266
0.9580000000000001,-60.19668784570818
0.9590000000000001,-60.270789153142424
0.96,-60.344888474755365
0.961,-60.41898581054699
0.962,-60.49308116051734
0.963,-60.5671745246664
0.964,-60.64126590299416
0.965,-60.715355295500615
0.966,-60.78944270218579
0.967,-60.86352812304967
0.968,-60.937611558092236
0.969,-61.011693007313525
0.97,-61.085772470713515
0.971,-61.15984994829221
0.972,-61.2339254400496
0.973,-61.30799894598571
0.974,-61.38207046610052
0.975,-61.456140000394036
0.976,-61.53020754886625
0.977,-61.60427311151718
0.978,-61.6783366883468
0.979,-61.752398279355134
0.98,-61.82645788454218
0.981,-61.900515503907926
0.982,-61.97457113745237
0.983,-62.04862478517553
0.984,-62.12267644707739
0.985,-62.19672612315795
0.986,-62.27077381341722
0.987,-62.34481951785519
0.988,-62.41886323647188
0.989,-62.49290496926726
0.99,-62.56694471624135
0.991,-62.64098247739415
0.992,-62.71501825272564
0.993,-62.78905204223585
0.994,-62.86308384592476
0.995,-62.937113663792374
0.996,-63.01114149583869
0.997,-63.08516734206372
0.998,-63.15919120246745
0.999,-63.23321307704989
1.0,-63.307232965811025
1.0010000000000001,-63.38125086875086
1.002,-63.45526678586942
1.0030000000000001,-63.52928071716667
1.004,-63.60329266264265
1.0050000000000001,-63.67730262229732
1.006,-63.75131059613069
1.0070000000000001,-63.82531658414276
1.008,-63.89932058633352
1.0090000000000001,-63.973322602703014
1.01,-64.04732263325121
1.0110000000000001,-64.1213206779781
1.012,-64.19531673688371
1.0130000000000001,-64.26931080996802
1.014,-64.34330289723104
1.0150000000000001,-64.41729299867272
1.016,-64.49128111429316
1.0170000000000001,-64.56526724409228
1.018,-64.63925138807012
1.0190000000000001,-64.71323354622666
1.02,-64.78721371856192
1.0210000000000001,-64.86119190507586
1.022,-64.9351681057685
1.0230000000000001,-65.00914232063984
1.024,-65.08311454968991
1.025,-65.15708479291867
1.026,-65.23105305032614
1.027,-65.30501932191233
1.028,-65.3789836076772
1.029,-65.45294590762079
1.03,-65.52690622174306
1.031,-65.60086455004407
1.032,-65.67482089252377
1.033,-65.74877524918219
1.034,-65.8227276200193
1.035,-65.89667800503513
1.036,-65.97062640422963
1.037,-66.04457281760287
1.038,-66.11851724515479
1.039,-66.19245968688544
1.04,-66.26640014279478
1.041,-66.34033861288283
1.042,-66.41427509714958
1.043,-66.48820959559504
1.044,-66.56214210821919
1.045,-66.63607263502207
1.046,-66.71000117600363
1.047,-66.78392773116391
1.048,-66.8578523005029
1.049,-66.9317748840206
1.05,-67.00569548171697
1.051,-67.07961409359208
1.052,-67.15353071964587
1.053,-67.22744535987839
1.054,-67.3013580142896
1.055,-67.37526868287954
1.056,-67.44917736564815
1.057,-67.52308406259547
1.058,-67.5969887737215
1.059,-67.67089149902625
1.06,-67.74479223850967
1.061,-67.81869099217184
1.062,-67.89258776001269
1.063,-67.96648254203225
1.064,-68.0403753382305
1.065,-68.11426614860748
1.066,-68.18815497316315
1.067,-68.26204181189755
1.068,-68.33592666481061
1.069,-68.40980953190241
1.07,-68.48369041317291
1.071,-68.5575693086221
1.072,-68.63144621825
1.073,-68.70532114205662
1.074,-68.77919408004193
1.075,-68.85306503220596
1.076,-68.92693399854866
1.077,-69.0008009790701
1.078,-69.07466597377022
1.079,-69.14852898264907
1.08,-69.22239000570661
1.081,-69.29624904294288
1.082,-69.37010609435782
1.083,-69.44396115995148
1.084,-69.51781423972385
1.085,-69.59166533367491
1.086,-69.66551444180469
1.087,-69.73936156411318
1.088,-69.81320670060036
1.089,-69.88704985126626
1.09,-69.96089101611084
1.091,-70.03473019513414
1.092,-70.10856738833613
1.093,-70.18240259571685
1.094,-70.25623581727626
1.095,-70.33006705301439
1.096,-70.40389630293122
1.097,-70.47772356702676
1.098,-70.55154884530097
1.099,-70.62537213775391
1.1,-70.69919344438556
1.101,-70.77301276519592
1.102,-70.84683010018497
1.103,-70.92064544935275
1.104,-70.99445881269921
1.105,-71.06827019022438
1.106,-71.14207958192823
1.107,-71.21588698781082
1.108,-71.2896924078721
1.109,-71.3634958421121
1.11,-71.4372972905308
1.111,-71.5110967531282
1.112,-71.58489422990431
1.113,-71.65868972085912
1.114,-71.73248322599261
1.115,-71.80627474530485
1.116,-71.88006427879577
1.117,-71.95385182646541
1.118,-72.02763738831375
1.119,-72.1014209643408
1.12,-72.17520255454652
1.121,-72.24898215893097
1.122,-72.32275977749413
1.123,-72.396535410236
1.124,-72.47030905715656
1.125,-72.54408071825584
1.1260000000000001,-72.61785039353381
1.127,-72.69161808299049
1.1280000000000001,-72.76538378662586
1.129,-72.83914750443996
1.1300000000000001,-72.91290923643275
1.131,-72.98666898260427
1.1320000000000001,-73.06042674295448
1.133,-73.1341825174834
1.1340000000000001,-73.207936306191
1.135,-73.28168810907734
1.1360000000000001,-73.35543792614234
1.137,-73.42918575738608
1.1380000000000001,-73.50293160280852
1.139,-73.57667546240967
1.1400000000000001,-73.6504173361895
1.141,-73.72415722414806
1.1420000000000001,-73.79789512628531
1.143,-73.79789512628531
1.1440000000000001,-73.78673104260128
1.145,-73.77556497309594
1.1460000000000001,-73.7643969177693
1.147,-73.75322687662138
1.1480000000000001,-73.74205484965218
1.149,-73.73088083686166
1.1500000000000001,-73.71970483824985
1.151,-73.70852685381676
1.1520000000000001,-73.69734688356235
1.153,-73.68616492748666
1.154,-73.67498098558967
1.155,-73.66379505787138
1.156,-73.65260714433181
1.157,-73.64141724497092
1.158,-73.63022535978877
1.159,-73.6190314887853
1.16,-73.60783563196054
1.161,-73.5966377893145
1.162,-73.58543796084716
1.163,-73.57423614655849
1.164,-73.56303234644857
1.165,-73.55182656051734
1.166,-73.5406187887648
1.167,-73.529409031191
1.168,-73.51819728779589
1.169,-73.50698355857945
1.17,-73.49576784354174
1.171,-73.48455014268275
1.172,-73.47333045600246
1.173,-73.46210878350087
1.174,-73.45088512517798
1.175,-73.43965948103379
1.176,-73.4284318510683
1.177,-73.41720223528154
1.178,-73.40597063367348
1.179,-73.39473704624412
1.18,-73.38350147299347
1.181,-73.37226391392151
1.182,-73.36102436902826
1.183,-73.34978283831371
1.184,-73.33853932177789
1.185,-73.32729381942075
1.186,-73.31604633124232
1.187,-73.30479685724261
1.188,-73.2935453974216
1.189,-73.28229195177929
1.19,-73.27103652031566
1.191,-73.25977910303075
1.192,-73.24851969992456
1.193,-73.23725831099708
1.194,-73.2259949362483
1.195,-73.21472957567822
1.196,-73.20346222928684
1.197,-73.19219289707415
1.198,-73.18092157904019
1.199,-73.16964827518494
1.2,-73.1583729855084
1.201,-73.14709571001055
1.202,-73.1358164486914
1.203,-73.12453520155096
1.204,-73.1132519685892
1.205,-73.10196674980617
1.206,-73.09067954520185
1.207,-73.07939035477622
1.208,-73.06809917852932
1.209,-73.05680601646111
1.21,-73.04551086857161
1.211,-73.0342137348608
1.212,-73.0229146153287
1.213,-73.0116135099753
1.214,-73.00031041880062
1.215,-72.98900534180466
1.216,-72.97769827898739
1.217,-72.96638923034882
1.218,-72.95507819588894
1.219,-72.94376517560778
1.22,-72.93245016950532
1.221,-72.92113317758157
1.222,-72.90981419983653
1.223,-72.8984932362702
1.224,-72.88717028688257
1.225,-72.87584535167362
1.226,-72.8645184306434
1.227,-72.85318952379187
1.228,-72.84185863111907
1.229,-72.83052575262496
1.23,-72.81919088830956
1.231,-72.80785403817286
1.232,-72.79651520221486
1.233,-72.78517438043558
1.234,-72.77383157283498
1.235,-72.76248677941311
1.236,-72.75114000016993
1.237,-72.73979123510546
1.238,-72.7284404842197
1.239,-72.71708774751264
1.24,-72.70573302498428
1.241,-72.69437631663463
1.242,-72.68301762246368
1.243,-72.67165694247144
1.244,-72.66029427665792
1.245,-72.6489296250231
1.246,-72.63756298756697
1.247,-72.62619436428955
1.248,-72.61482375519084
1.249,-72.60345116027084
1.25,-72.59207657952953
1.2510000000000001,-72.58070001296694
1.252,-72.56932146058305
1.2530000000000001,-72.55794092237784
1.254,-72.54655839835137
1.2550000000000001,-72.53517388850359
1.256,-72.52378739283452
1.2570000000000001,-72.51239891134416
1.258,-72.5010084440325
1.2590000000000001,-72.48961599089952
1.26,-72.47822155194527
1.2610000000000001,-72.46682512716973
1.262,-72.45542671657289
1.2630000000000001,-72.44402632015475
1.264,-72.43262393791531
1.2650000000000001,-72.42121956985459
1.266,-72.40981321597258
1.2670000000000001,-72.39840487626925
1.268,-72.38699455074465
1.2690000000000001,-72.37558223939872
1.27,-72.36416794223153
1.2710000000000001,-72.35275165924304
1.272,-72.34133339043323
1.2730000000000001,-72.32991313580216
1.274,-72.31849089534977
1.2750000000000001,-72.30706666907608
1.276,-72.29564045698112
1.2770000000000001,-72.28421225906486
1.278,-72.2727820753273
1.2790000000000001,-72.26134990576845
1.28,-72.2499157503883
1.281,-72.23847960918683
1.282,-72.2270414821641
1.283,-72.21560136932007
1.284,-72.21560136932007
1.285,-72.0911151775809
1.286,-71.96662700002045
1.287,-71.8421368366387
1.288,-71.71764468743565
1.289,-71.59315055241127
1.29,-71.46865443156567
1.291,-71.34415632489872
1.292,-71.21965623241051
1.293,-71.09515415410098
1.294,-70.97065008997018
1.295,-70.84614404001806
1.296,-70.72163600424464
1.297,-70.59712598264994
1.298,-70.47261397523397
1.299,-70.34809998199665
1.3,-70.2235840029381
1.301,-70.09906603805821
1.302,-69.97454608735704
1.303,-69.85002415083454
1.304,-69.72550022849079
1.305,-69.6009743203257
1.306,-69.47644642633936
1.307,-69.35191654653171
1.308,-69.22738468090279
1.309,-69.10285082945254
1.31,-68.978314992181
1.311,-68.85377716908815
1.312,-68.72923736017404
1.313,-68.60469556543862
1.314,-68.48015178488191
1.315,-68.35560601850389
1.316,-68.23105826630463
1.317,-68.10650852828398
1.318,-67.98195680444209
1.319,-67.8574030947789
1.32,-67.73284739929443
1.321,-67.60828971798863
1.322,-67.48373005086157
1.323,-67.3591683979132
1.324,-67.23460475914352
1.325,-67.11003913455257
1.326,-66.98547152414032
1.327,-66.86090192790674
1.328,-66.73633034585193
1.329,-66.61175677797578
1.33,-66.48718122427836
1.331,-66.36260368475962
1.332,-66.23802415941961
1.333,-66.11344264825826
1.334,-65.98885915127566
1.335,-65.86427366847174
1.336,-65.73968619984656
1.337,-65.61509674540005
1.338,-65.49050530513226
1.339,-65.36591187904315
1.34,-65.24131646713276
1.341,-65.11671906940109
1.342,-64.99211968584812
1.343,-64.86751831647383
1.344,-64.74291496127832
1.345,-64.61830962026141
1.346,-64.49370229342328
1.347,-64.36909298076384
1.348,-64.2444816822831
1.349,-64.11986839798104
1.35,-63.99525312785773
1.351,-63.87063587191308
1.352,-63.74601663014717
1.353,-63.621395402559926
1.354,-63.49677218915144
1.355,-63.37214698992161
1.356,-63.2475198048705
1.357,-63.122890633998104
1.358,-62.99825947730442
1.359,-62.87362633478942
1.36,-62.74899120645315
1.361,-62.62435409229556
1.362,-62.49971499231671
1.363,-62.37507390651654
1.364,-62.250430834895084
1.365,-62.12578577745232
1.366,-62.00113873418826
1.367,-61.8764897051029
1.368,-61.75183869019628
1.369,-61.62718568946832
1.37,-61.50253070291911
1.371,-61.377873730548544
1.372,-61.25321477235675
1.373,-61.1285538283436
1.374,-61.003890898509205
1.375,-60.8792259828535
1.3760000000000001,-60.75455908137651
1.377,-60.6298901940782
1.3780000000000001,-60.505219320958616
1.379,-60.38054646201772
1.3800000000000001,-60.25587161725554
1.381,-60.13119478667207
1.3820000000000001,-60.0065159702673
1.383,-59.88183516804121
1.3840000000000001,-59.757152379993876
1.385,-59.6324676061252
1.3860000000000001,-59.50778084643526
1.387,-59.383092100923974
1.3880000000000001,-59.25840136959145
1.389,-59.1337086524376
1.3900000000000001,-59.00901394946249
1.391,-58.88431726066606
1.3920000000000001,-58.75961858604836
1.393,-58.634917925609315
1.3940000000000001,-58.510215279349005
1.395,-58.385510647267395
1.3960000000000001,-58.260804029364515
1.397,-58.13609542564031
1.3980000000000001,-58.01138483609483
1.399,-57.88667226072803
1.4000000000000001,-57.761957699539984
1.401,-57.63724115253056
1.4020000000000001,-57.512522619699894
1.403,-57.387802101047924
1.4040000000000001,-57.26307959657466
1.405,-57.138355106280095
1.4060000000000001,-57.01362863016426
1.407,-56.888900168227096
1.408,-56.76416972046867
1.409,-56.63943728688893
1.41,-56.51470286748792
1.411,-56.3899664622656
1.412,-56.26522807122197
1.413,-56.140487694357084
1.414,-56.015745331670836
1.415,-55.89100098316334
1.416,-55.76625464883452
1.417,-55.64150632868444
1.418,-55.51675602271304
1.419,-55.39200373092037
1.42,-55.26724945330637
1.421,-55.142493189871104
1.422,-55.01773494061451
1.423,-54.89297470553666
1.424,-54.76821248463753
1.425,-54.768212484637516
1.426,-54.725867691962705
1.427,-54.683520913466594
1.428,-54.641172149149185
1.429,-54.598821399010475
1.43,-54.556468663050474
1.431,-54.514113941269166
1.432,-54.47175723366658
1.433,-54.429398540242694
1.434,-54.38703786099751
1.435,-54.34467519593103
1.436,-54.30231054504325
1.437,-54.25994390833418
1.438,-54.217575285803825
1.439,-54.17520467745217
1.44,-54.13283208327922
1.441,-54.090457503284966
1.442,-54.04808093746944
1.443,-54.00570238583259
1.444,-53.96332184837448
1.445,-53.92093932509504
1.446,-53.87855481599431
1.447,-53.83616832107229
1.448,-53.793779840328995
1.449,-53.75138937376439
1.45,-53.70899692137848
1.451,-53.66660248317129
1.452,-53.62420605914279
1.453,-53.581807649293005
1.454,-53.53940725362192
1.455,-53.497004872129544
1.456,-53.45460050481588
1.457,-53.4121941516809
1.458,-53.36978581272465
1.459,-53.3273754879471
1.46,-53.28496317734827
1.461,-53.24254888092812
1.462,-53.20013259868668
1.463,-53.15771433062394
1.464,-53.1152940767399
1.465,-53.07287183703459
1.466,-53.03044761150797
1.467,-52.98802140016005
1.468,-52.94559320299084
1.469,-52.90316302000033
1.47,-52.86073085118853
1.471,-52.81829669655543
1.472,-52.775860556101044
1.473,-52.73342242982535
1.474,-52.69098231772839
1.475,-52.648540219810116
1.476,-52.606096136070555
1.477,-52.56365006650968
1.478,-52.52120201112753
1.479,-52.478751969924055
1.48,-52.43629994289933
1.481,-52.39384593005329
1.482,-52.35138993138594
1.483,-52.30893194689732
1.484,-52.26647197658738
1.485,-52.22401002045611
1.486,-52.181546078503615
1.487,-52.139080150729804
1.488,-52.09661223713471
1.489,-52.05414233771832
1.49,-52.01167045248062
1.491,-51.96919658142162
1.492,-51.926720724541305
1.493,-51.88424288183973
1.494,-51.84176305331687
1.495,-51.79928123897268
1.496,-51.75679743880725
1.497,-51.71431165282047
1.498,-51.67182388101241
1.499,-51.62933412338305
1.5,-51.58684237993239
1.5010000000000001,-51.54434865066044
1.502,-51.50185293556721
1.5030000000000001,-51.45935523465267
1.504,-51.416855547916846
1.5050000000000001,-51.37435387535973
1.506,-51.33185021698131
1.5070000000000001,-51.2893445727816
1.508,-51.246836942760595
1.5090000000000001,-51.20432732691828
1.51,-51.16181572525469
1.5110000000000001,-51.11930213776981
1.512,-51.07678656446363
1.5130000000000001,-51.03426900533612
1.514,-50.99174946038735
1.5150000000000001,-50.949227929617265
1.516,-50.90670441302591
1.5170000000000001,-50.86417891061325
1.518,-50.82165142237928
1.5190000000000001,-50.77912194832403
1.52,-50.736590488447476
1.5210000000000001,-50.694057042749634
1.522,-50.6515216112305
1.5230000000000001,-50.60898419389006
1.524,-50.56644479072836
1.5250000000000001,-50.52390340174532
1.526,-50.48136002694102
1.5270000000000001,-50.4388146663154
1.528,-50.3962673198685
1.5290000000000001,-50.35371798760031
1.53,-50.3111666695108
1.5310000000000001,-50.2686133656
1.532,-50.226058075867925
1.5330000000000001,-50.18350080031453
1.534,-50.140941538939856
1.5350000000000001,-50.09838029174388
1.536,-50.05581705872662
1.537,-50.01325183988805
1.538,-49.97068463522819
1.539,-49.92811544474703
1.54,-49.88554426844462
1.541,-49.84297110632087
1.542,-49.80039595837583
1.543,-49.75781882460951
1.544,-49.71523970502188
1.545,-49.672658599612966
1.546,-49.63007550838273
1.547,-49.587490431331226
1.548,-49.544903368458414
1.549,-49.50231431976431
1.55,-49.45972328524892
1.551,-49.41713026491223
1.552,-49.374535258754214
1.553,-49.33193826677496
1.554,-49.289339288974375
1.555,-49.24673832535251
1.556,-49.204135375909345
1.557,-49.161530440644896
1.558,-49.11892351955914
1.559,-49.07631461265209
1.56,-49.033703719923736
1.561,-48.99109084137412
1.562,-48.948475977003135
1.563,-48.90585912681093
1.564,-48.8632402907974
1.565,-48.8206194689626
1.566,-48.777996661306474
1.567,-48.73537186782905
1.568,-48.69274508853033
1.569,-48.65011632341033
1.57,-48.60748557246905
1.571,-48.56485283570646
1.572,-48.52221811312258
1.573,-48.479581404717415
1.574,-48.43694271049093
1.575,-48.39430203044317
1.576,-48.35165936457408
1.577,-48.30901471288374
1.578,-48.26636807537208
1.579,-48.22371945203914
1.58,-48.18106884288488
1.581,-48.138416247909355
1.582,-48.09576166711252
1.583,-48.05310510049437
1.584,-48.01044654805493
1.585,-47.967786009794224
1.586,-47.92512348571222
1.587,-47.88245897580891
1.588,-47.83979248008431
1.589,-47.79712399853841
1.59,-47.754453531171194
1.591,-47.71178107798272
1.592,-47.669106638972934
1.593,-47.626430214141884
1.594,-47.583751803489484
1.595,-47.54107140701583
1.596,-47.49838902472088
1.597,-47.45570465660457
1.598,-47.413018302667034
1.599,-47.37032996290818
1.6,-47.32763963732803
1.601,-47.28494732592661
1.602,-47.242253028703864
1.603,-47.19955674565986
1.604,-47.15685847679452
1.605,-47.114158222107896
1.606,-47.07145598159999
1.607,-47.02875175527079
1.608,-46.986045543120284
1.609,-46.943337345148485
1.61,-46.900627161355395
1.611,-46.857914991741
1.612,-46.815200836305316
1.613,-46.77248469504833
1.614,-46.729766567970046
1.615,-46.68704645507051
1.616,-46.644324356349614
1.617,-46.60160027180747
1.618,-46.558874201444
1.619,-46.51614614525928
1.62,-46.47341610325322
1.621,-46.43068407542588
1.622,-46.38795006177726
1.623,-46.34521406230735
1.624,-46.30247607701611
1.625,-46.259736105903585
1.6260000000000001,-46.21699414896977
1.627,-46.17425020621466
1.6280000000000001,-46.13150427763826
1.629,-46.08875636324056
1.6300000000000001,-46.04600646302157
1.631,-46.003254576981284
1.6320000000000001,-45.96050070511968
1.633,-45.917744847436815
1.6340000000000001,-45.87498700393265
1.635,-45.832227174607176
1.6360000000000001,-45.78946535946041
1.637,-45.74670155849238
1.6380000000000001,-45.703935771703
1.639,-45.66116799909237
1.6400000000000001,-45.61839824066042
1.641,-45.5756264964072
1.6420000000000001,-45.53285276633265
1.643,-45.49007705043682
1.6440000000000001,-45.447299348719696
1.645,-45.40451966118127
1.6460000000000001,-45.36173798782157
1.647,-45.31895432864056
1.6480000000000001,-45.27616868363826
1.649,-45.23338105281466
1.6500000000000001,-45.19059143616978
1.651,-45.14779983370359
1.6520000000000001,-45.105006245416085
1.653,-45.062210671307334
1.6540000000000001,-45.019413111377254
1.655,-44.976613565625904
1.6560000000000001,-44.93381203405325
1.657,-44.891008516659284
1.6580000000000001,-44.848203013444014
1.659,-44.805395524407466
1.6600000000000001,-44.762586049549625
1.661,-44.71977458887049
1.6620000000000001,-44.67696114237006
1.663,-44.634145710048344
1.6640000000000001,-44.591328291905306
1.665,-44.54850888794099
1.666,-44.50568749815537
1.667,-44.462864122548474
1.668,-44.420038761120274
1.669,-44.37721141387078
1.67,-44.33438208080002
1.671,-44.29155076190792
1.672,-44.248717457194545
1.673,-44.205882166659855
1.674,-44.16304489030389
1.675,-44.12020562812662
1.676,-44.07736438012806
1.677,-44.03452114630821
1.678,-43.99167592666706
1.679,-43.94882872120461
1.68,-43.90597952992085
1.681,-43.8631283528158
1.682,-43.8202751898895
1.683,-43.77742004114186
1.684,-43.734562906572954
1.685,-43.69170378618274
1.686,-43.648842679971246
1.687,-43.60597958793842
1.688,-43.56311451008432
1.689,-43.52024744640892
1.69,-43.47737839691225
1.691,-43.43450736159428
1.692,-43.39163434045499
1.693,-43.34875933349442
1.694,-43.30588234071254
1.695,-43.26300336210935
1.696,-43.2201223976849
1.697,-43.17723944743914
1.698,-43.134354511372116
1.699,-43.091467589483756
1.7,-43.04857868177414
1.701,-43.00568778824319
1.702,-42.962794908890956
1.703,-42.91990004371744
1.704,-42.87700319272262
1.705,-42.83410435590651
1.706,-42.79120353326912
1.707,-42.74830072481041
1.708,-42.70539593053041
1.709,-42.662489150429096
1.71,-42.619580384506506
1.711,-42.57666963276262
1.712,-42.53375689519745
1.713,-42.490842171810975
1.714,-42.447925462603216
1.715,-42.40500676757414
1.716,-42.362086086723785
1.717,-42.319163420052135
1.718,-42.276238767559185
1.719,-42.23331212924494
1.72,-42.19038350510941
1.721,-42.14745289515259
1.722,-42.10452029937445
1.723,-42.06158571777504
1.724,-42.01864915035433
1.725,-41.9757105971123
1.726,-41.93277005804898
1.727,-41.8898275331644
1.728,-41.84688302245849
1.729,-41.803936525931285
1.73,-41.76098804358281
1.731,-41.718037575413014
1.732,-41.67508512142194
1.733,-41.63213068160956
1.734,-41.5891742559759
1.735,-41.546215844520944
1.736,-41.50325544724468
1.737,-41.46029306414713
1.738,-41.4173286952283
1.739,-41.374362340488155
1.74,-41.33139399992671
1.741,-41.288423673543974
1.742,-41.24545136133996
1.743,-41.20247706331461
1.744,-41.15950077946801
1.745,-41.11652250980009
1.746,-41.0735422543109
1.747,-41.03056001300038
1.748,-40.987575785868586
1.749,-40.94458957291548
1.75,-40.901601374141094
1.7510000000000001,-40.85861118954542
1.752,-40.81561901912846
1.7530000000000001,-40.772624862890176
1.754,-40.729628720830625
1.7550000000000001,-40.68663059294978
1.756,-40.643630479247626
1.7570000000000001,-40.600628379724135
1.758,-40.557624294379394
1.7590000000000001,-40.514618223213354
1.76,-40.47161016622603
1.7610000000000001,-40.42860012341739
1.762,-40.38558809478748
1.7630000000000001,-40.34257408033623
1.764,-40.29955808006371
1.7650000000000001,-40.2565400939699
1.766,-40.213520122054796
1.7670000000000001,-40.170498164318396
1.768,-40.12747422076072
1.7690000000000001,-40.08444829138173
1.77,-40.04142037618145
1.7710000000000001,-39.99839047515985
1.772,-39.955358588316976
1.7730000000000001,-39.9123247156528
1.774,-39.86928885716735
1.7750000000000001,-39.826251012860574
1.776,-39.783211182732536
1.7770000000000001,-39.74016936678318
1.778,-39.69712556501253
1.7790000000000001,-39.654079777420556
1.78,-39.61103200400734
1.7810000000000001,-39.56798224477282
1.782,-39.524930499716994
1.7830000000000001,-39.48187676883989
1.784,-39.43882105214147
1.7850000000000001,-39.395763349621745
1.786,-39.35270366128074
1.7870000000000001,-39.30964198711845
1.788,-39.26657832713485
1.7890000000000001,-39.22351268132995
1.79,-39.18044504970378
1.7910000000000001,-39.137375432256306
1.792,-39.09430382898752
1.793,-39.05123023989745
1.794,-39.00815466498609
1.795,-38.9650771042534
1.796,-38.92199755769946
1.797,-38.87891602532422
1.798,-38.83583250712767
1.799,-38.792747003109824
1.8,-38.7496595132707
1.801,-38.70657003761028
1.802,-38.66347857612854
1.803,-38.620385128825525
1.804,-38.57728969570121
1.805,-38.53419227675559
1.806,-38.49109287198868
1.807,-38.44799148140048
1.808,-38.404888104990974
1.809,-38.36178274276019
1.81,-38.3186753947081
1.811,-38.275566060834734
1.812,-38.232454741140046
1.813,-38.18934143562408
1.814,-38.146226144286814
1.815,-38.103108867128256
1.816,-38.059989604148406
1.817,-38.016868355347256
1.818,-37.97374512072482
1.819,-37.930619900281094
1.82,-37.88749269401604
1.821,-37.84436350192971
1.822,-37.80123232402209
1.823,-37.75809916029317
1.824,-37.71496401074294
1.825,-37.671826875371444
1.826,-37.628687754178635
1.827,-37.58554664716452
1.828,-37.54240355432912
1.829,-37.49925847567246
1.83,-37.45611141119447
1.831,-37.412962360895186
1.832,-37.36981132477461
1.833,-37.32665830283279
1.834,-37.283503295069615
1.835,-37.240346301485154
1.836,-37.19718732207941
1.837,-37.15402635685236
1.838,-37.110863405804
1.839,-37.06769846893436
1.84,-37.0245315462434
1.841,-36.98136263773119
1.842,-36.93819174339768
1.843,-36.89501886324285
1.844,-36.85184399726671
1.845,-36.80866714546933
1.846,-36.76548830785064
1.847,-36.72230748441065
1.848,-36.67912467514934
1.849,-36.635939880066765
1.85,-36.59275309916287
1.851,-36.54956433243769
1.852,-36.50637357989122
1.853,-36.463180841523474
1.854,-36.4199861173344
1.855,-36.376789407324026
1.856,-36.3335907114924
1.857,-36.29039002983945
1.858,-36.24718736236521
1.859,-36.203982709069656
1.86,-36.16077606995281
1.861,-36.11756744501471
1.862,-36.0743568342553
1.863,-36.0311442376746
1.864,-35.98792965527253
1.865,-35.9447130870492
1.866,-35.901494533004616
1.867,-35.858273993138724
1.868,-35.81505146745155
1.869,-35.77182695594307
1.87,-35.728600458613286
1.871,-35.68537197546221
1.872,-35.64214150648981
1.873,-35.59890905169615
1.874,-35.555674611081166
1.875,-35.51243818464495
1.8760000000000001,-35.46919977238738
1.877,-35.425959374308555
1.8780000000000001,-35.38271699040843
1.879,-35.339472620686955
1.8800000000000001,-35.296226265144256
1.881,-35.25297792378023
1.8820000000000001,-35.20972759659489
1.883,-35.166475283588284
1.8840000000000001,-35.123220984760415
1.885,-35.07996470011119
1.8860000000000001,-35.036706429640674
1.887,-34.99344617334891
1.8880000000000001,-34.95018393123578
1.889,-34.90691970330142
1.8900000000000001,-34.86365348954575
1.891,-34.82038528996878
1.8920000000000001,-34.77711510457049
1.893,-34.73384293335092
1.8940000000000001,-34.69056877631009
1.895,-34.64729263344789
1.8960000000000001,-34.604014504764464
1.897,-34.56073439025969
1.8980000000000001,-34.51745228993368
1.899,-34.47416820378634
1.9000000000000001,-34.430882131817675
1.901,-34.38759407402779
1.9020000000000001,-34.34430403041653
1.903,-34.30101200098402
1.9040000000000001,-34.257717985730196
1.905,-34.21442198465509
1.9060000000000001,-34.17112399775868
1.907,-34.127824025040994
1.9080000000000001,-34.084522066501975
1.909,-34.041218122141714
1.9100000000000001,-33.99791219196015
1.911,-33.95460427595726
1.9120000000000001,-33.911294374133135
1.913,-33.86798248648767
1.9140000000000001,-33.824668613020876
1.915,-33.78135275373286
1.9160000000000001,-33.73803490862353
1.917,-33.69471507769287
1.9180000000000001,-33.65139326094093
1.919,-33.60806945836774
1.92,-33.56474366997316
1.921,-33.52141589575734
1.922,-33.47808613572026
1.923,-33.434754389861816
1.924,-33.39142065818212
1.925,-33.34808494068115
1.926,-33.30474723735885
1.927,-33.261407548215246
1.928,-33.21806587325034
1.929,-33.174722212464154
1.93,-33.13137656585666
1.931,-33.08802893342789
1.932,-33.04467931517781
1.933,-33.001327711106434
1.934,-32.957974121213766
1.935,-32.91461854549979
1.936,-32.87126098396457
1.937,-32.827901436607995
1.938,-32.78453990343016
1.939,-32.741176384431036
1.94,-32.69781087961059
1.941,-32.65444338896887
1.942,-32.61107391250586
1.943,-32.56770245022154
1.944,-32.52432900211594
1.945,-32.480953568189086
1.946,-32.43757614844083
1.947,-32.39419674287139
1.948,-32.3508153514806
1.949,-32.30743197426847
1.95,-32.26404661123514
1.951,-32.220659262380465
1.952,-32.1772699277045
1.953,-32.13387860720724
1.954,-32.09048530088871
1.955,-32.04709000874881
1.956,-32.00369273078767
1.957,-31.960293467005265
1.958,-31.9168922174015
1.959,-31.873488981976486
1.96,-31.830083760730147
1.961,-31.78667655366255
1.962,-31.7432673607736
1.963,-31.699856182063378
1.964,-31.656443017531874
1.965,-31.613027867179056
1.966,-31.569610731004968
1.967,-31.526191609009565
1.968,-31.48277050119291
1.969,-31.439347407554873
1.97,-31.395922328095583
1.971,-31.352495262815026
1.972,-31.309066211713134
1.973,-31.26563517479002
1.974,-31.222202152045543
1.975,-31.17876714347979
1.976,-31.13533014909276
1.977,-31.091891168884406
1.978,-31.048450202854784
1.979,-31.00500725100386
1.98,-30.961562313331665
1.981,-30.9181153898381
1.982,-30.87466648052332
1.983,-30.831215585387234
1.984,-30.78776270442976
1.985,-30.744307837651096
1.986,-30.700850985051115
1.987,-30.657392146629796
1.988,-30.613931322387227
1.989,-30.5704685123234
1.99,-30.52700371643819
1.991,-30.483536934731696
1.992,-30.440068167203933
1.993,-30.396597413854842
1.994,-30.353124674684533
1.995,-30.309649949692865
1.996,-30.26617323887994
1.997,-30.222694542245662
1.998,-30.179213859790103
1.999,-30.135731191513297
2.0,-30.092246537415136
2.001,-30.048759897495728
2.0020000000000002,-30.00527127175499
2.003,-29.961780660192982
2.004,-29.91828806280967
2.005,-29.874793479605074
2.0060000000000002,-29.831296910579184
2.007,-29.787798355731976
2.008,-29.74429781506354
2.009,-29.700795288573765
2.0100000000000002,-29.657290776262702
2.011,-29.61378427813032
2.012,-29.570275794176677
2.013,-29.52676532440171
2.0140000000000002,-29.483252868805444
2.015,-29.439738427387898
2.016,-29.39622200014903
2.017,-29.352703587088932
2.0180000000000002,-29.309183188207474
2.019,-29.265660803504712
2.02,-29.22213643298073
2.021,-29.17861007663543
2.0220000000000002,-29.13508173446882
2.023,-29.091551406480914
2.024,-29.04801909267173
2.025,-29.004484793041208
2.0260000000000002,-28.96094850758939
2.027,-28.917410236316318
2.028,-28.873869979221904
2.029,-28.830327736306245
2.0300000000000002,-28.786783507569254
2.031,-28.743237293010953
2.032,-28.69968909263141
2.033,-28.656138906430527
2.0340000000000003,-28.612586734408357
2.035,-28.569032576564926
2.036,-28.52547643290018
2.037,-28.481918303414133
2.0380000000000003,-28.438358188106825
2.039,-28.394796086978165
2.04,-28.35123200002826
2.041,-28.307665927257077
2.0420000000000003,-28.26409786866451
2.043,-28.22052782425075
2.044,-28.176955794015644
2.045,-28.133381777959237
2.0460000000000003,-28.089805776081533
2.047,-28.04622778838254
2.048,-28.00264781486228
2.049,-27.959065855520706
2.05,-27.91548191035785
2.051,-27.871895979373672
2.052,-27.828308062568237
2.053,-27.78471815994147
2.054,-27.741126271493407
2.055,-27.697532397224077
2.056,-27.65393653713341
2.057,-27.610338691221493
2.058,-27.56673885948823
2.059,-27.52313704193372
2.06,-27.479533238557853
2.061,-27.43592744936074
2.062,-27.392319674342346
2.063,-27.348709913502585
2.064,-27.305098166841617
2.065,-27.26148443435931
2.066,-27.217868716055715
2.067,-27.174251011930824
2.068,-27.130631321984627
2.069,-27.087009646217155
2.07,-27.0433859846284
2.071,-26.999760337218316
2.072,-26.95613270398696
2.073,-26.91250308493435
2.074,-26.86887148006034
2.075,-26.825237889365102
2.076,-26.781602312848573
2.077,-26.737964750510713
2.078,-26.694325202351628
2.079,-26.65068366837119
2.08,-26.60704014856946
2.081,-26.563394642946463
2.082,-26.51974715150215
2.083,-26.476097674236538
2.084,-26.43244621114965
2.085,-26.388792762241494
2.086,-26.345137327511992
2.087,-26.30147990696121
2.088,-26.257820500589105
2.089,-26.214159108395677
2.09,-26.170495730381045
2.091,-26.126830366545033
2.092,-26.08316301688777
2.093,-26.039493681409233
2.094,-25.995822360109386
2.095,-25.9521490529882
2.096,-25.90847376004578
2.097,-25.86479648128205
2.098,-25.821117216697008
2.099,-25.777435966290692
2.1,-25.733752730063042
2.101,-25.690067508014145
2.102,-25.64638030014394
2.103,-25.60269110645238
2.104,-25.558999926939627
2.105,-25.51530676160551
2.106,-25.47161161045013
2.107,-25.427914473473425
2.108,-25.384215350675472
2.109,-25.340514242056187
2.11,-25.29681114761562
2.111,-25.25310606735378
2.112,-25.20939900127061
2.113,-25.16568994936619
2.114,-25.12197891164045
2.115,-25.078265888093387
2.116,-25.034550878725046
2.117,-24.99083388353543
2.118,-24.947114902524504
2.119,-24.903393935692254
2.12,-24.859670983038754
2.121,-24.815946044563916
2.122,-24.77221912026785
2.123,-24.7284902101504
2.124,-24.68475931421169
2.125,-24.641026432451724
2.126,-24.59729156487042
2.1270000000000002,-24.553554711467815
2.128,-24.509815872243937
2.129,-24.466075047198785
2.13,-24.422332236332288
2.1310000000000002,-24.3785874396445
2.132,-24.33484065713546
2.133,-24.291091888805077
2.134,-24.247341134653443
2.1350000000000002,-24.203588394680484
2.136,-24.159833668886247
2.137,-24.116076957270735
2.138,-24.072318259833878
2.1390000000000002,-24.028557576575775
2.14,-23.984794907496372
2.141,-23.94103025259566
2.142,-23.897263611873665
2.1430000000000002,-23.853494985330368
2.144,-23.809724372965743
2.145,-23.76595177477987
2.146,-23.72217719077271
2.1470000000000002,-23.678400620944178
2.148,-23.634622065294444
2.149,-23.59084152382338
2.15,-23.547058996530996
2.1510000000000002,-23.503274483417325
2.152,-23.45948798448237
2.153,-23.415699499726138
2.154,-23.37190902914859
2.1550000000000002,-23.328116572749725
2.156,-23.284322130529574
2.157,-23.24052570248817
2.158,-23.19672728862543
2.1590000000000003,-23.15292688894134
2.16,-23.109124503436067
2.161,-23.065320132109434
2.162,-23.021513774961548
2.1630000000000003,-22.977705431992323
2.164,-22.933895103201827
2.165,-22.890082788589993
2.166,-22.846268488156905
2.1670000000000003,-22.802452201902515
2.168,-22.758633929826853
2.169,-22.714813671929917
2.17,-22.670991428211636
2.1710000000000003,-22.62716719867208
2.172,-22.583340983311224
2.173,-22.53951278212906
2.174,-22.49568259512564
2.1750000000000003,-22.451850422300883
2.176,-22.40801626365486
2.177,-22.364180119187537
2.178,-22.320341988898953
2.179,-22.276501872788995
2.18,-22.23265977085778
2.181,-22.188815683105283
2.182,-22.144969609531447
2.183,-22.101121550136387
2.184,-22.05727150491997
2.185,-22.013419473882287
2.186,-21.969565457023315
2.187,-21.925709454343004
2.188,-21.881851465841414
2.189,-21.837991491518558
2.19,-21.79412953137439
2.191,-21.750265585408915
2.192,-21.706399653622167
2.193,-21.662531736014095
2.194,-21.618661832584735
2.195,-21.574789943334093
2.196,-21.530916068262123
2.197,-21.487040207368892
2.198,-21.44316236065438
2.199,-21.399282528118558
2.2,-21.35540070976143
2.201,-21.31151690558304
2.202,-21.267631115583328
2.203,-21.223743339762347
2.204,-21.17985357812006
2.205,-21.135961830656434
2.206,-21.092068097371598
2.207,-21.048172378265424
2.208,-21.004274673337914
2.209,-20.960374982589187
2.21,-20.9164733060191
2.211,-20.87256964362773
2.212,-20.82866399541507
2.213,-20.784756361381156
2.214,-20.74084674152589
2.215,-20.696935135849355
2.216,-20.653021544351528
2.217,-20.609105967032384
2.218,-20.565188403891995
2.219,-20.521268854930252
2.22,-20.477347320147203
2.221,-20.433423799542915
2.222,-20.389498293117303
2.223,-20.345570800870398
2.224,-20.301641322802194
2.225,-20.257709858912733
2.226,-20.213776409201884
2.227,-20.169840973669828
2.228,-20.12590355231643
2.229,-20.081964145141725
2.23,-20.03802275214581
2.231,-19.994079373328518
2.232,-19.950134008689954
2.233,-19.906186658230105
2.234,-19.86223732194898
2.235,-19.818285999846537
2.236,-19.7743326919228
2.237,-19.730377398177794
2.238,-19.686420118611448
2.239,-19.642460853223852
2.24,-19.59849960201493
2.241,-19.554536364984692
2.242,-19.510571142133237
2.243,-19.466603933460405
2.244,-19.422634738966337
2.245,-19.378663558650956
2.246,-19.33469039251428
2.247,-19.29071524055631
2.248,-19.246738102777012
2.249,-19.20275897917646
2.25,-19.1587778697546
2.251,-19.114794774511452
2.2520000000000002,-19.070809693446968
2.253,-19.026822626561255
2.254,-18.98283357385419
2.255,-18.938842535325804
2.2560000000000002,-18.894849510976204
2.257,-18.850854500805234
2.258,-18.80685750481303
2.259,-18.762858522999508
2.2600000000000002,-18.71885755536468
2.261,-18.674854601908564
2.262,-18.630849662631153
2.263,-18.58684273753248
2.2640000000000002,-18.542833826612434
2.265,-18.498822929871174
2.266,-18.454810047308584
2.267,-18.41079517892473
2.2680000000000002,-18.366778324719554
2.269,-18.322759484693066
2.27,-18.27873865884531
2.271,-18.234715847176258
2.2720000000000002,-18.190691049685885
2.273,-18.146664266374266
2.274,-18.102635497241344
2.275,-18.0586047422871
2.2760000000000002,-18.014572001511553
2.277,-17.970537274914747
2.278,-17.926500562496617
2.279,-17.88246186425722
2.2800000000000002,-17.8384211801965
2.281,-17.794378510314523
2.282,-17.750333854611213
2.283,-17.706287213086608
2.2840000000000003,-17.662238585740702
2.285,-17.618187972573523
2.286,-17.57413537358502
2.287,-17.53008078877522
2.2880000000000003,-17.486024218144156
2.289,-17.441965661691775
2.29,-17.39790511941809
2.291,-17.35384259132317
2.2920000000000003,-17.309778077406875
2.293,-17.265711577669336
2.294,-17.2216430921105
2.295,-17.177572620730373
2.2960000000000003,-17.133500163528907
2.297,-17.089425720506203
2.298,-17.045349291662173
2.299,-17.00127087699688
2.3000000000000003,-16.957190476510284
2.301,-16.913108090202314
2.302,-16.869023718073162
2.303,-16.82493736012266
2.3040000000000003,-16.78084901635082
2.305,-16.73675868675777
2.306,-16.692666371343396
2.307,-16.64857207010773
2.308,-16.60447578305076
2.309,-16.560377510172543
2.31,-16.516277251472946
2.311,-16.472175006952114
2.312,-16.42807077660999
2.313,-16.38396456044649
2.314,-16.339856358461798
2.315,-16.2957461706557
2.316,-16.251633997028403
2.317,-16.207519837579753
2.318,-16.163403692309796
2.319,-16.119285561218604
2.32,-16.07516544430609
2.321,-16.031043341572275
2.322,-15.986919253017152
2.323,-15.942793178640798
2.324,-15.898665118443093
2.325,-15.854535072424072
2.326,-15.810403040583827
2.327,-15.766269022922232
2.328,-15.72213301943937
2.329,-15.677995030135184
2.33,-15.633855055009732
2.331,-15.589713094062958
2.332,-15.545569147294923
2.333,-15.501423214705557
2.334,-15.457275296294924
2.335,-15.41312539206304
2.336,-15.368973502009776
2.337,-15.324819626135273
2.338,-15.28066376443946
2.339,-15.236505916922328
2.34,-15.19234608358396
2.341,-15.148184264424234
2.342,-15.104020459443243
2.343,-15.059854668640956
2.344,-15.015686892017374
2.345,-14.971517129572469
2.346,-14.927345381306269
2.347,-14.88317164721883
2.348,-14.838995927310048
2.349,-14.794818221579991
2.35,-14.750638530028626
2.351,-14.706456852655965
2.352,-14.662273189462038
2.353,-14.618087540446759
2.354,-14.573899905610213
2.355,-14.529710284952401
2.356,-14.485518678473273
2.357,-14.4413250861728
2.358,-14.397129508051131
2.359,-14.352931944108082
2.36,-14.308732394343739
2.361,-14.264530858758171
2.362,-14.220327337351224
2.363,-14.176121830123066
2.364,-14.131914337073592
2.365,-14.087704858202802
2.366,-14.043493393510731
2.367,-13.999279942997365
2.368,-13.955064506662705
2.369,-13.91084708450672
2.37,-13.866627676529498
2.371,-13.822406282730924
2.372,-13.77818290311112
2.373,-13.733957537669955
2.374,-13.689730186407497
2.375,-13.64550084932377
2.376,-13.60126952641875
2.3770000000000002,-13.5570362176924
2.378,-13.512800923144797
2.379,-13.468563642775926
2.38,-13.424324376585705
2.3810000000000002,-13.380083124574202
2.382,-13.335839886741406
2.383,-13.291594663087285
2.384,-13.247347453611926
2.3850000000000002,-13.203098258315215
2.386,-13.158847077197239
2.387,-13.114593910257966
2.388,-13.0703387574974
2.3890000000000002,-13.026081618915494
2.39,-12.981822494512352
2.391,-12.937561384287886
2.392,-12.89329828824211
2.3930000000000002,-12.849033206375097
2.394,-12.804766138686746
2.395,-12.760497085177114
2.396,-12.71622604584623
2.3970000000000002,-12.671953020693966
2.398,-12.627678009720492
2.399,-12.58340101292568
2.4,-12.539122030309588
2.4010000000000002,-12.494841061872158
2.402,-12.450558107613462
2.403,-12.406273167533485
2.404,-12.361986241632213
2.4050000000000002,-12.317697329909631
2.406,-12.273406432365698
2.407,-12.22911354900057
2.408,-12.184818679814104
2.4090000000000003,-12.140521824806314
2.41,-12.096222983977286
2.411,-12.051922157326963
2.412,-12.007619344855332
2.4130000000000003,-11.963314546562362
2.414,-11.91900776244814
2.415,-11.874698992512581
2.416,-11.830388236755756
2.4170000000000003,-11.786075495177634
2.418,-11.74176076777819
2.419,-11.697444054557508
2.42,-11.65312535551546
2.4210000000000003,-11.608804670652187
2.422,-11.56448199996755
2.423,-11.52015734346163
2.424,-11.47583070113443
2.4250000000000003,-11.431502072985992
2.426,-11.387171459016203
2.427,-11.342838859225147
2.428,-11.298504273612838
2.4290000000000003,-11.25416770217912
2.43,-11.209829144924166
2.431,-11.165488601847958
2.432,-11.121146072950399
2.433,-11.076801558231558
2.434,-11.032455057691424
2.435,-10.988106571330007
2.436,-10.943756099147254
2.437,-10.89940364114322
2.438,-10.855049197317934
2.439,-10.810692767671323
2.44,-10.766334352203433
2.441,-10.721973950914261
2.442,-10.677611563803753
2.443,-10.633247190871963
2.444,-10.588880832118893
2.445,-10.54451248754454
2.446,-10.50014215714881
2.447,-10.455769840931826
2.448,-10.411395538893576
2.449,-10.367019251034044
2.45,-10.322640977353105
2.451,-10.27826071785097
2.452,-10.233878472527525
2.453,-10.189494241382757
2.454,-10.145108024416752
2.455,-10.100719821629408
2.456,-10.056329633020784
2.457,-10.011937458590864
2.458,-9.967543298339608
2.459,-9.923147152267127
2.46,-9.87874902037331
2.461,-9.834348902658252
2.462,-9.78994679912183
2.463,-9.74554270976417
2.464,-9.701136634585172
2.465,-9.656728573584893
2.466,-9.612318526763334
2.467,-9.567906494120436
2.468,-9.523492475656315
2.469,-9.479076471370828
2.47,-9.434658481264075
2.471,-9.390238505336054
2.472,-9.345816543586697
2.473,-9.301392596016072
2.474,-9.256966662624125
2.475,-9.212538743410938
2.476,-9.168108838376387
2.477,-9.12367694752064
2.478,-9.07924307084347
2.479,-9.034807208345018
2.48,-8.990369360025372
2.481,-8.945929525884331
2.482,-8.901487705921996
2.483,-8.857043900138422
2.484,-8.812598108533567
2.485,-8.768150331107346
2.486,-8.723700567859845
2.487,-8.67924881879112
2.488,-8.634795083901029
2.489,-8.590339363189713
2.49,-8.545881656657018
2.491,-8.501421964303084
2.492,-8.456960286127842
2.493,-8.412496622131275
2.494,-8.368030972313486
2.495,-8.323563336674358
2.496,-8.279093715213907
2.497,-8.234622107932218
2.498,-8.190148514829191
2.499,-8.145672935904855
2.5,-8.101195371159296
2.501,-8.056715820592398
2.5020000000000002,-8.012234284204164
2.503,-7.967750761994731
2.504,-7.923265253963938
2.505,-7.87877776011185
2.5060000000000002,-7.834288280438491
2.507,-7.789796814943851
2.508,-7.745303363627855
2.509,-7.700807926490598
2.5100000000000002,-7.656310503532079
2.511,-7.611811094752178
2.512,-7.567309700151086
2.513,-7.522806319728622
2.5140000000000002,-7.47830095348482
2.515,-7.43379360141981
2.516,-7.389284263533511
2.517,-7.34477293982588
2.5180000000000002,-7.300259630296953
2.519,-7.255744334946788
2.52,-7.211227053775248
2.521,-7.166707786782457
2.5220000000000002,-7.122186533968341
2.523,-7.077663295332931
2.524,-7.033138070876305
2.525,-6.9886108605982695
2.5260000000000002,-6.944081664499079
2.527,-6.899550482578481
2.528,-6.855017314836616
2.529,-6.810482161273476
2.5300000000000002,-6.765945021889005
2.531,-6.721405896683274
2.532,-6.6768647856562335
2.533,-6.6323216888079415
2.5340000000000003,-6.587776606138252
2.535,-6.543229537647342
2.536,-6.498680483335164
2.537,-6.454129443201621
2.5380000000000003,-6.409576417246823
2.539,-6.365021405470747
2.54,-6.320464407873375
2.541,-6.275905424454638
2.5420000000000003,-6.231344455214618
2.543,-6.186781500153334
2.544,-6.142216559270754
2.545,-6.097649632566879
2.5460000000000003,-6.053080720041665
2.547,-6.008509821695229
2.548,-5.963936937527455
2.549,-5.919362067538373
2.5500000000000003,-5.8747852117280495
2.551,-5.830206370096377
2.552,-5.7856255426434515
2.553,-5.741042729369218
2.5540000000000003,-5.696457930273672
2.555,-5.65187114535682
2.556,-5.607282374618714
2.557,-5.562691618059301
2.5580000000000003,-5.518098875678561
2.559,-5.4735041474766
2.56,-5.428907433453286
2.561,-5.384308733608707
2.562,-5.339708047942802
2.563,-5.295105376455604
2.564,-5.250500719147153
2.565,-5.2058940760173655
2.566,-5.161285447066353
2.567,-5.11667483229396
2.568,-5.072062231700315
2.569,-5.027447645285376
2.57,-4.982831073049084
2.571,-4.938212514991568
2.572,-4.893591971112729
2.573,-4.84896944141261
2.574,-4.804344925891195
2.575,-4.759718424548456
2.576,-4.7150899373844375
2.577,-4.670459464399096
2.578,-4.625827005592473
2.579,-4.581192560964597
2.58,-4.536556130515384
2.581,-4.491917714244849
2.582,-4.4472773121531315
2.583,-4.40263492423999
2.584,-4.357990550505583
2.585,-4.313344190949968
2.586,-4.2686958455729425
2.587,-4.22404551437465
2.588,-4.179393197355106
2.589,-4.134738894514282
2.59,-4.090082605852134
2.591,-4.045424331368675
2.592,-4.000764071063966
2.593,-3.9561018249379334
2.594,-3.911437592990632
2.595,-3.866771375221987
2.596,-3.822103171632092
2.597,-3.7774329822208657
2.598,-3.7327608069883573
2.599,-3.688086645934584
2.6,-3.6434104990594416
2.601,-3.5987323663630497
2.602,-3.554052247845376
2.603,-3.5093701435064064
2.604,-3.4646860533460995
2.605,-3.4199999773645793
2.606,-3.3753119155617273
2.607,-3.3306218679374973
2.608,-3.285929834492097
2.609,-3.2412358152253313
2.61,-3.1965398101372697
2.611,-3.151841819227927
2.612,-3.1071418424972865
2.613,-3.0624398799453516
2.614,-3.0177359315721177
2.615,-2.9730299973775853
2.616,-2.928322077361734
2.617,-2.883612171524622
2.618,-2.838900279866215
2.619,-2.7941864023864413
2.62,-2.7494705390855025
2.621,-2.7047526899631986
2.622,-2.660032855019664
2.623,-2.615311034254777
2.624,-2.570587227668591
2.625,-2.5258614352611763
2.626,-2.4811336570323816
2.6270000000000002,-2.4364038929822915
2.628,-2.391672143110964
2.629,-2.3469384074183273
2.63,-2.3022026859043385
2.6310000000000002,-2.257464978569154
2.632,-2.2127252854125756
2.633,-2.1679836064347304
2.634,-2.123239941635633
2.6350000000000002,-2.0784942910152115
2.636,-2.033746654573482
2.637,-1.9889970323104853
2.638,-1.9442454242262366
2.6390000000000002,-1.8994918303205923
2.64,-1.8547362505937168
2.641,-1.8099786850455348
2.642,-1.7652191336760266
2.6430000000000002,-1.7204575964852258
2.644,-1.6756940734731793
2.645,-1.6309285646397833
2.646,-1.5861610699851008
2.6470000000000002,-1.5413915895091401
2.648,-1.4966201232118463
2.649,-1.4518466710932918
2.65,-1.4070712331534467
2.6510000000000002,-1.3622938093922947
2.652,-1.3175143998098877
2.653,-1.2727330044061267
2.654,-1.2279496231811302
2.6550000000000002,-1.1831642561348121
2.656,-1.1383769032671842
2.657,-1.0935875645783133
2.658,-1.0487962400681228
2.6590000000000003,-1.0040029297365938
2.66,-0.9592076335838177
2.661,-0.914410351609699
2.662,-0.8696110838143252
2.6630000000000003,-0.8248098301976162
2.664,-0.7800065907596704
2.665,-0.7352013655003918
2.666,-0.6903941544198546
2.6670000000000003,-0.6455849575179902
2.668,-0.6007737747948363
2.669,-0.5559606062504013
2.67,-0.511145451884686
2.6710000000000003,-0.4663283116976512
2.672,-0.42150918568928825
2.673,-0.37668807385968855
2.674,-0.33186497620873545
2.6750000000000003,-0.2870398927365024
2.676,-0.24221282344298806
2.677,-0.19738376832815177
2.678,-0.1525527273920753
2.6790000000000003,-0.10771970063462027
2.68,-0.06288468805596818
2.681,-0.01804768965596535
2.682,0.026791294565318285
2.6830000000000003,0.07163226460791199
2.684,0.11647522047179816
2.685,0.16132016215695366
2.686,0.16132016215695366
2.6870000000000003,0.16119187332683413
2.688,0.16106557031789193
2.689,0.16094125313034874
2.69,0.16081892176405677
2.691,0.16069857621903313
2.692,0.16058021649538387
2.693,0.16046384259297614
2.694,0.16034945451188057
2.695,0.16023705225205054
2.696,0.16012663581355643
2.697,0.16001820519638235
2.698,0.15991176040040803
2.699,0.15980730142579944
