x-coordinate,Mz
0.0,0.0
0.001,-4.0715370297352266e-06
0.002,-1.221461108920568e-05
0.003,-2.4429222178411356e-05
0.004,-4.071537029735226e-05
0.005,-6.10730554460284e-05
0.006,-8.550227762443975e-05
0.007,-0.00011400303683258635
0.008,-0.00014657533307046818
0.009000000000000001,-0.00018321916633808524
0.01,-0.00022393453663543746
0.011,-0.00026872144396252487
0.012,-0.0003175798883193477
0.013000000000000001,-0.00037050986970590564
0.014,-0.0004275113881221988
0.015,-0.0004885844435682272
0.016,-0.0005537290360439909
0.017,-0.0006229451655494898
0.018000000000000002,-0.000696232832084724
0.019,-0.0007735920356496931
0.02,-0.0008550227762443976
0.021,-0.0009405250538688376
0.022,-0.001030098868523012
0.023,-0.0011237442202069224
0.024,-0.0012214611089205682
0.025,-0.0013232495346639488
0.026000000000000002,-0.0014291094974370649
0.027,-0.0015390409972399156
0.028,-0.0016530440340725022
0.029,-0.0017711186079348237
0.03,-0.0018932647188268802
0.031,-0.002019482366748672
0.032,-0.0021497715517002
0.033,-0.0022841322736814624
0.034,-0.0024225645326924603
0.035,-0.0025650683287331937
0.036000000000000004,-0.002711643661803662
0.037,-0.0028622905319038642
0.038,-0.0030170089390338032
0.039,-0.0031757988831934776
0.04,-0.0033386603643828865
0.041,-0.003505593382602031
0.042,-0.003676597937850911
0.043000000000000003,-0.003851674030129526
0.044,-0.004030821659437874
0.045,-0.004214040825775958
0.046,-0.004401331529143779
0.047,-0.004592693769541335
0.048,-0.004788127546968626
0.049,-0.004987632861425653
0.05,-0.005191209712912414
0.051000000000000004,-0.005398858101428911
0.052000000000000005,-0.0056105780269751415
0.053,-0.005826369489551108
0.054,-0.006046232489156811
0.055,-0.006270167025792248
0.056,-0.006498173099457421
0.057,-0.006730250710152329
0.058,-0.006966399857876973
0.059000000000000004,-0.007206620542631352
0.06,-0.007450912764415464
0.061,-0.007699276523229313
0.062,-0.007951711819072897
0.063,-0.008208218651946216
0.064,-0.00846879702184927
0.065,-0.00873344692878206
0.066,-0.009002168372744587
0.067,-0.009274961353736847
0.068,-0.009551825871758844
0.069,-0.009832761926810573
0.07,-0.010117769518892039
0.07100000000000001,-0.010406848648003241
0.07200000000000001,-0.010699999314144178
0.073,-0.010997221517314843
0.074,-0.01129851525751525
0.075,-0.011603880534745394
0.076,-0.01191331734900527
0.077,-0.012226825700294883
0.078,-0.012544405588614232
0.079,-0.012866057013963315
0.08,-0.013191779976342135
0.081,-0.013521574475750689
0.082,-0.013855440512188977
0.083,-0.014193378085657
0.084,-0.014535387196154761
0.085,-0.014881467843682255
0.08600000000000001,-0.015231620028239485
0.08700000000000001,-0.01558584374982645
0.088,-0.01594413900844314
0.089,-0.01630650580408958
0.09,-0.01667294413676575
0.091,-0.017043454006471656
0.092,-0.017418035413207297
0.093,-0.017796688356972675
0.094,-0.018179412837767785
0.095,-0.01856620885559263
0.096,-0.01895707641044721
0.097,-0.01935201550233153
0.098,-0.019751026131245585
0.099,-0.02015410829718937
0.1,-0.020561262000162898
0.101,-0.020972487240166156
0.10200000000000001,-0.02138778401719915
0.10300000000000001,-0.02180715233126188
0.10400000000000001,-0.02223059218235434
0.105,-0.022658103570476536
0.106,-0.023089686495628464
0.107,-0.023525340957810132
0.108,-0.023965066957021542
0.109,-0.02440886449326268
0.11,-0.02485673356653355
0.111,-0.025308674176834165
0.112,-0.025764686324164513
0.113,-0.02622477000852459
0.114,-0.02668892522991441
0.115,-0.02715715198833396
0.116,-0.027629450283783247
0.117,-0.028105820116262274
0.11800000000000001,-0.02858626148577103
0.11900000000000001,-0.029070774392309522
0.12,-0.02955935883587774
0.121,-0.030052014816475705
0.122,-0.030548742334103405
0.123,-0.031049541388760832
0.124,-0.031554411980448005
0.125,-0.03206335410916491
0.126,-0.03257636777491154
0.127,-0.03309345297768792
0.128,-0.03361460971749402
0.129,-0.034139837994329875
0.13,-0.03466913780819545
0.131,-0.03520250915909076
0.132,-0.03573995204701582
0.133,-0.03628146647197061
0.134,-0.03682705243395512
0.135,-0.037376709932969376
0.136,-0.037930438969013366
0.137,-0.038488239542087105
0.138,-0.03905011165219055
0.139,-0.03961605529932376
0.14,-0.040186070483486686
0.14100000000000001,-0.04076015720467936
0.14200000000000002,-0.041338315462901766
0.14300000000000002,-0.04192054525815389
0.14400000000000002,-0.04250684659043577
0.145,-0.043097219459747364
0.146,-0.043691663866088706
0.147,-0.04429017980945978
0.148,-0.04489276728986059
0.149,-0.04549942630729115
0.15,-0.046110156861751427
0.151,-0.04672495895324145
0.152,-0.047343832581761204
0.153,-0.047966777747310695
0.154,-0.047966777747310695
0.155,-0.035095895016589905
0.156,-0.02222908382289886
0.157,-0.009366344166237547
0.158,0.0034923239533940285
0.159,0.01634692053599587
0.16,0.02919744558156799
0.161,0.04204389909011037
0.162,0.05488628106162302
0.163,0.06772459149610595
0.164,0.0805588303935591
0.165,0.09338899775398254
0.166,0.10621509357737624
0.167,0.1190371178637402
0.168,0.1318550706130744
0.169,0.14466895182537887
0.17,0.15747876150065365
0.171,0.1702844996388987
0.17200000000000001,0.18308616624011398
0.17300000000000001,0.19588376130429955
0.17400000000000002,0.2086772848314553
0.17500000000000002,0.22146673682158144
0.176,0.23425211727467773
0.177,0.247033426190744
0.178,0.2598106635697809
0.179,0.27258382941178805
0.18,0.2853529237167654
0.181,0.29811794648471307
0.182,0.31087889771563104
0.183,0.32363577740951927
0.184,0.3363885855663777
0.185,0.34913732218620647
0.186,0.36188198726900545
0.187,0.3746225808147748
0.188,0.38735910282351427
0.189,0.400091553295224
0.19,0.4128199322299041
0.191,0.4255442396275544
0.192,0.43826447548817493
0.193,0.45098063981176584
0.194,0.46369273259832694
0.195,0.4764007538478584
0.196,0.48910470356035995
0.197,0.5018045817358319
0.198,0.514500388374274
0.199,0.5271921234756864
0.2,0.539879787040069
0.201,0.552563379067422
0.202,0.5652428995577453
0.203,0.5779183485110388
0.20400000000000001,0.5905897259273026
0.20500000000000002,0.6032570318065367
0.20600000000000002,0.615920266148741
0.20700000000000002,0.6285794289539154
0.20800000000000002,0.6412345202220602
0.209,0.6538855399531753
0.21,0.6665324881472604
0.211,0.6791753648043161
0.212,0.691814169924342
0.213,0.704448903507338
0.214,0.7170795655533044
0.215,0.7297061560622412
0.216,0.7423286750341481
0.217,0.7549471224690252
0.218,0.7675614983668727
0.219,0.7801718027276905
0.22,0.7927780355514785
0.221,0.8053801968382367
0.222,0.8179782865879652
0.223,0.830572304800664
0.224,0.8431622514763331
0.225,0.8557481266149723
0.226,0.868329930216582
0.227,0.8809076622811619
0.228,0.893481322808712
0.229,0.9060509117992324
0.23,0.9186164292527229
0.231,0.9311778751691839
0.232,0.9437352495486151
0.233,0.9562885523910166
0.234,0.9688377836963882
0.23500000000000001,0.9813829434647301
0.23600000000000002,0.9939240316960425
0.23700000000000002,1.006461048390325
0.23800000000000002,1.0189939935475776
0.23900000000000002,1.0315228671678007
0.24,1.044047669250994
0.241,1.056568399797157
0.242,1.0690850588062908
0.243,1.081597646278395
0.244,1.0941061622134691
0.245,1.1066106066115136
0.246,1.1191109794725285
0.247,1.1316072807965136
0.248,1.144099510583469
0.249,1.1565876688333951
0.25,1.169071755546291
0.251,1.1815517707221572
0.252,1.1940277143609939
0.253,1.2064995864628005
0.254,1.2189673870275777
0.255,1.2314311160553248
0.256,1.2438907735460423
0.257,1.2563463594997302
0.258,1.268797873916388
0.259,1.2812453167960163
0.26,1.293688688138615
0.261,1.3061279879441836
0.262,1.3185632162127225
0.263,1.330994372944232
0.264,1.3434214581387116
0.265,1.3558444717961617
0.266,1.3682634139165821
0.267,1.3806782844999725
0.268,1.3930890835463334
0.269,1.4054958110556643
0.27,1.4178984670279655
0.271,1.4302970514632372
0.272,1.4426915643614788
0.273,1.4550820057226908
0.274,1.4674683755468731
0.275,1.4798506738340256
0.276,1.4922289005841485
0.277,1.5046030557972414
0.278,1.5169731394733046
0.279,1.5293391516123382
0.28,1.541701092214342
0.281,1.5540589612793163
0.28200000000000003,1.566412758807261
0.28300000000000003,1.5787624847981756
0.28400000000000003,1.5911081392520607
0.28500000000000003,1.603449722168916
0.28600000000000003,1.6157872335487413
0.28700000000000003,1.6281206733915372
0.28800000000000003,1.6404500416973031
0.289,1.6527753384660393
0.29,1.665096563697745
0.291,1.677413717392422
0.292,1.689726799550069
0.293,1.702035810170686
0.294,1.7143407492542737
0.295,1.7266416168008316
0.296,1.7389384128103598
0.297,1.7512311372828577
0.298,1.7635197902183266
0.299,1.7758043716167657
0.3,1.788084881478175
0.301,1.8003613198025543
0.302,1.8126336865899042
0.303,1.8249019818402241
0.304,1.8371662055535143
0.305,1.8494263577297747
0.306,1.8616824383690058
0.307,1.8739344474712067
0.308,1.886182385036378
0.309,1.8984262510645193
0.31,1.910666045555631
0.311,1.9229017685097136
0.312,1.9351334199267658
0.313,1.9473609998067882
0.314,1.959584508149781
0.315,1.971803944955746
0.316,1.9840193102246784
0.317,1.9962306039565818
0.318,2.008437826151456
0.319,2.0206409768093
0.32,2.032840055930114
0.321,2.045035063513899
0.322,2.0572259995606546
0.323,2.0694128640703795
0.324,2.081595657043075
0.325,2.0937743784787406
0.326,2.1059490283773767
0.327,2.1181196067389827
0.328,2.13028611356356
0.329,2.1424485488511062
0.33,2.1546069126016234
0.331,2.1667612048151104
0.332,2.178911425491568
0.333,2.191057574630996
0.334,2.203199652233394
0.335,2.2153376582987625
0.336,2.2274715928271007
0.337,2.2396014558184096
0.338,2.2517272472726884
0.339,2.263848967189938
0.34,2.275966615570158
0.341,2.2880801924133483
0.342,2.3001896977195084
0.343,2.3122951314886393
0.34400000000000003,2.3243964937207404
0.34500000000000003,2.336493784415812
0.34600000000000003,2.348587003573853
0.34700000000000003,2.360676151194865
0.34800000000000003,2.3727612272788465
0.34900000000000003,2.384842231825799
0.35000000000000003,2.396919164835722
0.35100000000000003,2.4089920263086144
0.352,2.4210608162444776
0.353,2.43312553464331
0.354,2.4451861815051137
0.355,2.457242756829887
0.356,2.4692952606176313
0.357,2.481343692868345
0.358,2.49338805358203
0.359,2.5054283427586848
0.36,2.51746456039831
0.361,2.529496706500905
0.362,2.5415247810664705
0.363,2.5535487840950064
0.364,2.5655687155865126
0.365,2.577584575540989
0.366,2.589596363958435
0.367,2.601604080838852
0.368,2.613607726182239
0.369,2.625607299988596
0.37,2.637602802257924
0.371,2.649594232990222
0.372,2.6615815921854895
0.373,2.673564879843728
0.374,2.6855440959649366
0.375,2.6975192405491164
0.376,2.7094903135962656
0.377,2.7214573151063854
0.378,2.7334202450794756
0.379,2.7453791035155355
0.38,2.757333890414566
0.381,2.769284605776567
0.382,2.781231249601538
0.383,2.793173821889479
0.384,2.8051123226403907
0.385,2.817046751854272
0.386,2.8289771095311247
0.387,2.8409033956709466
0.388,2.8528256102737393
0.389,2.8647437533395017
0.39,2.876657824868235
0.391,2.888567824859938
0.392,2.900473753314612
0.393,2.9123756102322558
0.394,2.9242733956128695
0.395,2.936167109456454
0.396,2.948056751763008
0.397,2.9599423225325334
0.398,2.971823821765028
0.399,2.9837012494604935
0.4,2.9955746056189287
0.401,3.0074438902403346
0.402,3.0193091033247104
0.403,3.031170244872057
0.404,3.043027314882373
0.405,3.05488031335566
0.406,3.0667292402919166
0.40700000000000003,3.0785740956911445
0.40800000000000003,3.0904148795533426
0.40900000000000003,3.1022515918785105
0.41000000000000003,3.114084232666649
0.41100000000000003,3.1259128019177576
0.41200000000000003,3.1377372996318367
0.41300000000000003,3.149557725808886
0.41400000000000003,3.1613740804489057
0.41500000000000004,3.173186363551895
0.41600000000000004,3.184994575117855
0.417,3.196798715146785
0.418,3.2085987836386862
0.419,3.2203947805935567
0.42,3.232186706011398
0.421,3.2439745598922087
0.422,3.2557583422359904
0.423,3.267538053042742
0.424,3.2793136923124644
0.425,3.291085260045157
0.426,3.302852756240819
0.427,3.314616180899452
0.428,3.3263755340210546
0.429,3.3381308156056284
0.43,3.3498820256531716
0.431,3.3616291641636855
0.432,3.373372231137169
0.433,3.3851112265736236
0.434,3.396846150473048
0.435,3.408577002835443
0.436,3.420303783660808
0.437,3.4320264929491433
0.438,3.4437451307004485
0.439,3.4554596969147244
0.44,3.4671701915919706
0.441,3.4788766147321875
0.442,3.4905789663353746
0.443,3.5022772464015315
0.444,3.513971454930659
0.445,3.525661591922757
0.446,3.537347657377825
0.447,3.549029651295863
0.448,3.5607075736768716
0.449,3.57238142452085
0.45,3.584051203827799
0.451,3.595716911597718
0.452,3.607378547830608
0.453,3.619036112526467
0.454,3.6306896056852977
0.455,3.6423390273070986
0.456,3.6539843773918683
0.457,3.6656256559396097
0.458,3.67726286295032
0.459,3.6888959984240017
0.46,3.7005250623606534
0.461,3.712150054760275
0.462,3.723770975622867
0.463,3.735387824948429
0.464,3.7470006027369616
0.465,3.758609308988465
0.466,3.770213943702937
0.467,3.781814506880381
0.468,3.7934109985207938
0.46900000000000003,3.80500341862418
0.47000000000000003,3.816591767190535
0.47100000000000003,3.8281760442198567
0.47200000000000003,3.8397562497121522
0.47300000000000003,3.8513323836674194
0.47400000000000003,3.8629044460856523
0.47500000000000003,3.874472436966857
0.47600000000000003,3.886036356311036
0.47700000000000004,3.8975962041181798
0.47800000000000004,3.9091519803882955
0.47900000000000004,3.9207036851213837
0.48,3.932251318317438
0.481,3.9437948799764664
0.482,3.955334370098461
0.483,3.9668697886834305
0.484,3.9784011357313696
0.485,3.989928411242278
0.486,4.0014516152161566
0.487,4.0129707476530045
0.488,4.024485808552822
0.489,4.035996797915612
0.49,4.047503715741372
0.491,4.0590065620301
0.492,4.0705053367818005
0.493,4.082000039996471
0.494,4.093490671674112
0.495,4.104977231814723
0.496,4.1164597204183035
0.497,4.127938137484856
0.498,4.139412483014377
0.499,4.150882757006869
0.5,4.1623489594623315
0.501,4.173811090380764
0.502,4.185269149762167
0.503,4.19672313760654
0.504,4.208173053913883
0.505,4.219618898684197
0.506,4.23106067191748
0.507,4.242498373613735
0.508,4.253932003772959
0.509,4.265361562395153
0.51,4.276787049480318
0.511,4.288208465028453
0.512,4.299625809039558
0.513,4.311039081513633
0.514,4.322448282450679
0.515,4.333853411850695
0.516,4.345254469713681
0.517,4.356651456039638
0.518,4.368044370828565
0.519,4.379433214080462
0.52,4.390817985795329
0.521,4.4021986859731665
0.522,4.413575314613975
0.523,4.424947871717753
0.524,4.436316357284501
0.525,4.447680771314219
0.526,4.459041113806909
0.527,4.470397384762569
0.528,4.481749584181198
0.529,4.493097712062798
0.53,4.504441768407368
0.531,4.515781753214909
0.532,4.52711766648542
0.533,4.538449508218901
0.534,4.549777278415352
0.535,4.561100977074773
0.536,4.572420604197165
0.537,4.583736159782527
0.538,4.595047643830859
0.539,4.606355056342162
0.54,4.6176583973164345
0.541,4.628957666753678
0.542,4.640252864653891
0.543,4.651543991017074
0.544,4.6628310458432285
0.545,4.674114029132352
0.546,4.685392940884447
0.547,4.69666778109951
0.548,4.707938549777546
0.549,4.719205246918551
0.55,4.730467872522526
0.551,4.741726426589471
0.552,4.752980909119387
0.553,4.764231320112273
0.554,4.77547765956813
0.555,4.786719927486955
0.556,4.797958123868753
0.557,4.8091922487135195
0.558,4.8204223020212575
0.559,4.831648283791964
0.56,4.842870194025642
0.561,4.8540880327222915
0.562,4.86530179988191
0.5630000000000001,4.876511495504499
0.5640000000000001,4.887717119590057
0.5650000000000001,4.898918672138588
0.5660000000000001,4.910116153150088
0.5670000000000001,4.9213095626245575
0.5680000000000001,4.932498900561997
0.5690000000000001,4.943684166962408
0.5700000000000001,4.954865361825789
0.5710000000000001,4.9660424851521405
0.5720000000000001,4.97721553694146
0.5730000000000001,4.988384517193753
0.5740000000000001,4.999549425909014
0.5750000000000001,5.010710263087247
0.5760000000000001,5.021867028728448
0.577,5.033019722832621
0.578,5.044168345399764
0.579,5.055312896429878
0.58,5.06645337592296
0.581,5.077589783879014
0.582,5.088722120298037
0.583,5.099850385180032
0.584,5.110974578524996
0.585,5.12209470033293
0.586,5.133210750603835
0.587,5.144322729337709
0.588,5.155430636534556
0.589,5.166534472194371
0.59,5.1776342363171555
0.591,5.188729928902912
0.592,5.199821549951638
0.593,5.210909099463336
0.594,5.221992577438003
0.595,5.233071983875639
0.596,5.244147318776248
0.597,5.255218582139825
0.598,5.2662857739663735
0.599,5.277348894255892
0.6,5.288407943008382
0.601,5.29946292022384
0.602,5.3105138259022695
0.603,5.321560660043669
0.604,5.332603422648038
0.605,5.343642113715379
0.606,5.3546767332456895
0.607,5.365707281238969
0.608,5.37673375769522
0.609,5.387756162614441
0.61,5.3987744959966335
0.611,5.409788757841794
0.612,5.420798948149926
0.613,5.431805066921028
0.614,5.4428071141551
0.615,5.453805089852143
0.616,5.464798994012154
0.617,5.475788826635137
0.618,5.486774587721091
0.619,5.497756277270013
0.62,5.508733895281908
0.621,5.519707441756771
0.622,5.530676916694606
0.623,5.541642320095411
0.624,5.552603651959185
0.625,5.56356091228593
0.626,5.574514101075645
0.627,5.585463218328332
0.628,5.596408264043988
0.629,5.607349238222614
0.63,5.618286140864211
0.631,5.629218971968778
0.632,5.640147731536315
0.633,5.651072419566823
0.634,5.6619930360603
0.635,5.672909581016749
0.636,5.683822054436167
0.637,5.694730456318555
0.638,5.705634786663914
0.639,5.716535045472243
0.64,5.727431232743543
0.641,5.738323348477811
0.642,5.749211392675051
0.643,5.760095365335261
0.644,5.770975266458442
0.645,5.781851096044592
0.646,5.792722854093713
0.647,5.803590540605804
0.648,5.814454155580865
0.649,5.825313699018897
0.65,5.836169170919899
0.651,5.8470205712838705
0.652,5.857867900110813
0.653,5.868711157400726
0.654,5.879550343153608
0.655,5.890385457369462
0.656,5.901216500048284
0.657,5.912043471190079
0.658,5.922866370794841
0.659,5.933685198862576
0.66,5.9444999553932805
0.661,5.955310640386955
0.662,5.9661172538436
0.663,5.976919795763215
0.664,5.9877182661458015
0.665,5.998512664991358
0.666,6.009302992299884
0.667,6.02008924807138
0.668,6.0308714323058465
0.669,6.041649545003284
0.67,6.052423586163691
0.671,6.063193555787068
0.672,6.0739594538734165
0.673,6.084721280422734
0.674,6.095479035435023
0.675,6.10623271891028
0.676,6.11698233084851
0.677,6.127727871249709
0.678,6.138469340113878
0.679,6.149206737441017
0.68,6.159940063231127
0.681,6.170669317484207
0.682,6.181394500200258
0.683,6.192115611379278
0.684,6.202832651021269
0.685,6.213545619126229
0.686,6.224254515694161
0.687,6.234959340725063
0.6880000000000001,6.245660094218934
0.6890000000000001,6.256356776175776
0.6900000000000001,6.2670493865955885
0.6910000000000001,6.277737925478371
0.6920000000000001,6.288422392824123
0.6930000000000001,6.299102788632847
0.6940000000000001,6.309779112904541
0.6950000000000001,6.3204513656392045
0.6960000000000001,6.331119546836839
0.6970000000000001,6.341783656497443
0.6980000000000001,6.352443694621018
0.6990000000000001,6.363099661207563
0.7000000000000001,6.373751556257078
0.7010000000000001,6.3843993797695635
0.7020000000000001,6.395043131745019
0.7030000000000001,6.4056828121834455
0.704,6.416318421084842
0.705,6.4269499584492085
0.706,6.437577424276544
0.707,6.448200818566852
0.708,6.458820141320128
0.709,6.4694353925363774
0.71,6.480046572215594
0.711,6.490653680357783
0.712,6.50125671696294
0.713,6.511855682031068
0.714,6.522450575562167
0.715,6.533041397556235
0.716,6.543628148013275
0.717,6.554210826933285
0.718,6.564789434316263
0.719,6.575363970162214
0.72,6.585934434471134
0.721,6.596500827243026
0.722,6.607063148477887
0.723,6.617621398175717
0.724,6.628175576336518
0.725,6.638725682960289
0.726,6.649271718047031
0.727,6.659813681596742
0.728,6.670351573609426
0.729,6.68088539408508
0.73,6.691415143023703
0.731,6.701940820425295
0.732,6.71246242628986
0.733,6.722979960617393
0.734,6.733493423407899
0.735,6.744002814661372
0.736,6.754508134377818
0.737,6.765009382557232
0.738,6.775506559199617
0.739,6.785999664304973
0.74,6.796488697873298
0.741,6.806973659904595
0.742,6.817454550398861
0.743,6.827931369356098
0.744,6.838404116776304
0.745,6.84887279265948
0.746,6.859337397005629
0.747,6.869797929814747
0.748,6.880254391086832
0.749,6.890706780821891
0.75,6.9011550990199195
0.751,6.911599345680918
0.752,6.922039520804888
0.753,6.932475624391825
0.754,6.942907656441736
0.755,6.953335616954615
0.756,6.963759505930466
0.757,6.9741793233692855
0.758,6.984595069271074
0.759,6.995006743635835
0.76,7.005414346463566
0.761,7.015817877754267
0.762,7.026217337507939
0.763,7.03661272572458
0.764,7.047004042404192
0.765,7.057391287546775
0.766,7.067774461152328
0.767,7.078153563220852
0.768,7.0885285937523435
0.769,7.098899552746807
0.77,7.109266440204241
0.771,7.119629256124646
0.772,7.12998800050802
0.773,7.140342673354364
0.774,7.150693274663678
0.775,7.161039804435964
0.776,7.171382262671219
0.777,7.181720649369446
0.778,7.192054964530639
0.779,7.202385208154806
0.78,7.2127113802419425
0.781,7.22303348079205
0.782,7.233351509805128
0.783,7.243665467281173
0.784,7.25397535322019
0.785,7.264281167622178
0.786,7.274582910487137
0.787,7.284880581815063
0.788,7.295174181605962
0.789,7.305463709859831
0.79,7.315749166576671
0.791,7.326030551756479
0.792,7.336307865399258
0.793,7.346581107505006
0.794,7.356850278073726
0.795,7.367115377105416
0.796,7.377376404600078
0.797,7.387633360557707
0.798,7.397886244978309
0.799,7.408135057861882
0.8,7.418379799208424
0.801,7.428620469017934
0.802,7.438857067290415
0.803,7.449089594025869
0.804,7.459318049224292
0.805,7.469542432885685
0.806,7.479762745010049
0.807,7.489978985597382
0.808,7.500191154647686
0.809,7.51039925216096
0.81,7.520603278137203
0.811,7.530803232576418
0.812,7.540999115478602
0.8130000000000001,7.5511909268437565
0.8140000000000001,7.5613786666718825
0.8150000000000001,7.571562334962978
0.8160000000000001,7.581741931717045
0.8170000000000001,7.5919174569340795
0.8180000000000001,7.6020889106140865
0.8190000000000001,7.612256292757063
0.8200000000000001,7.62241960336301
0.8210000000000001,7.632578842431927
0.8220000000000001,7.642734009963814
0.8230000000000001,7.652885105958672
0.8240000000000001,7.6630321304165
0.8250000000000001,7.6731750833372985
0.8260000000000001,7.683313964721068
0.8270000000000001,7.693448774567805
0.8280000000000001,7.703579512877513
0.8290000000000001,7.713706179650193
0.8300000000000001,7.723828774885842
0.8310000000000001,7.7339472985844635
0.8320000000000001,7.744061750746053
0.833,7.754172131370614
0.834,7.764278440458143
0.835,7.7743806780086455
0.836,7.784478844022116
0.837,7.794572938498556
0.838,7.804662961437968
0.839,7.814748912840349
0.84,7.824830792705702
0.841,7.834908601034025
0.842,7.844982337825316
0.843,7.855052003079581
0.844,7.8651175967968125
0.845,7.875179118977017
0.846,7.88523656962019
0.847,7.895289948726335
0.848,7.905339256295448
0.849,7.915384492327532
0.85,7.925425656822587
0.851,7.935462749780614
0.852,7.9454957712016085
0.853,7.955524721085572
0.854,7.965549599432508
0.855,7.975570406242415
0.856,7.985587141515291
0.857,7.995599805251137
0.858,8.005608397449954
0.859,8.015612918111742
0.86,8.0256133672365
0.861,8.035609744824228
0.862,8.045602050874923
0.863,8.055590285388591
0.864,8.065574448365231
0.865,8.075554539804841
0.866,8.08553055970742
0.867,8.095502508072968
0.868,8.105470384901489
0.869,8.11543419019298
0.87,8.125393923947438
0.871,8.135349586164867
0.872,8.145301176845269
0.873,8.155248695988641
0.874,8.165192143594982
0.875,8.175131519664294
0.876,8.185066824196575
0.877,8.194998057191828
0.878,8.20492521865005
0.879,8.214848308571241
0.88,8.224767326955405
0.881,8.234682273802537
0.882,8.24459314911264
0.883,8.254499952885714
0.884,8.264402685121759
0.885,8.274301345820774
0.886,8.284195934982757
0.887,8.29408645260771
0.888,8.303972898695635
0.889,8.313855273246531
0.89,8.323733576260397
0.891,8.33360780773723
0.892,8.343477967677037
0.893,8.353344056079814
0.894,8.36320607294556
0.895,8.373064018274277
0.896,8.382917892065961
0.897,8.39276769432062
0.898,8.402613425038249
0.899,8.412455084218847
0.9,8.422292671862415
0.901,8.432126187968953
0.902,8.441955632538463
0.903,8.451781005570941
0.904,8.46160230706639
0.905,8.47141953702481
0.906,8.481232695446199
0.907,8.491041782330559
0.908,8.50084679767789
0.909,8.51064774148819
0.91,8.520444613761462
0.911,8.530237414497702
0.912,8.540026143696911
0.913,8.549810801359094
0.914,8.559591387484247
0.915,8.569367902072369
0.916,8.57914034512346
0.917,8.588908716637523
0.918,8.598673016614557
0.919,8.60843324505456
0.92,8.618189401957531
0.921,8.627941487323474
0.922,8.637689501152389
0.923,8.647433443444273
0.924,8.657173314199127
0.925,8.666909113416951
0.926,8.676640841097747
0.927,8.686368497241512
0.928,8.696092081848247
0.929,8.705811594917954
0.93,8.715527036450627
0.931,8.725238406446275
0.932,8.734945704904892
0.933,8.744648931826479
0.934,8.754348087211037
0.935,8.764043171058564
0.936,8.773734183369061
0.937,8.78342112414253
0.9380000000000001,8.793103993378969
0.9390000000000001,8.802782791078377
0.9400000000000001,8.812457517240754
0.9410000000000001,8.822128171866103
0.9420000000000001,8.831794754954423
0.9430000000000001,8.841457266505714
0.9440000000000001,8.851115706519973
0.9450000000000001,8.860770074997202
0.9460000000000001,8.870420371937403
0.9470000000000001,8.880066597340573
0.9480000000000001,8.889708751206713
0.9490000000000001,8.899346833535825
0.9500000000000001,8.908980844327905
0.9510000000000001,8.918610783582958
0.9520000000000001,8.92823665130098
0.9530000000000001,8.937858447481972
0.9540000000000001,8.947476172125935
0.9550000000000001,8.957089825232865
0.9560000000000001,8.966699406802768
0.9570000000000001,8.976304916835641
0.9580000000000001,8.985906355331485
0.9590000000000001,8.9955037222903
0.96,9.005097017712082
0.961,9.014686241596836
0.962,9.024271393944561
0.963,9.033852474755257
0.964,9.043429484028923
0.965,9.053002421765555
0.966,9.06257128796516
0.967,9.072136082627736
0.968,9.081696805753285
0.969,9.0912534573418
0.97,9.100806037393287
0.971,9.110354545907743
0.972,9.119898982885172
0.973,9.129439348325569
0.974,9.138975642228935
0.975,9.148507864595272
0.976,9.15803601542458
0.977,9.16756009471686
0.978,9.17708010247211
0.979,9.186596038690327
0.98,9.196107903371518
0.981,9.205615696515677
0.982,9.215119418122805
0.983,9.224619068192906
0.984,9.234114646725976
0.985,9.243606153722014
0.986,9.253093589181026
0.987,9.262576953103007
0.988,9.27205624548796
0.989,9.281531466335881
0.99,9.29100261564677
0.991,9.300469693420633
0.992,9.309932699657466
0.993,9.319391634357268
0.994,9.328846497520042
0.995,9.338297289145784
0.996,9.347744009234498
0.997,9.357186657786182
0.998,9.366625234800836
0.999,9.376059740278459
1.0,9.385490174219052
1.0010000000000001,9.394916536622619
1.002,9.404338827489156
1.0030000000000001,9.41375704681866
1.004,9.423171194611136
1.0050000000000001,9.432581270866581
1.006,9.441987275584998
1.0070000000000001,9.451389208766383
1.008,9.460787070410742
1.0090000000000001,9.470180860518067
1.01,9.479570579088366
1.0110000000000001,9.488956226121632
1.012,9.498337801617872
1.0130000000000001,9.50771530557708
1.014,9.517088737999257
1.0150000000000001,9.526458098884405
1.016,9.535823388232524
1.0170000000000001,9.545184606043613
1.018,9.554541752317672
1.0190000000000001,9.5638948270547
1.02,9.573243830254702
1.0210000000000001,9.582588761917672
1.022,9.591929622043613
1.0230000000000001,9.601266410632523
1.024,9.610599127684402
1.025,9.619927773199253
1.026,9.629252347177076
1.027,9.638572849617866
1.028,9.647889280521628
1.029,9.65720163988836
1.03,9.666509927718064
1.031,9.675814144010735
1.032,9.685114288766378
1.033,9.69441036198499
1.034,9.703702363666576
1.035,9.712990293811128
1.036,9.722274152418652
1.037,9.731553939489148
1.038,9.740829655022615
1.039,9.750101299019047
1.04,9.759368871478454
1.041,9.768632372400827
1.042,9.777891801786176
1.043,9.78714715963449
1.044,9.796398445945776
1.045,9.805645660720032
1.046,9.81488880395726
1.047,9.824127875657457
1.048,9.833362875820626
1.049,9.84259380444676
1.05,9.851820661535868
1.051,9.861043447087946
1.052,9.870262161102996
1.053,9.879476803581012
1.054,9.888687374522004
1.055,9.89789387392596
1.056,9.90709630179289
1.057,9.91629465812279
1.058,9.925488942915663
1.059,9.934679156171498
1.06,9.943865297890309
1.061,9.95304736807209
1.062,9.962225366716844
1.063,9.971399293824561
1.064,9.980569149395254
1.065,9.989734933428915
1.066,9.998896645925548
1.067,10.008054286885152
1.068,10.017207856307724
1.069,10.026357354193264
1.07,10.03550278054178
1.071,10.044644135353263
1.072,10.053781418627718
1.073,10.062914630365139
1.074,10.072043770565536
1.075,10.0811688392289
1.076,10.090289836355232
1.077,10.099406761944538
1.078,10.108519615996816
1.079,10.117628398512059
1.08,10.126733109490274
1.081,10.13583374893146
1.082,10.14493031683562
1.083,10.154022813202744
1.084,10.16311123803284
1.085,10.172195591325906
1.086,10.181275873081944
1.087,10.190352083300953
1.088,10.19942422198293
1.089,10.208492289127877
1.09,10.217556284735796
1.091,10.226616208806686
1.092,10.235672061340544
1.093,10.24472384233737
1.094,10.253771551797172
1.095,10.262815189719941
1.096,10.271854756105682
1.097,10.28089025095439
1.098,10.289921674266072
1.099,10.298949026040722
1.1,10.307972306278344
1.101,10.316991514978934
1.102,10.326006652142496
1.103,10.335017717769027
1.104,10.344024711858529
1.105,10.353027634411003
1.106,10.362026485426444
1.107,10.371021264904858
1.108,10.38001197284624
1.109,10.388998609250594
1.11,10.397981174117916
1.111,10.406959667448213
1.112,10.415934089241476
1.113,10.42490443949771
1.114,10.433870718216914
1.115,10.442832925399092
1.116,10.451791061044236
1.117,10.460745125152352
1.118,10.469695117723434
1.119,10.478641038757493
1.12,10.487582888254519
1.121,10.496520666214517
1.122,10.505454372637482
1.123,10.51438400752342
1.124,10.523309570872327
1.125,10.532231062684206
1.1260000000000001,10.541148482959052
1.127,10.55006183169687
1.1280000000000001,10.558971108897659
1.129,10.567876314561417
1.1300000000000001,10.576777448688144
1.131,10.585674511277846
1.1320000000000001,10.594567502330513
1.133,10.603456421846156
1.1340000000000001,10.612341269824764
1.135,10.621222046266345
1.1360000000000001,10.630098751170896
1.137,10.638971384538417
1.1380000000000001,10.647839946368906
1.139,10.65670443666237
1.1400000000000001,10.6655648554188
1.141,10.674421202638204
1.1420000000000001,10.683273478320574
1.143,10.683273478320574
1.1440000000000001,10.733529682465923
1.145,10.78378181507423
1.1460000000000001,10.83402987614552
1.147,10.884273865679766
1.1480000000000001,10.934513783676994
1.149,10.984749630137182
1.1500000000000001,11.034981405060355
1.151,11.085209108446483
1.1520000000000001,11.135432740295592
1.153,11.18565230060766
1.154,11.235867789382711
1.155,11.28607920662072
1.156,11.336286552321704
1.157,11.386489826485663
1.158,11.436689029112587
1.159,11.486884160202484
1.16,11.537075219755348
1.161,11.58726220777119
1.162,11.637445124249995
1.163,11.68762396919177
1.164,11.737798742596516
1.165,11.787969444464238
1.166,11.838136074794923
1.167,11.888298633588585
1.168,11.93845712084521
1.169,11.988611536564811
1.17,12.038761880747378
1.171,12.088908153392921
1.172,12.139050354501427
1.173,12.18918848407291
1.174,12.239322542107356
1.175,12.289452528604784
1.176,12.33957844356517
1.177,12.389700286988536
1.178,12.439818058874861
1.179,12.489931759224168
1.18,12.540041388036437
1.181,12.590146945311682
1.182,12.64024843104989
1.183,12.690345845251077
1.184,12.740439187915227
1.185,12.790528459042354
1.186,12.840613658632444
1.187,12.890694786685511
1.188,12.940771843201542
1.189,12.990844828180549
1.19,13.040913741622521
1.191,13.09097858352747
1.192,13.141039353895382
1.193,13.191096052726268
1.194,13.241148680020121
1.195,13.291197235776952
1.196,13.341241719996745
1.197,13.391282132679512
1.198,13.441318473825245
1.199,13.491350743433957
1.2,13.541378941505629
1.201,13.59140306804028
1.202,13.641423123037896
1.203,13.691439106498487
1.204,13.741451018422044
1.205,13.791458858808575
1.206,13.84146262765807
1.207,13.89146232497054
1.208,13.94145795074598
1.209,13.991449504984391
1.21,14.041436987685767
1.211,14.091420398850122
1.212,14.14139973847744
1.213,14.19137500656773
1.214,14.241346203120992
1.215,14.291313328137225
1.216,14.341276381616424
1.217,14.391235363558598
1.218,14.441190273963738
1.219,14.491141112831853
1.22,14.541087880162932
1.221,14.591030575956989
1.222,14.640969200214007
1.223,14.690903752934004
1.224,14.740834234116964
1.225,14.790760643762901
1.226,14.840682981871803
1.227,14.89060124844368
1.228,14.940515443478523
1.229,14.99042556697634
1.23,15.04033161893712
1.231,15.090233599360877
1.232,15.140131508247597
1.233,15.1900253455973
1.234,15.23991511140996
1.235,15.289800805685603
1.236,15.339682428424204
1.237,15.389559979625789
1.238,15.43943345929033
1.239,15.489302867417852
1.24,15.539168204008334
1.241,15.589029469061797
1.242,15.63888666257822
1.243,15.688739784557626
1.244,15.73858883499999
1.245,15.788433813905337
1.246,15.83827472127364
1.247,15.888111557104924
1.248,15.937944321399167
1.249,15.98777301415639
1.25,16.037597635376578
1.2510000000000001,16.087418185059743
1.252,16.137234663205867
1.2530000000000001,16.187047069814977
1.254,16.23685540488704
1.2550000000000001,16.28665966842209
1.256,16.336459860420096
1.2570000000000001,16.38625598088108
1.258,16.43604802980503
1.2590000000000001,16.485836007191956
1.26,16.535619913041845
1.2610000000000001,16.585399747354714
1.262,16.63517551013054
1.2630000000000001,16.68494720136935
1.264,16.73471482107112
1.2650000000000001,16.78447836923587
1.266,16.834237845863576
1.2670000000000001,16.88399325095427
1.268,16.933744584507917
1.2690000000000001,16.98349184652455
1.27,17.033235037004143
1.2710000000000001,17.08297415594671
1.272,17.132709203352242
1.2730000000000001,17.182440179220755
1.274,17.232167083552227
1.2750000000000001,17.281889916346678
1.276,17.331608677604088
1.2770000000000001,17.381323367324484
1.278,17.43103398550784
1.2790000000000001,17.480740532154176
1.28,17.530443007263468
1.281,17.58014141083574
1.282,17.629835742870977
1.283,17.67952600336918
1.284,17.67952600336918
1.285,17.70592471004586
1.286,17.73231934518551
1.287,17.758709908788127
1.288,17.785096400853718
1.289,17.81147882138228
1.29,17.83785717037381
1.291,17.864231447828313
1.292,17.890601653745783
1.293,17.91696778812622
1.294,17.943329850969633
1.295,17.969687842276016
1.296,17.996041762045373
1.297,18.02239161027769
1.298,18.048737386972984
1.299,18.07507909213125
1.3,18.101416725752483
1.301,18.127750287836683
1.302,18.154079778383853
1.303,18.180405197394006
1.304,18.20672654486712
1.305,18.233043820803207
1.306,18.259357025202256
1.307,18.285666158064288
1.308,18.311971219389278
1.309,18.338272209177244
1.31,18.364569127428176
1.311,18.390861974142087
1.312,18.41715074931896
1.313,18.443435452958813
1.314,18.469716085061627
1.315,18.495992645627418
1.316,18.52226513465617
1.317,18.5485335521479
1.318,18.5747978981026
1.319,18.60105817252027
1.32,18.627314375400907
1.321,18.653566506744518
1.322,18.67981456655109
1.323,18.706058554820643
1.324,18.732298471553165
1.325,18.758534316748655
1.326,18.784766090407114
1.327,18.810993792528546
1.328,18.837217423112946
1.329,18.86343698216032
1.33,18.889652469670654
1.331,18.915863885643972
1.332,18.94207123008025
1.333,18.968274502979508
1.334,18.994473704341726
1.335,19.02066883416692
1.336,19.046859892455082
1.337,19.073046879206213
1.338,19.099229794420314
1.339,19.12540863809739
1.34,19.151583410237432
1.341,19.17775411084045
1.342,19.203920739906433
1.343,19.23008329743539
1.344,19.25624178342731
1.345,19.28239619788221
1.346,19.308546540800073
1.347,19.33469281218091
1.348,19.360835012024715
1.349,19.386973140331495
1.35,19.413107197101244
1.351,19.439237182333954
1.352,19.46536309602964
1.353,19.491484938188304
1.354,19.517602708809928
1.355,19.54371640789453
1.356,19.56982603544209
1.357,19.595931591452636
1.358,19.62203307592614
1.359,19.648130488862623
1.36,19.674223830262072
1.361,19.70031310012449
1.362,19.726398298449876
1.363,19.752479425238242
1.364,19.778556480489566
1.365,19.804629464203874
1.366,19.83069837638114
1.367,19.85676321702138
1.368,19.882823986124595
1.369,19.908880683690775
1.37,19.93493330971993
1.371,19.96098186421205
1.372,19.987026347167138
1.373,20.01306675858521
1.374,20.03910309846624
1.375,20.065135366810246
1.3760000000000001,20.09116356361721
1.377,20.117187688887164
1.3780000000000001,20.14320774262007
1.379,20.169223724815957
1.3800000000000001,20.19523563547481
1.381,20.221243474596637
1.3820000000000001,20.24724724218143
1.383,20.2732469382292
1.3840000000000001,20.299242562739934
1.385,20.32523411571364
1.3860000000000001,20.351221597150314
1.387,20.377205007049962
1.3880000000000001,20.403184345412573
1.389,20.429159612238163
1.3900000000000001,20.45513080752672
1.391,20.48109793127825
1.3920000000000001,20.507060983492746
1.393,20.533019964170215
1.3940000000000001,20.558974873310657
1.395,20.584925710914064
1.3960000000000001,20.610872476980436
1.397,20.636815171509788
1.3980000000000001,20.66275379450211
1.399,20.688688345957402
1.4000000000000001,20.714618825875657
1.401,20.740545234256892
1.4020000000000001,20.766467571101092
1.403,20.792385836408265
1.4040000000000001,20.8183000301784
1.405,20.844210152411513
1.4060000000000001,20.870116203107592
1.407,20.896018182266648
1.408,20.921916089888665
1.409,20.94780992597366
1.41,20.97369969052162
1.411,20.99958538353255
1.412,21.02546700500646
1.413,21.05134455494333
1.414,21.07721803334317
1.415,21.103087440205986
1.416,21.128952775531776
1.417,21.154814039320527
1.418,21.180671231572255
1.419,21.206524352286944
1.42,21.232373401464613
1.421,21.258218379105248
1.422,21.28405928520885
1.423,21.30989611977543
1.424,21.33572888280497
1.425,21.33572888280497
1.426,21.32135894013692
1.427,21.306984925931857
1.428,21.29260684018976
1.429,21.278224682910622
1.43,21.26383845409446
1.431,21.249448153741266
1.432,21.23505378185105
1.433,21.2206553384238
1.434,21.20625282345952
1.435,21.19184623695821
1.436,21.177435578919873
1.437,21.163020849344502
1.438,21.14860204823211
1.439,21.134179175582677
1.44,21.119752231396216
1.441,21.105321215672735
1.442,21.09088612841221
1.443,21.076446969614665
1.444,21.062003739280087
1.445,21.047556437408478
1.446,21.033105063999844
1.447,21.018649619054173
1.448,21.00419010257148
1.449,20.989726514551755
1.45,20.975258854995
1.451,20.96078712390122
1.452,20.946311321270404
1.453,20.931831447102553
1.454,20.917347501397686
1.455,20.90285948415578
1.456,20.88836739537685
1.457,20.873871235060882
1.458,20.859371003207887
1.459,20.844866699817867
1.46,20.830358324890806
1.461,20.815845878426725
1.462,20.80132936042562
1.463,20.78680877088747
1.464,20.772284109812304
1.465,20.757755377200098
1.466,20.743222573050875
1.467,20.72868569736461
1.468,20.714144750141312
1.469,20.699599731380996
1.47,20.685050641083645
1.471,20.670497479249267
1.472,20.655940245877858
1.473,20.641378940969414
1.474,20.62681356452395
1.475,20.612244116541447
1.476,20.59767059702192
1.477,20.58309300596536
1.478,20.568511343371767
1.479,20.553925609241155
1.48,20.53933580357351
1.481,20.52474192636883
1.482,20.51014397762713
1.483,20.49554195734838
1.484,20.480935865532622
1.485,20.466325702179827
1.486,20.451711467289996
1.487,20.437093160863142
1.488,20.42247078289926
1.489,20.407844333398337
1.49,20.3932138123604
1.491,20.378579219785422
1.492,20.36394055567342
1.493,20.349297820024383
1.494,20.334651012838325
1.495,20.320000134115222
1.496,20.305345183855103
1.497,20.290686162057945
1.498,20.276023068723763
1.499,20.26135590385255
1.5,20.24668466744431
1.5010000000000001,20.23200935949904
1.502,20.217329980016736
1.5030000000000001,20.202646528997406
1.504,20.187959006441048
1.5050000000000001,20.173267412347645
1.506,20.158571746717232
1.5070000000000001,20.14387200954978
1.508,20.1291682008453
1.5090000000000001,20.114460320603797
1.51,20.099748368825253
1.5110000000000001,20.085032345509685
1.512,20.070312250657082
1.5130000000000001,20.055588084267452
1.514,20.040859846340798
1.5150000000000001,20.026127536877105
1.516,20.01139115587639
1.5170000000000001,19.99665070333864
1.518,19.98190617926386
1.5190000000000001,19.967157583652057
1.52,19.952404916503216
1.5210000000000001,19.937648177817344
1.522,19.922887367594452
1.5230000000000001,19.90812248583453
1.524,19.893353532537574
1.5250000000000001,19.878580507703585
1.526,19.863803411332572
1.5270000000000001,19.849022243424525
1.528,19.834237003979457
1.5290000000000001,19.819447692997347
1.53,19.804654310478206
1.5310000000000001,19.789856856422045
1.532,19.775055330828863
1.5330000000000001,19.760249733698632
1.534,19.745440065031378
1.5350000000000001,19.730626324827092
1.536,19.715808513085783
1.537,19.70098662980744
1.538,19.686160674992067
1.539,19.671330648639664
1.54,19.656496550750237
1.541,19.64165838132378
1.542,19.626816140360283
1.543,19.611969827859767
1.544,19.597119443822212
1.545,19.582264988247633
1.546,19.567406461136024
1.547,19.55254386248738
1.548,19.537677192301707
1.549,19.522806450579008
1.55,19.50793163731928
1.551,19.493052752522527
1.552,19.478169796188737
1.553,19.46328276831792
1.554,19.448391668910077
1.555,19.433496497965198
1.556,19.418597255483284
1.557,19.403693941464354
1.558,19.388786555908382
1.559,19.37387509881539
1.56,19.35895957018536
1.561,19.344039970018308
1.562,19.329116298314222
1.563,19.3141885550731
1.564,19.299256740294954
1.565,19.28432085397978
1.566,19.269380896127572
1.567,19.254436866738335
1.568,19.239488765812073
1.569,19.224536593348784
1.57,19.209580349348457
1.571,19.19462003381111
1.572,19.179655646736716
1.573,19.1646871881253
1.574,19.14971465797687
1.575,19.13473805629139
1.576,19.11975738306888
1.577,19.104772638309363
1.578,19.08978382201279
1.579,19.074790934179198
1.58,19.059793974808578
1.581,19.044792943900926
1.582,19.029787841456244
1.583,19.014778667474534
1.584,18.999765421955804
1.585,18.984748104900028
1.586,18.96972671630723
1.587,18.954701256177405
1.588,18.93967172451054
1.589,18.92463812130665
1.59,18.909600446565733
1.591,18.894558700287785
1.592,18.879512882472802
1.593,18.864462993120803
1.594,18.849409032231765
1.595,18.834350999805693
1.596,18.819288895842593
1.597,18.804222720342473
1.598,18.78915247330531
1.599,18.774078154731136
1.6,18.758999764619922
1.601,18.74391730297167
1.602,18.72883076978639
1.603,18.713740165064095
1.604,18.698645488804754
1.605,18.68354674100838
1.606,18.66844392167499
1.607,18.653337030804572
1.608,18.638226068397106
1.609,18.62311103445263
1.61,18.607991928971117
1.611,18.592868751952572
1.612,18.577741503397
1.613,18.562610183304404
1.614,18.54747479167477
1.615,18.532335328508108
1.616,18.51719179380442
1.617,18.502044187563705
1.618,18.486892509785942
1.619,18.471736760471167
1.62,18.45657693961935
1.621,18.441413047230505
1.622,18.426245083304646
1.623,18.411073047841747
1.624,18.395896940841812
1.625,18.380716762304857
1.6260000000000001,18.365532512230875
1.627,18.35034419061985
1.6280000000000001,18.335151797471813
1.629,18.319955332786733
1.6300000000000001,18.30475479656462
1.631,18.289550188805475
1.6320000000000001,18.274341509509313
1.633,18.25912875867611
1.6340000000000001,18.24391193630588
1.635,18.228691042398626
1.6360000000000001,18.21346607695434
1.637,18.198237039973016
1.6380000000000001,18.183003931454675
1.639,18.167766751399316
1.6400000000000001,18.15252549980689
1.641,18.137280176677464
1.6420000000000001,18.122030782011002
1.643,18.10677731580751
1.6440000000000001,18.091519778066978
1.645,18.076258168789437
1.6460000000000001,18.060992487974847
1.647,18.045722735623233
1.6480000000000001,18.03044891173459
1.649,18.015171016308912
1.6500000000000001,17.999889049346205
1.651,17.98460301084648
1.6520000000000001,17.96931290080972
1.653,17.954018719235926
1.6540000000000001,17.938720466125112
1.655,17.923418141477267
1.6560000000000001,17.908111745292377
1.657,17.892801277570474
1.6580000000000001,17.877486738311525
1.659,17.862168127515556
1.6600000000000001,17.84684544518255
1.661,17.83151869131253
1.6620000000000001,17.81618786590547
1.663,17.800852968961372
1.6640000000000001,17.78551400048026
1.665,17.77017096046211
1.666,17.754823848906916
1.667,17.739472665814716
1.668,17.724117411185485
1.669,17.708758085019216
1.67,17.693394687315912
1.671,17.678027218075584
1.672,17.66265567729824
1.673,17.647280064983853
1.674,17.631900381132436
1.675,17.616516625743994
1.676,17.601128798818504
1.677,17.585736900356004
1.678,17.57034093035647
1.679,17.554940888819896
1.68,17.53953677574631
1.681,17.52412859113568
1.682,17.508716334988026
1.683,17.49330000730334
1.684,17.477879608081633
1.685,17.462455137322884
1.686,17.447026595027122
1.687,17.431593981194318
1.688,17.416157295824476
1.689,17.400716538917617
1.69,17.38527171047373
1.691,17.369822810492803
1.692,17.35436983897485
1.693,17.33891279591987
1.694,17.323451681327864
1.695,17.307986495198815
1.696,17.292517237532746
1.697,17.277043908329652
1.698,17.26156650758952
1.699,17.246085035312362
1.7,17.23059949149818
1.701,17.21510987614695
1.702,17.19961618925871
1.703,17.18411843083343
1.704,17.168616600871125
1.705,17.15311069937178
1.706,17.137600726335418
1.707,17.122086681762013
1.708,17.106568565651585
1.709,17.091046378004133
1.71,17.075520118819643
1.711,17.059989788098118
1.712,17.044455385839584
1.713,17.02891691204401
1.714,17.013374366711403
1.715,16.997827749841765
1.716,16.982277061435102
1.717,16.966722301491416
1.718,16.95116347001069
1.719,16.935600566992928
1.72,16.920033592438145
1.721,16.904462546346323
1.722,16.888887428717485
1.723,16.873308239551616
1.724,16.857724978848704
1.725,16.842137646608773
1.726,16.826546242831814
1.727,16.810950767517827
1.728,16.795351220666806
1.729,16.779747602278754
1.73,16.764139912353674
1.731,16.748528150891566
1.732,16.732912317892428
1.733,16.71729241335625
1.734,16.701668437283047
1.735,16.686040389672826
1.736,16.670408270525552
1.737,16.654772079841266
1.738,16.63913181761995
1.739,16.623487483861595
1.74,16.607839078566215
1.741,16.592186601733808
1.742,16.576530053364376
1.743,16.5608694334579
1.744,16.545204742014402
1.745,16.529535979033877
1.746,16.51386314451632
1.747,16.49818623846174
1.748,16.482505260870123
1.749,16.466820211741474
1.75,16.451131091075798
1.7510000000000001,16.435437898873097
1.752,16.419740635133355
1.7530000000000001,16.40403929985658
1.754,16.388333893042788
1.7550000000000001,16.37262441469197
1.756,16.356910864804117
1.7570000000000001,16.341193243379237
1.758,16.325471550417316
1.7590000000000001,16.30974578591837
1.76,16.29401594988241
1.7610000000000001,16.27828204230941
1.762,16.26254406319937
1.7630000000000001,16.246802012552298
1.764,16.231055890368214
1.7650000000000001,16.215305696647096
1.766,16.199551431388937
1.7670000000000001,16.183793094593756
1.768,16.168030686261545
1.7690000000000001,16.15226420639229
1.77,16.136493654986033
1.7710000000000001,16.120719032042732
1.772,16.104940337562393
1.7730000000000001,16.089157571545034
1.774,16.073370733990657
1.7750000000000001,16.057579824899236
1.776,16.041784844270786
1.7770000000000001,16.025985792105306
1.778,16.010182668402795
1.7790000000000001,15.99437547316325
1.78,15.978564206386695
1.7810000000000001,15.96274886807309
1.782,15.94692945822246
1.7830000000000001,15.931105976834807
1.784,15.915278423910113
1.7850000000000001,15.899446799448393
1.786,15.88361110344965
1.7870000000000001,15.867771335913877
1.788,15.851927496841071
1.7890000000000001,15.83607958623123
1.79,15.820227604084376
1.7910000000000001,15.804371550400473
1.792,15.78851142517954
1.793,15.772647228421592
1.794,15.756778960126606
1.795,15.740906620294586
1.796,15.725030208925547
1.797,15.709149726019481
1.798,15.693265171576362
1.799,15.67737654559624
1.8,15.661483848079078
1.801,15.645587079024883
1.802,15.629686238433669
1.803,15.61378132630542
1.804,15.59787234264013
1.805,15.58195928743782
1.806,15.566042160698476
1.807,15.550120962422115
1.808,15.5341956926087
1.809,15.518266351258278
1.81,15.502332938370811
1.811,15.486395453946319
1.812,15.470453897984793
1.813,15.45450827048625
1.814,15.438558571450667
1.815,15.422604800878071
1.816,15.406646958768425
1.817,15.39068504512176
1.818,15.37471905993806
1.819,15.358749003217339
1.82,15.342774874959566
1.821,15.326796675164797
1.822,15.310814403832982
1.823,15.294828060964123
1.824,15.27883764655824
1.825,15.262843160615343
1.826,15.2468446031354
1.827,15.230841974118434
1.828,15.214835273564441
1.829,15.198824501473423
1.83,15.182809657845368
1.831,15.166790742680291
1.832,15.150767755978169
1.833,15.134740697739021
1.834,15.118709567962847
1.835,15.102674366649655
1.836,15.086635093799417
1.837,15.07059174941215
1.838,15.054544333487854
1.839,15.03849284602654
1.84,15.022437287028175
1.841,15.0063776564928
1.842,14.990313954420388
1.843,14.974246180810947
1.844,14.958174335664472
1.845,14.942098418980978
1.846,14.926018430760443
1.847,14.909934371002883
1.848,14.893846239708289
1.849,14.877754036876675
1.85,14.861657762508026
1.851,14.845557416602347
1.852,14.829452999159633
1.853,14.8133445101799
1.854,14.797231949663114
1.855,14.78111531760933
1.856,14.764994614018498
1.857,14.74886983889064
1.858,14.732740992225752
1.859,14.71660807402385
1.86,14.700471084284898
1.861,14.68433002300892
1.862,14.66818489019591
1.863,14.652035685845881
1.864,14.635882409958809
1.865,14.619725062534716
1.866,14.603563643573583
1.867,14.587398153075428
1.868,14.571228591040247
1.869,14.55505495746804
1.87,14.538877252358791
1.871,14.52269547571251
1.872,14.506509627529207
1.873,14.490319707808872
1.874,14.474125716551505
1.875,14.457927653757126
1.8760000000000001,14.441725519425693
1.877,14.42551931355724
1.8780000000000001,14.409309036151761
1.879,14.393094687209242
1.8800000000000001,14.376876266729708
1.881,14.360653774713136
1.8820000000000001,14.34442721115953
1.883,14.328196576068907
1.8840000000000001,14.311961869441243
1.885,14.295723091276551
1.8860000000000001,14.279480241574838
1.887,14.263233320336084
1.8880000000000001,14.246982327560305
1.889,14.230727263247495
1.8900000000000001,14.214468127397652
1.891,14.19820492001079
1.8920000000000001,14.181937641086888
1.893,14.165666290625959
1.8940000000000001,14.149390868628
1.895,14.133111375093009
1.8960000000000001,14.116827810020999
1.897,14.10054017341195
1.8980000000000001,14.084248465265869
1.899,14.067952685582762
1.9000000000000001,14.05165283436263
1.901,14.035348911605464
1.9020000000000001,14.01904091731126
1.903,14.002728851480041
1.9040000000000001,13.986412714111783
1.905,13.970092505206505
1.9060000000000001,13.953768224764179
1.907,13.937439872784834
1.9080000000000001,13.921107449268463
1.909,13.904770954215053
1.9100000000000001,13.888430387624618
1.911,13.872085749497161
1.9120000000000001,13.855737039832672
1.913,13.83938425863115
1.9140000000000001,13.823027405892585
1.915,13.80666648161701
1.9160000000000001,13.790301485804397
1.917,13.77393241845476
1.9180000000000001,13.757559279568087
1.919,13.741182069144385
1.92,13.724800787183657
1.921,13.708415433685897
1.922,13.692026008651101
1.923,13.675632512079273
1.924,13.659234943970432
1.925,13.642833304324554
1.926,13.626427593141646
1.927,13.610017810421704
1.928,13.593603956164737
1.929,13.577186030370733
1.93,13.560764033039712
1.931,13.54433796417164
1.932,13.527907823766562
1.933,13.51147361182445
1.934,13.4950353283453
1.935,13.478592973329121
1.936,13.462146546775909
1.937,13.445696048685667
1.938,13.429241479058417
1.939,13.412782837894108
1.94,13.396320125192782
1.941,13.379853340954426
1.942,13.363382485179049
1.943,13.34690755786663
1.944,13.330428559017191
1.945,13.313945488630706
1.946,13.297458346707216
1.947,13.280967133246671
1.948,13.264471848249107
1.949,13.247972491714513
1.95,13.231469063642898
1.951,13.214961564034233
1.952,13.198449992888557
1.953,13.181934350205841
1.954,13.1654146359861
1.955,13.148890850229327
1.956,13.132362992935535
1.957,13.115831064104704
1.958,13.099295063736836
1.959,13.08275499183194
1.96,13.066210848390034
1.961,13.04966263341108
1.962,13.033110346895093
1.963,13.01655398884209
1.964,12.999993559252045
1.965,12.983429058124976
1.966,12.966860485460877
1.967,12.950287841259746
1.968,12.933711125521594
1.969,12.917130338246402
1.97,12.900545479434191
1.971,12.883956549084944
1.972,12.867363547198666
1.973,12.850766473775355
1.974,12.834165328815011
1.975,12.817560112317642
1.976,12.800950824283245
1.977,12.784337464711829
1.978,12.767720033603373
1.979,12.751098530957881
1.98,12.734472956775365
1.981,12.717843311055823
1.982,12.701209593799256
1.983,12.68457180500564
1.984,12.667929944675013
1.985,12.651284012807348
1.986,12.634634009402658
1.987,12.617979934460935
1.988,12.601321787982195
1.989,12.584659569966401
1.99,12.567993280413589
1.991,12.551322919323757
1.992,12.534648486696877
1.993,12.517969982532968
1.994,12.50128740683204
1.995,12.484600759594079
1.996,12.467910040819094
1.997,12.451215250507069
1.998,12.434516388658018
1.999,12.417813455271942
2.0,12.401106450348832
2.001,12.384395373888692
2.0020000000000002,12.367680225891522
2.003,12.350961006357327
2.004,12.334237715286084
2.005,12.317510352677841
2.0060000000000002,12.300778918532547
2.007,12.284043412850219
2.008,12.267303835630885
2.009,12.250560186874509
2.0100000000000002,12.233812466581089
2.011,12.217060674750652
2.012,12.200304811383186
2.013,12.183544876478697
2.0140000000000002,12.166780870037158
2.015,12.150012792058616
2.016,12.133240642543027
2.017,12.116464421490399
2.0180000000000002,12.099684128900762
2.019,12.08289976477408
2.02,12.066111329110383
2.021,12.04931882190965
2.0220000000000002,12.03252224317188
2.023,12.015721592897092
2.024,11.99891687108527
2.025,11.982108077736413
2.0260000000000002,11.965295212850524
2.027,11.948478276427604
2.028,11.931657268467676
2.029,11.914832188970705
2.0300000000000002,11.898003037936697
2.031,11.881169815365665
2.032,11.864332521257596
2.033,11.847491155612518
2.0340000000000003,11.830645718430391
2.035,11.81379620971124
2.036,11.79694262945506
2.037,11.78008497766186
2.0380000000000003,11.763223254331606
2.039,11.746357459464344
2.04,11.729487593060044
2.041,11.712613655118725
2.0420000000000003,11.695735645640342
2.043,11.67885356462496
2.044,11.661967412072542
2.045,11.645077187983096
2.0460000000000003,11.628182892356627
2.047,11.611284525193104
2.048,11.594382086492574
2.049,11.577475576255017
2.05,11.56056499448041
2.051,11.543650341168783
2.052,11.526731616320134
2.053,11.50980881993445
2.054,11.492881952011727
2.055,11.475951012551983
2.056,11.459016001555215
2.057,11.442076919021412
2.058,11.425133764950576
2.059,11.408186539342703
2.06,11.391235242197801
2.061,11.374279873515894
2.062,11.357320433296932
2.063,11.340356921540943
2.064,11.323389338247937
2.065,11.306417683417903
2.066,11.289441957050844
2.067,11.272462159146722
2.068,11.255478289705593
2.069,11.238490348727431
2.07,11.221498336212242
2.071,11.204502252160022
2.072,11.187502096570764
2.073,11.170497869444498
2.074,11.153489570781183
2.075,11.13647720058083
2.076,11.11946075884347
2.077,11.102440245569063
2.078,11.085415660757644
2.079,11.068387004409164
2.08,11.05135427652369
2.081,11.034317477101178
2.082,11.017276606141618
2.083,11.00023166364504
2.084,10.983182649611447
2.085,10.966129564040791
2.086,10.949072406933126
2.087,10.932011178288437
2.088,10.914945878106696
2.089,10.897876506387954
2.09,10.880803063132177
2.091,10.863725548339348
2.092,10.846643962009502
2.093,10.82955830414264
2.094,10.812468574738748
2.095,10.795374773797793
2.096,10.778276901319828
2.097,10.761174957304826
2.098,10.744068941752818
2.099,10.726958854663758
2.1,10.709844696037674
2.101,10.69272646587456
2.102,10.675604164174423
2.103,10.658477790937239
2.104,10.641347346163043
2.105,10.624212829851803
2.106,10.607074242003558
2.107,10.589931582618261
2.108,10.572784851695939
2.109,10.555634049236588
2.11,10.538479175240202
2.111,10.521320229706797
2.112,10.504157212636356
2.113,10.486990124028878
2.114,10.46981896388438
2.115,10.452643732202846
2.116,10.435464428984293
2.117,10.41828105422871
2.118,10.401093607936094
2.119,10.38390209010643
2.12,10.366706500739758
2.121,10.349506839836057
2.122,10.33230310739532
2.123,10.315095303417541
2.124,10.297883427902757
2.125,10.280667480850923
2.126,10.263447462262068
2.1270000000000002,10.246223372136177
2.128,10.228995210473256
2.129,10.21176297727331
2.13,10.194526672536336
2.1310000000000002,10.177286296262332
2.132,10.160041848451296
2.133,10.142793329103231
2.134,10.125540738218145
2.1350000000000002,10.108284075796016
2.136,10.091023341836863
2.137,10.073758536340675
2.138,10.05648965930747
2.1390000000000002,10.039216710737229
2.14,10.02193969062995
2.141,10.004658598985646
2.142,9.987373435804322
2.1430000000000002,9.970084201085948
2.144,9.952790894830564
2.145,9.93549351703813
2.146,9.918192067708688
2.1470000000000002,9.900886546842202
2.148,9.883576954438691
2.149,9.866263290498164
2.15,9.848945555020581
2.1510000000000002,9.831623748005983
2.152,9.81429786945436
2.153,9.796967919365686
2.154,9.779633897740009
2.1550000000000002,9.762295804577292
2.156,9.744953639877536
2.157,9.727607403640764
2.158,9.710257095866957
2.1590000000000003,9.692902716556121
2.16,9.675544265708247
2.161,9.658181743323363
2.162,9.64081514940143
2.1630000000000003,9.623444483942464
2.164,9.606069746946478
2.165,9.58869093841346
2.166,9.571308058343416
2.1670000000000003,9.553921106736341
2.168,9.536530083592236
2.169,9.519134988911109
2.17,9.501735822692945
2.1710000000000003,9.484332584937734
2.172,9.466925275645524
2.173,9.44951389481627
2.174,9.432098442449995
2.1750000000000003,9.414678918546668
2.176,9.397255323106325
2.177,9.37982765612896
2.178,9.36239591761455
2.179,9.34496010756312
2.18,9.327520225974654
2.181,9.310076272849155
2.182,9.292628248186649
2.183,9.275176151987097
2.184,9.257719984250503
2.185,9.240259744976893
2.186,9.222795434166267
2.187,9.205327051818589
2.188,9.18785459793388
2.189,9.170378072512158
2.19,9.152897475553406
2.191,9.135412807057616
2.192,9.117924067024791
2.193,9.100431255454936
2.194,9.082934372348056
2.195,9.065433417704156
2.196,9.047928391523213
2.197,9.030419293805256
2.198,9.01290612455025
2.199,8.995388883758231
2.2,8.977867571429162
2.201,8.96034218756309
2.202,8.942812732159966
2.203,8.925279205219821
2.204,8.90774160674264
2.205,8.890199936728441
2.206,8.872654195177203
2.207,8.855104382088939
2.208,8.837550497463631
2.209,8.819992541301307
2.21,8.802430513601974
2.211,8.784864414365584
2.212,8.767294243592165
2.213,8.749720001281736
2.214,8.73214168743426
2.215,8.71455930204975
2.216,8.696972845128197
2.217,8.679382316669642
2.218,8.661787716674057
2.219,8.644189045141415
2.22,8.626586302071793
2.221,8.608979487465097
2.222,8.59136860132138
2.223,8.573753643640668
2.224,8.556134614422866
2.225,8.53851151366808
2.226,8.520884341376279
2.227,8.503253097547406
2.228,8.485617782181507
2.229,8.467978395278594
2.23,8.450334936838631
2.231,8.432687406861668
2.232,8.41503580534765
2.233,8.397380132296625
2.234,8.37972038770855
2.235,8.362056571583462
2.236,8.34438868392133
2.237,8.326716724722159
2.238,8.309040693986
2.239,8.291360591712788
2.24,8.273676417902516
2.241,8.25598817255524
2.242,8.238295855670941
2.243,8.220599467249595
2.244,8.202899007291219
2.245,8.185194475795816
2.246,8.167485872763384
2.247,8.149773198193927
2.248,8.132056452087452
2.249,8.114335634443938
2.25,8.096610745263394
2.251,8.078881784545839
2.2520000000000002,8.061148752291224
2.253,8.04341164849959
2.254,8.025670473170928
2.255,8.007925226305254
2.2560000000000002,7.990175907902512
2.257,7.972422517962768
2.258,7.954665056485994
2.259,7.936903523472179
2.2600000000000002,7.919137918921325
2.261,7.901368242833482
2.262,7.883594495208568
2.263,7.865816676046626
2.2640000000000002,7.848034785347677
2.265,7.8302488231116865
2.266,7.8124587893386686
2.267,7.7946646840286355
2.2680000000000002,7.776866507181545
2.269,7.759064258797428
2.27,7.741257938876284
2.271,7.723447547418125
2.2720000000000002,7.705633084422918
2.273,7.687814549890676
2.274,7.669991943821412
2.275,7.652165266215141
2.2760000000000002,7.634334517071807
2.277,7.616499696391458
2.278,7.598660804174097
2.279,7.580817840419686
2.2800000000000002,7.56297080512824
2.281,7.545119698299796
2.282,7.5272645199342945
2.283,7.509405270031772
2.2840000000000003,7.4915419485922135
2.285,7.473674555615643
2.286,7.455803091102014
2.287,7.43792755505138
2.2880000000000003,7.420047947463697
2.289,7.402164268338992
2.29,7.384276517677273
2.291,7.366384695478506
2.2920000000000003,7.348488801742703
2.293,7.330588836469895
2.294,7.31268479966005
2.295,7.294776691313157
2.2960000000000003,7.276864511429256
2.297,7.25894826000832
2.298,7.241027937050328
2.299,7.223103542555344
2.3000000000000003,7.205175076523303
2.301,7.187242538954234
2.302,7.1693059298481305
2.303,7.151365249205028
2.3040000000000003,7.1334204970248685
2.305,7.115471673307669
2.306,7.097518778053467
2.307,7.079561811262252
2.308,7.061600772933959
2.309,7.043635663068676
2.31,7.025666481666355
2.311,7.007693228727007
2.312,6.9897159042506205
2.313,6.971734508237206
2.314,6.953749040686753
2.315,6.935759501599264
2.316,6.9177658909747874
2.317,6.899768208813218
2.318,6.881766455114638
2.319,6.863760629879075
2.32,6.845750733106457
2.321,6.827736764796777
2.322,6.8097187249501125
2.323,6.791696613566395
2.324,6.773670430645657
2.325,6.755640176187893
2.326,6.737605850193089
2.327,6.719567452661251
2.328,6.701524983592396
2.329,6.683478442986492
2.33,6.6654278308435755
2.331,6.647373147163611
2.332,6.62931439194663
2.333,6.6112515651926005
2.334,6.593184666901552
2.335,6.575113697073496
2.336,6.557038655708402
2.337,6.5389595428062695
2.338,6.520876358367103
2.339,6.5027891023909286
2.34,6.484697774877708
2.341,6.46660237582745
2.342,6.448502905240185
2.343,6.43039936311587
2.344,6.412291749454518
2.345,6.394180064256174
2.346,6.376064307520763
2.347,6.357944479248328
2.348,6.3398205794389
2.349,6.321692608092373
2.35,6.303560565208871
2.351,6.285424450788332
2.352,6.267284264830749
2.353,6.24914000733614
2.354,6.230991678304511
2.355,6.21283927773586
2.356,6.194682805630158
2.357,6.176522261987437
2.358,6.158357646807682
2.359,6.140188960090898
2.36,6.12201620183707
2.361,6.103839372046223
2.362,6.085658470718334
2.363,6.067473497853438
2.364,6.049284453451506
2.365,6.03109133751254
2.366,6.012894150036539
2.367,5.994692891023524
2.368,5.976487560473494
2.369,5.95827815838638
2.37,5.940064684762275
2.371,5.921847139601155
2.372,5.9036255229029795
2.373,5.885399834667753
2.374,5.867170074895537
2.375,5.848936243586277
2.376,5.830698340739996
2.3770000000000002,5.812456366356665
2.378,5.7942103204363224
2.379,5.775960202978936
2.38,5.757706013984537
2.3810000000000002,5.739447753453101
2.382,5.721185421384625
2.383,5.702919017779134
2.384,5.684648542636609
2.3850000000000002,5.66637399595704
2.386,5.648095377740466
2.387,5.629812687986849
2.388,5.6115259266962045
2.3890000000000002,5.593235093868502
2.39,5.574940189503803
2.391,5.556641213602067
2.392,5.538338166163303
2.3930000000000002,5.520031047187489
2.394,5.50171985667467
2.395,5.483404594624822
2.396,5.46508526103794
2.3970000000000002,5.446761855914035
2.398,5.428434379253076
2.399,5.410102831055102
2.4,5.391767211320108
2.4010000000000002,5.373427520048056
2.402,5.355083757239013
2.403,5.336735922892927
2.404,5.318384017009814
2.4050000000000002,5.3000280395896295
2.406,5.281667990632468
2.407,5.26330387013825
2.408,5.2449356781070104
2.4090000000000003,5.226563414538735
2.41,5.208187079433434
2.411,5.1898066727911045
2.412,5.171422194611759
2.4130000000000003,5.153033644895365
2.414,5.13464102364193
2.415,5.116244330851496
2.416,5.097843566524032
2.4170000000000003,5.079438730659491
2.418,5.061029823257958
2.419,5.042616844319398
2.42,5.024199793843794
2.4210000000000003,5.005778671831147
2.422,4.987353478281489
2.423,4.9689242131947955
2.424,4.950490876571086
2.4250000000000003,4.932053468410321
2.426,4.9136119887125576
2.427,4.895166437477738
2.428,4.876716814705917
2.4290000000000003,4.858263120397047
2.43,4.8398053545511575
2.431,4.821343517168233
2.432,4.8028776082483
2.433,4.78440762779129
2.434,4.765933575797274
2.435,4.747455452266238
2.436,4.728973257198172
2.437,4.7104869905930675
2.438,4.691996652450916
2.439,4.673502242771754
2.44,4.655003761555562
2.441,4.636501208802353
2.442,4.617994584512097
2.443,4.5994838886848015
2.444,4.5809691213205195
2.445,4.562450282419184
2.446,4.543927371980795
2.447,4.525400390005394
2.448,4.506869336492951
2.449,4.488334211443489
2.45,4.469795014856981
2.451,4.451251746733461
2.452,4.4327044070729205
2.453,4.414152995875333
2.454,4.395597513140713
2.455,4.377037958869081
2.456,4.358474333060421
2.457,4.339906635714729
2.458,4.321334866831997
2.459,4.302759026412231
2.46,4.28417911445546
2.461,4.265595130961642
2.462,4.2470070759307905
2.463,4.228414949362898
2.464,4.209818751258016
2.465,4.191218481616086
2.466,4.172614140437073
2.467,4.1540057277211115
2.468,4.135393243468082
2.469,4.116776687678011
2.47,4.098156060350936
2.471,4.079531361486827
2.472,4.060902591085678
2.473,4.042269749147533
2.474,4.02363283567231
2.475,4.004991850660083
2.476,3.9863467941107973
2.477,3.9676976660245056
2.478,3.9490444664011717
2.479,3.930387195240803
2.48,3.9117258525434453
2.481,3.893060438309019
2.482,3.8743909525375586
2.483,3.8557173952290884
2.484,3.837039766383593
2.485,3.8183580660010716
2.486,3.7996722940814984
2.487,3.780982450624922
2.488,3.762288535631303
2.489,3.7435905491006447
2.49,3.7248884910329854
2.491,3.706182361428267
2.492,3.6874721602865126
2.493,3.668757887607783
2.494,3.650039543391943
2.495,3.6313171276391216
2.496,3.612590640349279
2.497,3.593860081522398
2.498,3.575125451158462
2.499,3.5563867492575234
2.5,3.5376439758195377
2.501,3.5188971308445303
2.5020000000000002,3.500146214332499
2.503,3.4813912262834408
2.504,3.462632166697321
2.505,3.4438690355742017
2.5060000000000002,3.4251018329140526
2.507,3.4063305587168546
2.508,3.3875552129826447
2.509,3.3687757957113993
2.5100000000000002,3.349992306903103
2.511,3.3312047465578
2.512,3.312413114675457
2.513,3.293617411256114
2.5140000000000002,3.2748176362997126
2.515,3.2560137898062833
2.516,3.237205871775858
2.517,3.2183938822083675
2.5180000000000002,3.1995778211038526
2.519,3.1807576884623114
2.52,3.161933484283733
2.521,3.143105208568117
2.5220000000000002,3.1242728613155024
2.523,3.105436442525842
2.524,3.086595952199145
2.525,3.0677513903354394
2.5260000000000002,3.048902756934672
2.527,3.030050051996883
2.528,3.011193275522095
2.529,2.992332427510257
2.5300000000000002,2.9734675079613724
2.531,2.954598516875493
2.532,2.9357254542525553
2.533,2.916848320092597
2.5340000000000003,2.8979671143956085
2.535,2.8790818371615914
2.536,2.860192488390542
2.537,2.841299068082456
2.5380000000000003,2.822401576237325
2.539,2.8035000128551966
2.54,2.7845943779360236
2.541,2.7656846714798355
2.5420000000000003,2.7467708934866066
2.543,2.7278530439563493
2.544,2.7089311228890702
2.545,2.690005130284757
2.5460000000000003,2.6710750661434113
2.547,2.652140930465022
2.548,2.633202723249644
2.549,2.614260444497209
2.5500000000000003,2.59531409420773
2.551,2.576363672381259
2.552,2.557409179017722
2.553,2.5384506141171683
2.5540000000000003,2.519487977679582
2.555,2.500521269704961
2.556,2.4815504901933254
2.557,2.4625756391446623
2.5580000000000003,2.4435967165589596
2.559,2.424613722436228
2.56,2.4056266567764646
2.561,2.3866355195796873
2.562,2.3676403108458346
2.563,2.3486410305750143
2.564,2.3296376787671416
2.565,2.3106302554222187
2.566,2.2916187605402767
2.567,2.272603194121298
2.568,2.2535835561652893
2.569,2.2345598466722683
2.57,2.2155320656422024
2.571,2.196500213075128
2.572,2.1774642889709956
2.573,2.158424293329846
2.574,2.1393802261516957
2.575,2.120332087436451
2.576,2.1012798771842363
2.577,2.082223595394977
2.578,2.0631632420686667
2.579,2.0440988172053545
2.58,2.0250303208050044
2.581,2.0059577528676025
2.582,1.9868811133931796
2.583,1.967800402381748
2.584,1.9487156198332807
2.585,1.9296267657477635
2.586,1.9105338401252345
2.587,1.8914368429656685
2.588,1.8723357742690607
2.589,1.8532306340354625
2.59,1.8341214222648103
2.591,1.8150081389571113
2.592,1.7958907841124145
2.593,1.776769357730664
2.594,1.757643859811898
2.595,1.7385142903560875
2.596,1.7193806493632466
2.597,1.700242936833385
2.598,1.681101152766486
2.599,1.6619552971625644
2.6,1.6428053700216227
2.601,1.623651371343627
2.602,1.604493301128629
2.603,1.5853311593765804
2.604,1.566164946087516
2.605,1.5469946612614298
2.606,1.5278203048983086
2.607,1.5086418769981293
2.608,1.489459377560926
2.609,1.4702728065867292
2.61,1.4510821640754878
2.611,1.431887450027186
2.612,1.4126886644419057
2.613,1.3934858073195469
2.614,1.3742788786601814
2.615,1.3550678784637975
2.616,1.335852806730364
2.617,1.316633663459909
2.618,1.2974104486524438
2.619,1.2781831623079114
2.62,1.258951804426371
2.621,1.2397163750078095
2.622,1.2204768740521985
2.623,1.2012333015595638
2.624,1.1819856575298773
2.625,1.1627339419631983
2.626,1.143478154859466
2.6270000000000002,1.1242182962186975
2.628,1.1049543660409191
2.629,1.0856863643260906
2.63,1.0664142910742471
2.6310000000000002,1.047138146285374
2.632,1.027857929959481
2.633,1.0085736420965543
2.634,0.9892852826965921
2.6350000000000002,0.9699928517596057
2.636,0.9506963492855779
2.637,0.9313957752745213
2.638,0.9120911297264676
2.6390000000000002,0.8927824126413338
2.64,0.8734696240191931
2.641,0.8541527638600303
2.642,0.8348318321638246
2.6430000000000002,0.815506828930586
2.644,0.79617775416034
2.645,0.7768446078530585
2.646,0.7575073900087326
2.6470000000000002,0.7381661006273902
2.648,0.718820739709013
2.649,0.6994713072536108
2.65,0.6801178032611799
2.6510000000000002,0.6607602277317033
2.652,0.641398580665199
2.653,0.6220328620616589
2.654,0.6026630719211163
2.6550000000000002,0.5832892102435199
2.656,0.5639112770288965
2.657,0.5445292722772507
2.658,0.5251431959885682
2.6590000000000003,0.5057530481628487
2.66,0.4863588288001209
2.661,0.46696053790036923
2.662,0.4475581754635747
2.6630000000000003,0.42815174148974255
2.664,0.40874123597890244
2.665,0.389326658931013
2.666,0.3699080103461071
2.6670000000000003,0.3504852902241761
2.668,0.33105849856517394
2.669,0.31162763536919286
2.67,0.2921927006361532
2.6710000000000003,0.27275369436609065
2.672,0.25331061655898546
2.673,0.23386346721489198
2.674,0.2144122463337395
2.6750000000000003,0.1949569539155427
2.676,0.17549758996033912
2.677,0.1560341544681125
2.678,0.1365666474388218
2.6790000000000003,0.11709506887254212
2.68,0.09761941876920471
2.681,0.07813969712883671
2.682,0.058655903951454626
2.6830000000000003,0.03916803923703383
2.684,0.019676102985556672
2.685,0.00018009519707915965
2.686,0.00018009519707915965
2.6870000000000003,0.000565595508963453
2.688,0.0009470242837879378
2.689,0.0013243815216047953
2.69,0.0016976672223778875
2.691,0.0020668813861572715
2.692,0.002432024012870287
2.693,0.0027930951025637086
2.694,0.0031500946552333077
2.695,0.0035030226708714788
2.696,0.003851879149487243
2.697,0.00419666409105968
2.698,0.004537377495602096
2.699,0.004874019363108533
