x-coordinate,Vy
0.0,-0.0040715370297352265
0.001,-0.008143074059470453
0.002,-0.01221461108920568
0.003,-0.016286148118940906
0.004,-0.020357685148676134
0.005,-0.024429222178411363
0.006,-0.02850075920814659
0.007,-0.03257229623788182
0.008,-0.03664383326761705
0.009000000000000001,-0.040715370297352275
0.01,-0.044786907327087504
0.011,-0.04885844435682273
0.012,-0.05292998138655796
0.013000000000000001,-0.05700151841629319
0.014,-0.06107305544602842
0.015,-0.06514459247576364
0.016,-0.06921612950549887
0.017,-0.0732876665352341
0.018000000000000002,-0.07735920356496932
0.019,-0.08143074059470455
0.02,-0.08550227762443978
0.021,-0.08957381465417501
0.022,-0.09364535168391024
0.023,-0.09771688871364546
0.024,-0.10178842574338069
0.025,-0.10585996277311592
0.026000000000000002,-0.10993149980285115
0.027,-0.11400303683258638
0.028,-0.1180745738623216
0.029,-0.12214611089205683
0.03,-0.12621764792179205
0.031,-0.13028918495152728
0.032,-0.1343607219812625
0.033,-0.13843225901099773
0.034,-0.14250379604073296
0.035,-0.1465753330704682
0.036000000000000004,-0.15064687010020342
0.037,-0.15471840712993865
0.038,-0.15878994415967387
0.039,-0.1628614811894091
0.04,-0.16693301821914433
0.041,-0.17100455524887956
0.042,-0.1750760922786148
0.043000000000000003,-0.17914762930835001
0.044,-0.18321916633808524
0.045,-0.18729070336782047
0.046,-0.1913622403975557
0.047,-0.19543377742729093
0.048,-0.19950531445702616
0.049,-0.20357685148676138
0.05,-0.2076483885164966
0.051000000000000004,-0.21171992554623184
0.052000000000000005,-0.21579146257596707
0.053,-0.2198629996057023
0.054,-0.22393453663543753
0.055,-0.22800607366517275
0.056,-0.23207761069490798
0.057,-0.2361491477246432
0.058,-0.24022068475437844
0.059000000000000004,-0.24429222178411367
0.06,-0.2483637588138489
0.061,-0.2524352958435841
0.062,-0.2565068328733193
0.063,-0.26057836990305455
0.064,-0.2646499069327898
0.065,-0.268721443962525
0.066,-0.27279298099226024
0.067,-0.27686451802199546
0.068,-0.2809360550517307
0.069,-0.2850075920814659
0.07,-0.28907912911120115
0.07100000000000001,-0.2931506661409364
0.07200000000000001,-0.2972222031706716
0.073,-0.30129374020040683
0.074,-0.30536527723014206
0.075,-0.3094368142598773
0.076,-0.3135083512896125
0.077,-0.31757988831934775
0.078,-0.321651425349083
0.079,-0.3257229623788182
0.08,-0.32979449940855343
0.081,-0.33386603643828866
0.082,-0.3379375734680239
0.083,-0.3420091104977591
0.084,-0.34608064752749435
0.085,-0.3501521845572296
0.08600000000000001,-0.3542237215869648
0.08700000000000001,-0.35829525861670003
0.088,-0.36236679564643526
0.089,-0.3664383326761705
0.09,-0.3705098697059057
0.091,-0.37458140673564094
0.092,-0.37865294376537617
0.093,-0.3827244807951114
0.094,-0.3867960178248466
0.095,-0.39086755485458186
0.096,-0.3949390918843171
0.097,-0.3990106289140523
0.098,-0.40308216594378754
0.099,-0.40715370297352277
0.1,-0.411225240003258
0.101,-0.4152967770329932
0.10200000000000001,-0.41936831406272845
0.10300000000000001,-0.4234398510924637
0.10400000000000001,-0.4275113881221989
0.105,-0.43158292515193414
0.106,-0.43565446218166937
0.107,-0.4397259992114046
0.108,-0.4437975362411398
0.109,-0.44786907327087505
0.11,-0.4519406103006103
0.111,-0.4560121473303455
0.112,-0.46008368436008074
0.113,-0.46415522138981596
0.114,-0.4682267584195512
0.115,-0.4722982954492864
0.116,-0.47636983247902165
0.117,-0.4804413695087569
0.11800000000000001,-0.4845129065384921
0.11900000000000001,-0.48858444356822733
0.12,-0.49265598059796256
0.121,-0.4967275176276978
0.122,-0.500799054657433
0.123,-0.5048705916871682
0.124,-0.5089421287169034
0.125,-0.5130136657466385
0.126,-0.5170852027763737
0.127,-0.5211567398061089
0.128,-0.525228276835844
0.129,-0.5292998138655792
0.13,-0.5333713508953144
0.131,-0.5374428879250496
0.132,-0.5415144249547847
0.133,-0.5455859619845199
0.134,-0.5496574990142551
0.135,-0.5537290360439903
0.136,-0.5578005730737254
0.137,-0.5618721101034606
0.138,-0.5659436471331958
0.139,-0.570015184162931
0.14,-0.5740867211926661
0.14100000000000001,-0.5781582582224013
0.14200000000000002,-0.5822297952521365
0.14300000000000002,-0.5863013322818716
0.14400000000000002,-0.5903728693116068
0.145,-0.594444406341342
0.146,-0.5985159433710772
0.147,-0.6025874804008123
0.148,-0.6066590174305475
0.149,-0.6107305544602827
0.15,-0.6148020914900179
0.151,-0.618873628519753
0.152,-0.6229451655494882
0.153,12.874954267750512
0.153,12.870882730720776
0.154,12.86681119369104
0.155,12.862739656661304
0.156,12.858668119631568
0.157,12.854596582601832
0.158,12.850525045572097
0.159,12.84645350854236
0.16,12.842381971512625
0.161,12.838310434482889
0.162,12.834238897453153
0.163,12.830167360423417
0.164,12.82609582339368
0.165,12.822024286363945
0.166,12.817952749334209
0.167,12.813881212304473
0.168,12.809809675274737
0.169,12.805738138245001
0.17,12.801666601215265
0.171,12.79759506418553
0.17200000000000001,12.793523527155793
0.17300000000000001,12.789451990126057
0.17400000000000002,12.785380453096321
0.17500000000000002,12.781308916066585
0.176,12.77723737903685
0.177,12.773165842007113
0.178,12.769094304977378
0.179,12.765022767947642
0.18,12.760951230917906
0.181,12.75687969388817
0.182,12.752808156858434
0.183,12.748736619828698
0.184,12.744665082798962
0.185,12.740593545769226
0.186,12.73652200873949
0.187,12.732450471709754
0.188,12.728378934680018
0.189,12.724307397650282
0.19,12.720235860620546
0.191,12.71616432359081
0.192,12.712092786561074
0.193,12.708021249531338
0.194,12.703949712501602
0.195,12.699878175471866
0.196,12.69580663844213
0.197,12.691735101412394
0.198,12.687663564382659
0.199,12.683592027352923
0.2,12.679520490323187
0.201,12.67544895329345
0.202,12.671377416263715
0.203,12.667305879233979
0.20400000000000001,12.663234342204243
0.20500000000000002,12.659162805174507
0.20600000000000002,12.655091268144771
0.20700000000000002,12.651019731115035
0.20800000000000002,12.646948194085299
0.209,12.642876657055563
0.21,12.638805120025827
0.211,12.634733582996091
0.212,12.630662045966355
0.213,12.62659050893662
0.214,12.622518971906883
0.215,12.618447434877147
0.216,12.614375897847411
0.217,12.610304360817675
0.218,12.60623282378794
0.219,12.602161286758204
0.22,12.598089749728468
0.221,12.594018212698732
0.222,12.589946675668996
0.223,12.58587513863926
0.224,12.581803601609524
0.225,12.577732064579788
0.226,12.573660527550052
0.227,12.569588990520316
0.228,12.56551745349058
0.229,12.561445916460844
0.23,12.557374379431108
0.231,12.553302842401372
0.232,12.549231305371636
0.233,12.5451597683419
0.234,12.541088231312164
0.23500000000000001,12.537016694282428
0.23600000000000002,12.532945157252692
0.23700000000000002,12.528873620222956
0.23800000000000002,12.52480208319322
0.23900000000000002,12.520730546163485
0.24,12.516659009133749
0.241,12.512587472104013
0.242,12.508515935074277
0.243,12.50444439804454
0.244,12.500372861014805
0.245,12.496301323985069
0.246,12.492229786955333
0.247,12.488158249925597
0.248,12.484086712895861
0.249,12.480015175866125
0.25,12.47594363883639
0.251,12.471872101806653
0.252,12.467800564776917
0.253,12.463729027747181
0.254,12.459657490717445
0.255,12.45558595368771
0.256,12.451514416657973
0.257,12.447442879628237
0.258,12.443371342598502
0.259,12.439299805568766
0.26,12.43522826853903
0.261,12.431156731509294
0.262,12.427085194479558
0.263,12.423013657449822
0.264,12.418942120420086
0.265,12.41487058339035
0.266,12.410799046360614
0.267,12.406727509330878
0.268,12.402655972301142
0.269,12.398584435271406
0.27,12.39451289824167
0.271,12.390441361211934
0.272,12.386369824182198
0.273,12.382298287152462
0.274,12.378226750122726
0.275,12.37415521309299
0.276,12.370083676063254
0.277,12.366012139033518
0.278,12.361940602003783
0.279,12.357869064974047
0.28,12.35379752794431
0.281,12.349725990914575
0.28200000000000003,12.345654453884839
0.28300000000000003,12.341582916855103
0.28400000000000003,12.337511379825367
0.28500000000000003,12.33343984279563
0.28600000000000003,12.329368305765895
0.28700000000000003,12.325296768736159
0.28800000000000003,12.321225231706423
0.289,12.317153694676687
0.29,12.313082157646951
0.291,12.309010620617215
0.292,12.30493908358748
0.293,12.300867546557743
0.294,12.296796009528007
0.295,12.292724472498271
0.296,12.288652935468535
0.297,12.2845813984388
0.298,12.280509861409064
0.299,12.276438324379328
0.3,12.272366787349592
0.301,12.268295250319856
0.302,12.26422371329012
0.303,12.260152176260384
0.304,12.256080639230648
0.305,12.252009102200912
0.306,12.247937565171176
0.307,12.24386602814144
0.308,12.239794491111704
0.309,12.235722954081968
0.31,12.231651417052232
0.311,12.227579880022496
0.312,12.22350834299276
0.313,12.219436805963024
0.314,12.215365268933288
0.315,12.211293731903552
0.316,12.207222194873816
0.317,12.20315065784408
0.318,12.199079120814345
0.319,12.195007583784609
0.32,12.190936046754873
0.321,12.186864509725137
0.322,12.1827929726954
0.323,12.178721435665665
0.324,12.174649898635929
0.325,12.170578361606193
0.326,12.166506824576457
0.327,12.162435287546721
0.328,12.158363750516985
0.329,12.154292213487249
0.33,12.150220676457513
0.331,12.146149139427777
0.332,12.142077602398041
0.333,12.138006065368305
0.334,12.13393452833857
0.335,12.129862991308833
0.336,12.125791454279097
0.337,12.121719917249361
0.338,12.117648380219626
0.339,12.11357684318989
0.34,12.109505306160154
0.341,12.105433769130418
0.342,12.101362232100682
0.343,12.097290695070946
0.34400000000000003,12.09321915804121
0.34500000000000003,12.089147621011474
0.34600000000000003,12.085076083981738
0.34700000000000003,12.081004546952002
0.34800000000000003,12.076933009922266
0.34900000000000003,12.07286147289253
0.35000000000000003,12.068789935862794
0.35100000000000003,12.064718398833058
0.352,12.060646861803322
0.353,12.056575324773586
0.354,12.05250378774385
0.355,12.048432250714114
0.356,12.044360713684378
0.357,12.040289176654642
0.358,12.036217639624907
0.359,12.03214610259517
0.36,12.028074565565435
0.361,12.024003028535699
0.362,12.019931491505963
0.363,12.015859954476227
0.364,12.01178841744649
0.365,12.007716880416755
0.366,12.003645343387019
0.367,11.999573806357283
0.368,11.995502269327547
0.369,11.991430732297811
0.37,11.987359195268075
0.371,11.98328765823834
0.372,11.979216121208603
0.373,11.975144584178867
0.374,11.971073047149131
0.375,11.967001510119395
0.376,11.96292997308966
0.377,11.958858436059923
0.378,11.954786899030188
0.379,11.950715362000452
0.38,11.946643824970716
0.381,11.94257228794098
0.382,11.938500750911244
0.383,11.934429213881508
0.384,11.930357676851772
0.385,11.926286139822036
0.386,11.9222146027923
0.387,11.918143065762564
0.388,11.914071528732828
0.389,11.909999991703092
0.39,11.905928454673356
0.391,11.90185691764362
0.392,11.897785380613884
0.393,11.893713843584148
0.394,11.889642306554412
0.395,11.885570769524676
0.396,11.88149923249494
0.397,11.877427695465204
0.398,11.873356158435469
0.399,11.869284621405733
0.4,11.865213084375997
0.401,11.86114154734626
0.402,11.857070010316525
0.403,11.852998473286789
0.404,11.848926936257053
0.405,11.844855399227317
0.406,11.840783862197581
0.40700000000000003,11.836712325167845
0.40800000000000003,11.832640788138109
0.40900000000000003,11.828569251108373
0.41000000000000003,11.824497714078637
0.41100000000000003,11.820426177048901
0.41200000000000003,11.816354640019165
0.41300000000000003,11.81228310298943
0.41400000000000003,11.808211565959693
0.41500000000000004,11.804140028929957
0.41600000000000004,11.800068491900221
0.417,11.795996954870485
0.418,11.79192541784075
0.419,11.787853880811014
0.42,11.783782343781278
0.421,11.779710806751542
0.422,11.775639269721806
0.423,11.77156773269207
0.424,11.767496195662334
0.425,11.763424658632598
0.426,11.759353121602862
0.427,11.755281584573126
0.428,11.75121004754339
0.429,11.747138510513654
0.43,11.743066973483918
0.431,11.738995436454182
0.432,11.734923899424446
0.433,11.73085236239471
0.434,11.726780825364974
0.435,11.722709288335238
0.436,11.718637751305502
0.437,11.714566214275766
0.438,11.71049467724603
0.439,11.706423140216295
0.44,11.702351603186559
0.441,11.698280066156823
0.442,11.694208529127087
0.443,11.69013699209735
0.444,11.686065455067615
0.445,11.681993918037879
0.446,11.677922381008143
0.447,11.673850843978407
0.448,11.669779306948671
0.449,11.665707769918935
0.45,11.6616362328892
0.451,11.657564695859463
0.452,11.653493158829727
0.453,11.649421621799991
0.454,11.645350084770255
0.455,11.64127854774052
0.456,11.637207010710783
0.457,11.633135473681048
0.458,11.629063936651312
0.459,11.624992399621576
0.46,11.62092086259184
0.461,11.616849325562104
0.462,11.612777788532368
0.463,11.608706251502632
0.464,11.604634714472896
0.465,11.60056317744316
0.466,11.596491640413424
0.467,11.592420103383688
0.468,11.588348566353952
0.46900000000000003,11.584277029324216
0.47000000000000003,11.58020549229448
0.47100000000000003,11.576133955264744
0.47200000000000003,11.572062418235008
0.47300000000000003,11.567990881205272
0.47400000000000003,11.563919344175536
0.47500000000000003,11.5598478071458
0.47600000000000003,11.555776270116064
0.47700000000000004,11.551704733086329
0.47800000000000004,11.547633196056593
0.47900000000000004,11.543561659026857
0.48,11.53949012199712
0.481,11.535418584967385
0.482,11.531347047937649
0.483,11.527275510907913
0.484,11.523203973878177
0.485,11.519132436848441
0.486,11.515060899818705
0.487,11.510989362788969
0.488,11.506917825759233
0.489,11.502846288729497
0.49,11.498774751699761
0.491,11.494703214670025
0.492,11.49063167764029
0.493,11.486560140610553
0.494,11.482488603580817
0.495,11.478417066551081
0.496,11.474345529521345
0.497,11.47027399249161
0.498,11.466202455461874
0.499,11.462130918432138
0.5,11.458059381402402
0.501,11.453987844372666
0.502,11.44991630734293
0.503,11.445844770313194
0.504,11.441773233283458
0.505,11.437701696253722
0.506,11.433630159223986
0.507,11.42955862219425
0.508,11.425487085164514
0.509,11.421415548134778
0.51,11.417344011105042
0.511,11.413272474075306
0.512,11.40920093704557
0.513,11.405129400015834
0.514,11.401057862986098
0.515,11.396986325956362
0.516,11.392914788926626
0.517,11.38884325189689
0.518,11.384771714867155
0.519,11.380700177837419
0.52,11.376628640807683
0.521,11.372557103777947
0.522,11.36848556674821
0.523,11.364414029718475
0.524,11.360342492688739
0.525,11.356270955659003
0.526,11.352199418629267
0.527,11.348127881599531
0.528,11.344056344569795
0.529,11.339984807540059
0.53,11.335913270510323
0.531,11.331841733480587
0.532,11.327770196450851
0.533,11.323698659421115
0.534,11.31962712239138
0.535,11.315555585361643
0.536,11.311484048331907
0.537,11.307412511302172
0.538,11.303340974272436
0.539,11.2992694372427
0.54,11.295197900212964
0.541,11.291126363183228
0.542,11.287054826153492
0.543,11.282983289123756
0.544,11.27891175209402
0.545,11.274840215064284
0.546,11.270768678034548
0.547,11.266697141004812
0.548,11.262625603975076
0.549,11.25855406694534
0.55,11.254482529915604
0.551,11.250410992885868
0.552,11.246339455856132
0.553,11.242267918826396
0.554,11.23819638179666
0.555,11.234124844766924
0.556,11.230053307737188
0.557,11.225981770707453
0.558,11.221910233677717
0.559,11.21783869664798
0.56,11.213767159618245
0.561,11.209695622588509
0.562,11.205624085558773
0.5630000000000001,11.201552548529037
0.5640000000000001,11.1974810114993
0.5650000000000001,11.193409474469565
0.5660000000000001,11.189337937439829
0.5670000000000001,11.185266400410093
0.5680000000000001,11.181194863380357
0.5690000000000001,11.177123326350621
0.5700000000000001,11.173051789320885
0.5710000000000001,11.16898025229115
0.5720000000000001,11.164908715261413
0.5730000000000001,11.160837178231677
0.5740000000000001,11.156765641201941
0.5750000000000001,11.152694104172205
0.5760000000000001,11.14862256714247
0.577,11.144551030112734
0.578,11.140479493082998
0.579,11.136407956053262
0.58,11.132336419023526
0.581,11.12826488199379
0.582,11.124193344964054
0.583,11.120121807934318
0.584,11.116050270904582
0.585,11.111978733874846
0.586,11.10790719684511
0.587,11.103835659815374
0.588,11.099764122785638
0.589,11.095692585755902
0.59,11.091621048726166
0.591,11.08754951169643
0.592,11.083477974666694
0.593,11.079406437636958
0.594,11.075334900607222
0.595,11.071263363577486
0.596,11.06719182654775
0.597,11.063120289518015
0.598,11.059048752488279
0.599,11.054977215458543
0.6,11.050905678428807
0.601,11.04683414139907
0.602,11.042762604369335
0.603,11.038691067339599
0.604,11.034619530309863
0.605,11.030547993280127
0.606,11.026476456250391
0.607,11.022404919220655
0.608,11.018333382190919
0.609,11.014261845161183
0.61,11.010190308131447
0.611,11.006118771101711
0.612,11.002047234071975
0.613,10.99797569704224
0.614,10.993904160012503
0.615,10.989832622982767
0.616,10.985761085953031
0.617,10.981689548923296
0.618,10.97761801189356
0.619,10.973546474863824
0.62,10.969474937834088
0.621,10.965403400804352
0.622,10.961331863774616
0.623,10.95726032674488
0.624,10.953188789715144
0.625,10.949117252685408
0.626,10.945045715655672
0.627,10.940974178625936
0.628,10.9369026415962
0.629,10.932831104566464
0.63,10.928759567536728
0.631,10.924688030506992
0.632,10.920616493477256
0.633,10.91654495644752
0.634,10.912473419417784
0.635,10.908401882388048
0.636,10.904330345358312
0.637,10.900258808328577
0.638,10.89618727129884
0.639,10.892115734269105
0.64,10.888044197239369
0.641,10.883972660209633
0.642,10.879901123179897
0.643,10.87582958615016
0.644,10.871758049120425
0.645,10.867686512090689
0.646,10.863614975060953
0.647,10.859543438031217
0.648,10.855471901001481
0.649,10.851400363971745
0.65,10.84732882694201
0.651,10.843257289912273
0.652,10.839185752882537
0.653,10.835114215852801
0.654,10.831042678823065
0.655,10.82697114179333
0.656,10.822899604763593
0.657,10.818828067733858
0.658,10.814756530704122
0.659,10.810684993674386
0.66,10.80661345664465
0.661,10.802541919614914
0.662,10.798470382585178
0.663,10.794398845555442
0.664,10.790327308525706
0.665,10.78625577149597
0.666,10.782184234466234
0.667,10.778112697436498
0.668,10.774041160406762
0.669,10.769969623377026
0.67,10.76589808634729
0.671,10.761826549317554
0.672,10.757755012287818
0.673,10.753683475258082
0.674,10.749611938228346
0.675,10.74554040119861
0.676,10.741468864168874
0.677,10.737397327139139
0.678,10.733325790109403
0.679,10.729254253079667
0.68,10.72518271604993
0.681,10.721111179020195
0.682,10.717039641990459
0.683,10.712968104960723
0.684,10.708896567930987
0.685,10.704825030901251
0.686,10.700753493871515
0.687,10.696681956841779
0.6880000000000001,10.692610419812043
0.6890000000000001,10.688538882782307
0.6900000000000001,10.684467345752571
0.6910000000000001,10.680395808722835
0.6920000000000001,10.6763242716931
0.6930000000000001,10.672252734663363
0.6940000000000001,10.668181197633627
0.6950000000000001,10.664109660603891
0.6960000000000001,10.660038123574155
0.6970000000000001,10.65596658654442
0.6980000000000001,10.651895049514684
0.6990000000000001,10.647823512484948
0.7000000000000001,10.643751975455212
0.7010000000000001,10.639680438425476
0.7020000000000001,10.63560890139574
0.7030000000000001,10.631537364366004
0.704,10.627465827336268
0.705,10.623394290306532
0.706,10.619322753276796
0.707,10.61525121624706
0.708,10.611179679217324
0.709,10.607108142187588
0.71,10.603036605157852
0.711,10.598965068128116
0.712,10.59489353109838
0.713,10.590821994068644
0.714,10.586750457038908
0.715,10.582678920009172
0.716,10.578607382979436
0.717,10.5745358459497
0.718,10.570464308919965
0.719,10.566392771890229
0.72,10.562321234860493
0.721,10.558249697830757
0.722,10.55417816080102
0.723,10.550106623771285
0.724,10.546035086741549
0.725,10.541963549711813
0.726,10.537892012682077
0.727,10.533820475652341
0.728,10.529748938622605
0.729,10.52567740159287
0.73,10.521605864563133
0.731,10.517534327533397
0.732,10.513462790503661
0.733,10.509391253473925
0.734,10.50531971644419
0.735,10.501248179414453
0.736,10.497176642384717
0.737,10.493105105354982
0.738,10.489033568325246
0.739,10.48496203129551
0.74,10.480890494265774
0.741,10.476818957236038
0.742,10.472747420206302
0.743,10.468675883176566
0.744,10.46460434614683
0.745,10.460532809117094
0.746,10.456461272087358
0.747,10.452389735057622
0.748,10.448318198027886
0.749,10.44424666099815
0.75,10.440175123968414
0.751,10.436103586938678
0.752,10.432032049908942
0.753,10.427960512879206
0.754,10.42388897584947
0.755,10.419817438819734
0.756,10.415745901789998
0.757,10.411674364760263
0.758,10.407602827730527
0.759,10.40353129070079
0.76,10.399459753671055
0.761,10.395388216641319
0.762,10.391316679611583
0.763,10.387245142581847
0.764,10.38317360555211
0.765,10.379102068522375
0.766,10.375030531492639
0.767,10.370958994462903
0.768,10.366887457433167
0.769,10.362815920403431
0.77,10.358744383373695
0.771,10.35467284634396
0.772,10.350601309314223
0.773,10.346529772284487
0.774,10.342458235254751
0.775,10.338386698225015
0.776,10.33431516119528
0.777,10.330243624165544
0.778,10.326172087135808
0.779,10.322100550106072
0.78,10.318029013076336
0.781,10.3139574760466
0.782,10.309885939016864
0.783,10.305814401987128
0.784,10.301742864957392
0.785,10.297671327927656
0.786,10.29359979089792
0.787,10.289528253868184
0.788,10.285456716838448
0.789,10.281385179808712
0.79,10.277313642778976
0.791,10.27324210574924
0.792,10.269170568719504
0.793,10.265099031689768
0.794,10.261027494660032
0.795,10.256955957630296
0.796,10.25288442060056
0.797,10.248812883570825
0.798,10.244741346541089
0.799,10.240669809511353
0.8,10.236598272481617
0.801,10.23252673545188
0.802,10.228455198422145
0.803,10.224383661392409
0.804,10.220312124362673
0.805,10.216240587332937
0.806,10.212169050303201
0.807,10.208097513273465
0.808,10.204025976243729
0.809,10.199954439213993
0.81,10.195882902184257
0.811,10.191811365154521
0.812,10.187739828124785
0.8130000000000001,10.18366829109505
0.8140000000000001,10.179596754065313
0.8150000000000001,10.175525217035577
0.8160000000000001,10.171453680005841
0.8170000000000001,10.167382142976106
0.8180000000000001,10.16331060594637
0.8190000000000001,10.159239068916634
0.8200000000000001,10.155167531886898
0.8210000000000001,10.151095994857162
0.8220000000000001,10.147024457827426
0.8230000000000001,10.14295292079769
0.8240000000000001,10.138881383767954
0.8250000000000001,10.134809846738218
0.8260000000000001,10.130738309708482
0.8270000000000001,10.126666772678746
0.8280000000000001,10.12259523564901
0.8290000000000001,10.118523698619274
0.8300000000000001,10.114452161589538
0.8310000000000001,10.110380624559802
0.8320000000000001,10.106309087530066
0.833,10.10223755050033
0.834,10.098166013470594
0.835,10.094094476440858
0.836,10.090022939411122
0.837,10.085951402381387
0.838,10.08187986535165
0.839,10.077808328321915
0.84,10.073736791292179
0.841,10.069665254262443
0.842,10.065593717232707
0.843,10.06152218020297
0.844,10.057450643173235
0.845,10.053379106143499
0.846,10.049307569113763
0.847,10.045236032084027
0.848,10.041164495054291
0.849,10.037092958024555
0.85,10.03302142099482
0.851,10.028949883965083
0.852,10.024878346935347
0.853,10.020806809905611
0.854,10.016735272875875
0.855,10.01266373584614
0.856,10.008592198816403
0.857,10.004520661786668
0.858,10.000449124756932
0.859,9.996377587727196
0.86,9.99230605069746
0.861,9.988234513667724
0.862,9.984162976637988
0.863,9.980091439608252
0.864,9.976019902578516
0.865,9.97194836554878
0.866,9.967876828519044
0.867,9.963805291489308
0.868,9.959733754459572
0.869,9.955662217429836
0.87,9.9515906804001
0.871,9.947519143370364
0.872,9.943447606340628
0.873,9.939376069310892
0.874,9.935304532281156
0.875,9.93123299525142
0.876,9.927161458221684
0.877,9.923089921191949
0.878,9.919018384162213
0.879,9.914946847132477
0.88,9.91087531010274
0.881,9.906803773073005
0.882,9.902732236043269
0.883,9.898660699013533
0.884,9.894589161983797
0.885,9.890517624954061
0.886,9.886446087924325
0.887,9.882374550894589
0.888,9.878303013864853
0.889,9.874231476835117
0.89,9.870159939805381
0.891,9.866088402775645
0.892,9.86201686574591
0.893,9.857945328716173
0.894,9.853873791686437
0.895,9.849802254656701
0.896,9.845730717626966
0.897,9.84165918059723
0.898,9.837587643567494
0.899,9.833516106537758
0.9,9.829444569508022
0.901,9.825373032478286
0.902,9.82130149544855
0.903,9.817229958418814
0.904,9.813158421389078
0.905,9.809086884359342
0.906,9.805015347329606
0.907,9.80094381029987
0.908,9.796872273270134
0.909,9.792800736240398
0.91,9.788729199210662
0.911,9.784657662180926
0.912,9.78058612515119
0.913,9.776514588121454
0.914,9.772443051091718
0.915,9.768371514061982
0.916,9.764299977032247
0.917,9.76022844000251
0.918,9.756156902972775
0.919,9.752085365943039
0.92,9.748013828913303
0.921,9.743942291883567
0.922,9.73987075485383
0.923,9.735799217824095
0.924,9.731727680794359
0.925,9.727656143764623
0.926,9.723584606734887
0.927,9.719513069705151
0.928,9.715441532675415
0.929,9.71136999564568
0.93,9.707298458615943
0.931,9.703226921586207
0.932,9.699155384556471
0.933,9.695083847526735
0.934,9.691012310497
0.935,9.686940773467263
0.936,9.682869236437528
0.937,9.678797699407792
0.9380000000000001,9.674726162378056
0.9390000000000001,9.67065462534832
0.9400000000000001,9.666583088318584
0.9410000000000001,9.662511551288848
0.9420000000000001,9.658440014259112
0.9430000000000001,9.654368477229376
0.9440000000000001,9.65029694019964
0.9450000000000001,9.646225403169904
0.9460000000000001,9.642153866140168
0.9470000000000001,9.638082329110432
0.9480000000000001,9.634010792080696
0.9490000000000001,9.62993925505096
0.9500000000000001,9.625867718021224
0.9510000000000001,9.621796180991488
0.9520000000000001,9.617724643961752
0.9530000000000001,9.613653106932016
0.9540000000000001,9.60958156990228
0.9550000000000001,9.605510032872544
0.9560000000000001,9.601438495842809
0.9570000000000001,9.597366958813073
0.9580000000000001,9.593295421783337
0.9590000000000001,9.5892238847536
0.96,9.585152347723865
0.961,9.581080810694129
0.962,9.577009273664393
0.963,9.572937736634657
0.964,9.568866199604921
0.965,9.564794662575185
0.966,9.560723125545449
0.967,9.556651588515713
0.968,9.552580051485977
0.969,9.548508514456241
0.97,9.544436977426505
0.971,9.54036544039677
0.972,9.536293903367033
0.973,9.532222366337297
0.974,9.528150829307561
0.975,9.524079292277825
0.976,9.52000775524809
0.977,9.515936218218354
0.978,9.511864681188618
0.979,9.507793144158882
0.98,9.503721607129146
0.981,9.49965007009941
0.982,9.495578533069674
0.983,9.491506996039938
0.984,9.487435459010202
0.985,9.483363921980466
0.986,9.47929238495073
0.987,9.475220847920994
0.988,9.471149310891258
0.989,9.467077773861522
0.99,9.463006236831786
0.991,9.45893469980205
0.992,9.454863162772314
0.993,9.450791625742578
0.994,9.446720088712842
0.995,9.442648551683106
0.996,9.43857701465337
0.997,9.434505477623635
0.998,9.430433940593899
0.999,9.426362403564163
1.0,9.422290866534427
1.0010000000000001,9.41821932950469
1.002,9.414147792474955
1.0030000000000001,9.410076255445219
1.004,9.406004718415483
1.0050000000000001,9.401933181385747
1.006,9.397861644356011
1.0070000000000001,9.393790107326275
1.008,9.38971857029654
1.0090000000000001,9.385647033266803
1.01,9.381575496237067
1.0110000000000001,9.377503959207331
1.012,9.373432422177595
1.0130000000000001,9.36936088514786
1.014,9.365289348118123
1.0150000000000001,9.361217811088387
1.016,9.357146274058652
1.0170000000000001,9.353074737028916
1.018,9.34900319999918
1.0190000000000001,9.344931662969444
1.02,9.340860125939708
1.0210000000000001,9.336788588909972
1.022,9.332717051880236
1.0230000000000001,9.3286455148505
1.024,9.324573977820764
1.025,9.320502440791028
1.026,9.316430903761292
1.027,9.312359366731556
1.028,9.30828782970182
1.029,9.304216292672084
1.03,9.300144755642348
1.031,9.296073218612612
1.032,9.292001681582876
1.033,9.28793014455314
1.034,9.283858607523404
1.035,9.279787070493668
1.036,9.275715533463933
1.037,9.271643996434197
1.038,9.26757245940446
1.039,9.263500922374725
1.04,9.259429385344989
1.041,9.255357848315253
1.042,9.251286311285517
1.043,9.24721477425578
1.044,9.243143237226045
1.045,9.239071700196309
1.046,9.235000163166573
1.047,9.230928626136837
1.048,9.226857089107101
1.049,9.222785552077365
1.05,9.21871401504763
1.051,9.214642478017893
1.052,9.210570940988157
1.053,9.206499403958421
1.054,9.202427866928685
1.055,9.19835632989895
1.056,9.194284792869214
1.057,9.190213255839478
1.058,9.186141718809742
1.059,9.182070181780006
1.06,9.17799864475027
1.061,9.173927107720534
1.062,9.169855570690798
1.063,9.165784033661062
1.064,9.161712496631326
1.065,9.15764095960159
1.066,9.153569422571854
1.067,9.149497885542118
1.068,9.145426348512382
1.069,9.141354811482646
1.07,9.13728327445291
1.071,9.133211737423174
1.072,9.129140200393438
1.073,9.125068663363702
1.074,9.120997126333966
1.075,9.11692558930423
1.076,9.112854052274495
1.077,9.108782515244759
1.078,9.104710978215023
1.079,9.100639441185287
1.08,9.09656790415555
1.081,9.092496367125815
1.082,9.088424830096079
1.083,9.084353293066343
1.084,9.080281756036607
1.085,9.076210219006871
1.086,9.072138681977135
1.087,9.068067144947399
1.088,9.063995607917663
1.089,9.059924070887927
1.09,9.055852533858191
1.091,9.051780996828455
1.092,9.04770945979872
1.093,9.043637922768983
1.094,9.039566385739247
1.095,9.035494848709511
1.096,9.031423311679776
1.097,9.02735177465004
1.098,9.023280237620304
1.099,9.019208700590568
1.1,9.015137163560832
1.101,9.011065626531096
1.102,9.00699408950136
1.103,9.002922552471624
1.104,8.998851015441888
1.105,8.994779478412152
1.106,8.990707941382416
1.107,8.98663640435268
1.108,8.982564867322944
1.109,8.978493330293208
1.11,8.974421793263472
1.111,8.970350256233736
1.112,8.966278719204
1.113,8.962207182174264
1.114,8.958135645144528
1.115,8.954064108114792
1.116,8.949992571085057
1.117,8.94592103405532
1.118,8.941849497025585
1.119,8.937777959995849
1.12,8.933706422966113
1.121,8.929634885936377
1.122,8.92556334890664
1.123,8.921491811876905
1.124,8.917420274847169
1.125,8.913348737817433
1.1260000000000001,8.909277200787697
1.127,8.905205663757961
1.1280000000000001,8.901134126728225
1.129,8.89706258969849
1.1300000000000001,8.892991052668753
1.131,8.888919515639017
1.1320000000000001,8.884847978609281
1.133,8.880776441579545
1.1340000000000001,8.87670490454981
1.135,8.872633367520073
1.1360000000000001,8.868561830490338
1.137,8.864490293460602
1.1380000000000001,8.860418756430866
1.139,8.85634721940113
1.1400000000000001,8.852275682371394
1.141,50.26027568237139
1.141,50.256204145341655
1.1420000000000001,50.25213260831192
1.143,50.24806107128218
1.1440000000000001,50.24398953425244
1.145,50.239917997222705
1.1460000000000001,50.23584646019297
1.147,50.23177492316323
1.1480000000000001,50.22770338613349
1.149,50.223631849103754
1.1500000000000001,50.219560312074016
1.151,50.21548877504428
1.1520000000000001,50.21141723801454
1.153,50.2073457009848
1.154,50.203274163955065
1.155,50.19920262692533
1.156,50.19513108989559
1.157,50.19105955286585
1.158,50.186988015836114
1.159,50.182916478806376
1.16,50.17884494177664
1.161,50.1747734047469
1.162,50.17070186771716
1.163,50.166630330687425
1.164,50.16255879365769
1.165,50.15848725662795
1.166,50.15441571959821
1.167,50.150344182568475
1.168,50.14627264553874
1.169,50.142201108509
1.17,50.13812957147926
1.171,50.134058034449524
1.172,50.129986497419786
1.173,50.12591496039005
1.174,50.12184342336031
1.175,50.11777188633057
1.176,50.113700349300835
1.177,50.1096288122711
1.178,50.10555727524136
1.179,50.10148573821162
1.18,50.097414201181884
1.181,50.093342664152146
1.182,50.08927112712241
1.183,50.08519959009267
1.184,50.08112805306293
1.185,50.077056516033196
1.186,50.07298497900346
1.187,50.06891344197372
1.188,50.06484190494398
1.189,50.060770367914245
1.19,50.05669883088451
1.191,50.05262729385477
1.192,50.04855575682503
1.193,50.044484219795294
1.194,50.040412682765556
1.195,50.03634114573582
1.196,50.03226960870608
1.197,50.02819807167634
1.198,50.024126534646605
1.199,50.02005499761687
1.2,50.01598346058713
1.201,50.01191192355739
1.202,50.007840386527654
1.203,50.00376884949792
1.204,49.99969731246818
1.205,49.99562577543844
1.206,49.9915542384087
1.207,49.987482701378966
1.208,49.98341116434923
1.209,49.97933962731949
1.21,49.97526809028975
1.211,49.971196553260015
1.212,49.96712501623028
1.213,49.96305347920054
1.214,49.9589819421708
1.215,49.954910405141064
1.216,49.950838868111326
1.217,49.94676733108159
1.218,49.94269579405185
1.219,49.93862425702211
1.22,49.934552719992375
1.221,49.93048118296264
1.222,49.9264096459329
1.223,49.92233810890316
1.224,49.918266571873424
1.225,49.91419503484369
1.226,49.91012349781395
1.227,49.90605196078421
1.228,49.90198042375447
1.229,49.897908886724736
1.23,49.893837349695
1.231,49.88976581266526
1.232,49.88569427563552
1.233,49.881622738605785
1.234,49.87755120157605
1.235,49.87347966454631
1.236,49.86940812751657
1.237,49.865336590486834
1.238,49.861265053457096
1.239,49.85719351642736
1.24,49.85312197939762
1.241,49.84905044236788
1.242,49.844978905338145
1.243,49.84090736830841
1.244,49.83683583127867
1.245,49.83276429424893
1.246,49.828692757219194
1.247,49.82462122018946
1.248,49.82054968315972
1.249,49.81647814612998
1.25,49.81240660910024
1.2510000000000001,49.808335072070506
1.252,49.80426353504077
1.2530000000000001,49.80019199801103
1.254,49.79612046098129
1.2550000000000001,49.792048923951555
1.256,49.78797738692182
1.2570000000000001,49.78390584989208
1.258,49.77983431286234
1.2590000000000001,49.775762775832604
1.26,49.771691238802866
1.2610000000000001,49.76761970177313
1.262,49.76354816474339
1.2630000000000001,49.75947662771365
1.264,49.755405090683915
1.2650000000000001,49.75133355365418
1.266,49.74726201662444
1.2670000000000001,49.7431904795947
1.268,49.739118942564964
1.2690000000000001,49.73504740553523
1.27,49.73097586850549
1.2710000000000001,49.72690433147575
1.272,49.72283279444601
1.2730000000000001,49.718761257416276
1.274,49.71468972038654
1.2750000000000001,49.7106181833568
1.276,49.70654664632706
1.2770000000000001,49.702475109297325
1.278,49.69840357226759
1.2790000000000001,49.69433203523785
1.28,49.69026049820811
1.281,26.40277821370811
1.281,26.398706676678376
1.282,26.394635139648642
1.283,26.390563602618908
1.284,26.386492065589174
1.285,26.38242052855944
1.286,26.378348991529705
1.287,26.37427745449997
1.288,26.370205917470237
1.289,26.366134380440503
1.29,26.36206284341077
1.291,26.357991306381034
1.292,26.3539197693513
1.293,26.349848232321566
1.294,26.345776695291832
1.295,26.341705158262098
1.296,26.337633621232364
1.297,26.33356208420263
1.298,26.329490547172895
1.299,26.32541901014316
1.3,26.321347473113427
1.301,26.317275936083693
1.302,26.31320439905396
1.303,26.309132862024224
1.304,26.30506132499449
1.305,26.300989787964756
1.306,26.296918250935022
1.307,26.292846713905288
1.308,26.288775176875554
1.309,26.28470363984582
1.31,26.280632102816085
1.311,26.27656056578635
1.312,26.272489028756617
1.313,26.268417491726883
1.314,26.26434595469715
1.315,26.260274417667414
1.316,26.25620288063768
1.317,26.252131343607946
1.318,26.248059806578212
1.319,26.243988269548478
1.32,26.239916732518743
1.321,26.23584519548901
1.322,26.231773658459275
1.323,26.22770212142954
1.324,26.223630584399807
1.325,26.219559047370073
1.326,26.21548751034034
1.327,26.211415973310604
1.328,26.20734443628087
1.329,26.203272899251136
1.33,26.1992013622214
1.331,26.195129825191668
1.332,26.191058288161933
1.333,26.1869867511322
1.334,26.182915214102465
1.335,26.17884367707273
1.336,26.174772140042997
1.337,26.170700603013263
1.338,26.16662906598353
1.339,26.162557528953794
1.34,26.15848599192406
1.341,26.154414454894326
1.342,26.15034291786459
1.343,26.146271380834857
1.344,26.142199843805123
1.345,26.13812830677539
1.346,26.134056769745655
1.347,26.12998523271592
1.348,26.125913695686187
1.349,26.121842158656452
1.35,26.11777062162672
1.351,26.113699084596984
1.352,26.10962754756725
1.353,26.105556010537516
1.354,26.10148447350778
1.355,26.097412936478047
1.356,26.093341399448313
1.357,26.08926986241858
1.358,26.085198325388845
1.359,26.08112678835911
1.36,26.077055251329377
1.361,26.072983714299642
1.362,26.068912177269908
1.363,26.064840640240174
1.364,26.06076910321044
1.365,26.056697566180706
1.366,26.05262602915097
1.367,26.048554492121237
1.368,26.044482955091503
1.369,26.04041141806177
1.37,26.036339881032035
1.371,26.0322683440023
1.372,26.028196806972566
1.373,26.024125269942832
1.374,26.020053732913098
1.375,26.015982195883364
1.3760000000000001,26.01191065885363
1.377,26.007839121823896
1.3780000000000001,26.00376758479416
1.379,25.999696047764427
1.3800000000000001,25.995624510734693
1.381,25.99155297370496
1.3820000000000001,25.987481436675225
1.383,25.98340989964549
1.3840000000000001,25.979338362615756
1.385,25.975266825586022
1.3860000000000001,25.971195288556288
1.387,25.967123751526554
1.3880000000000001,25.96305221449682
1.389,25.958980677467085
1.3900000000000001,25.95490914043735
1.391,25.950837603407617
1.3920000000000001,25.946766066377883
1.393,25.94269452934815
1.3940000000000001,25.938622992318415
1.395,25.93455145528868
1.3960000000000001,25.930479918258946
1.397,25.926408381229212
1.3980000000000001,25.922336844199478
1.399,25.918265307169744
1.4000000000000001,25.91419377014001
1.401,25.910122233110275
1.4020000000000001,25.90605069608054
1.403,25.901979159050807
1.4040000000000001,25.897907622021073
1.405,25.89383608499134
1.4060000000000001,25.889764547961605
1.407,25.88569301093187
1.408,25.881621473902136
1.409,25.877549936872402
1.41,25.873478399842668
1.411,25.869406862812934
1.412,25.8653353257832
1.413,25.861263788753465
1.414,25.85719225172373
1.415,25.853120714693997
1.416,25.849049177664263
1.417,25.84497764063453
1.418,25.840906103604794
1.419,25.83683456657506
1.42,25.832763029545326
1.4209999999999998,-14.365871131013073
1.421,-14.369942668042809
1.422,-14.374014205072545
1.423,-14.37808574210228
1.424,-14.382157279132016
1.425,-14.386228816161752
1.426,-14.390300353191488
1.427,-14.394371890221224
1.428,-14.39844342725096
1.429,-14.402514964280696
1.43,-14.406586501310432
1.431,-14.410658038340168
1.432,-14.414729575369904
1.433,-14.41880111239964
1.434,-14.422872649429376
1.435,-14.426944186459112
1.436,-14.431015723488848
1.437,-14.435087260518584
1.438,-14.43915879754832
1.439,-14.443230334578056
1.44,-14.447301871607792
1.441,-14.451373408637528
1.442,-14.455444945667264
1.443,-14.459516482697
1.444,-14.463588019726735
1.445,-14.467659556756471
1.446,-14.471731093786207
1.447,-14.475802630815943
1.448,-14.47987416784568
1.449,-14.483945704875415
1.45,-14.488017241905151
1.451,-14.492088778934887
1.452,-14.496160315964623
1.453,-14.500231852994359
1.454,-14.504303390024095
1.455,-14.508374927053831
1.456,-14.512446464083567
1.457,-14.516518001113303
1.458,-14.520589538143039
1.459,-14.524661075172775
1.46,-14.52873261220251
1.461,-14.532804149232247
1.462,-14.536875686261983
1.463,-14.540947223291719
1.464,-14.545018760321454
1.465,-14.54909029735119
1.466,-14.553161834380926
1.467,-14.557233371410662
1.468,-14.561304908440398
1.469,-14.565376445470134
1.47,-14.56944798249987
1.471,-14.573519519529606
1.472,-14.577591056559342
1.473,-14.581662593589078
1.474,-14.585734130618814
1.475,-14.58980566764855
1.476,-14.593877204678286
1.477,-14.597948741708022
1.478,-14.602020278737758
1.479,-14.606091815767494
1.48,-14.61016335279723
1.481,-14.614234889826966
1.482,-14.618306426856702
1.483,-14.622377963886438
1.484,-14.626449500916173
1.485,-14.63052103794591
1.486,-14.634592574975645
1.487,-14.638664112005381
1.488,-14.642735649035117
1.489,-14.646807186064853
1.49,-14.65087872309459
1.491,-14.654950260124325
1.492,-14.659021797154061
1.493,-14.663093334183797
1.494,-14.667164871213533
1.495,-14.671236408243269
1.496,-14.675307945273005
1.497,-14.67937948230274
1.498,-14.683451019332477
1.499,-14.687522556362213
1.5,-14.691594093391949
1.5010000000000001,-14.695665630421685
1.502,-14.69973716745142
1.5030000000000001,-14.703808704481157
1.504,-14.707880241510892
1.5050000000000001,-14.711951778540628
1.506,-14.716023315570364
1.5070000000000001,-14.7200948526001
1.508,-14.724166389629836
1.5090000000000001,-14.728237926659572
1.51,-14.732309463689308
1.5110000000000001,-14.736381000719044
1.512,-14.74045253774878
1.5130000000000001,-14.744524074778516
1.514,-14.748595611808252
1.5150000000000001,-14.752667148837988
1.516,-14.756738685867724
1.5170000000000001,-14.76081022289746
1.518,-14.764881759927196
1.5190000000000001,-14.768953296956932
1.52,-14.773024833986668
1.5210000000000001,-14.777096371016404
1.522,-14.78116790804614
1.5230000000000001,-14.785239445075876
1.524,-14.789310982105611
1.5250000000000001,-14.793382519135347
1.526,-14.797454056165083
1.5270000000000001,-14.80152559319482
1.528,-14.805597130224555
1.5290000000000001,-14.809668667254291
1.53,-14.813740204284027
1.5310000000000001,-14.817811741313763
1.532,-14.821883278343499
1.5330000000000001,-14.825954815373235
1.534,-14.830026352402971
1.5350000000000001,-14.834097889432707
1.536,-14.838169426462443
1.537,-14.842240963492179
1.538,-14.846312500521915
1.539,-14.85038403755165
1.54,-14.854455574581387
1.541,-14.858527111611123
1.542,-14.862598648640859
1.543,-14.866670185670595
1.544,-14.87074172270033
1.545,-14.874813259730066
1.546,-14.878884796759802
1.547,-14.882956333789538
1.548,-14.887027870819274
1.549,-14.89109940784901
1.55,-14.895170944878746
1.551,-14.899242481908482
1.552,-14.903314018938218
1.553,-14.907385555967954
1.554,-14.91145709299769
1.555,-14.915528630027426
1.556,-14.919600167057162
1.557,-14.923671704086898
1.558,-14.927743241116634
1.559,-14.93181477814637
1.56,-14.935886315176106
1.561,-14.939957852205842
1.562,-14.944029389235578
1.563,-14.948100926265314
1.564,-14.95217246329505
1.565,-14.956244000324785
1.566,-14.960315537354521
1.567,-14.964387074384257
1.568,-14.968458611413993
1.569,-14.97253014844373
1.57,-14.976601685473465
1.571,-14.980673222503201
1.572,-14.984744759532937
1.573,-14.988816296562673
1.574,-14.992887833592409
1.575,-14.996959370622145
1.576,-15.00103090765188
1.577,-15.005102444681617
1.578,-15.009173981711353
1.579,-15.013245518741089
1.58,-15.017317055770825
1.581,-15.02138859280056
1.582,-15.025460129830297
1.583,-15.029531666860033
1.584,-15.033603203889768
1.585,-15.037674740919504
1.586,-15.04174627794924
1.587,-15.045817814978976
1.588,-15.049889352008712
1.589,-15.053960889038448
1.59,-15.058032426068184
1.591,-15.06210396309792
1.592,-15.066175500127656
1.593,-15.070247037157392
1.594,-15.074318574187128
1.595,-15.078390111216864
1.596,-15.0824616482466
1.597,-15.086533185276336
1.598,-15.090604722306072
1.599,-15.094676259335808
1.6,-15.098747796365544
1.601,-15.10281933339528
1.602,-15.106890870425016
1.603,-15.110962407454751
1.604,-15.115033944484487
1.605,-15.119105481514223
1.606,-15.12317701854396
1.607,-15.127248555573695
1.608,-15.131320092603431
1.609,-15.135391629633167
1.61,-15.139463166662903
1.611,-15.143534703692639
1.612,-15.147606240722375
1.613,-15.151677777752111
1.614,-15.155749314781847
1.615,-15.159820851811583
1.616,-15.163892388841319
1.617,-15.167963925871055
1.618,-15.17203546290079
1.619,-15.176106999930527
1.62,-15.180178536960263
1.621,-15.184250073989999
1.622,-15.188321611019735
1.623,-15.19239314804947
1.624,-15.196464685079206
1.625,-15.200536222108942
1.6260000000000001,-15.204607759138678
1.627,-15.208679296168414
1.6280000000000001,-15.21275083319815
1.629,-15.216822370227886
1.6300000000000001,-15.220893907257622
1.631,-15.224965444287358
1.6320000000000001,-15.229036981317094
1.633,-15.23310851834683
1.6340000000000001,-15.237180055376566
1.635,-15.241251592406302
1.6360000000000001,-15.245323129436038
1.637,-15.249394666465774
1.6380000000000001,-15.25346620349551
1.639,-15.257537740525246
1.6400000000000001,-15.261609277554982
1.641,-15.265680814584718
1.6420000000000001,-15.269752351614454
1.643,-15.27382388864419
1.6440000000000001,-15.277895425673925
1.645,-15.281966962703661
1.6460000000000001,-15.286038499733397
1.647,-15.290110036763133
1.6480000000000001,-15.29418157379287
1.649,-15.298253110822605
1.6500000000000001,-15.302324647852341
1.651,-15.306396184882077
1.6520000000000001,-15.310467721911813
1.653,-15.314539258941549
1.6540000000000001,-15.318610795971285
1.655,-15.322682333001021
1.6560000000000001,-15.326753870030757
1.657,-15.330825407060493
1.6580000000000001,-15.334896944090229
1.659,-15.338968481119965
1.6600000000000001,-15.3430400181497
1.661,-15.347111555179437
1.6620000000000001,-15.351183092209173
1.663,-15.355254629238908
1.6640000000000001,-15.359326166268644
1.665,-15.36339770329838
1.666,-15.367469240328116
1.667,-15.371540777357852
1.668,-15.375612314387588
1.669,-15.379683851417324
1.67,-15.38375538844706
1.671,-15.387826925476796
1.672,-15.391898462506532
1.673,-15.395969999536268
1.674,-15.400041536566004
1.675,-15.40411307359574
1.676,-15.408184610625476
1.677,-15.412256147655212
1.678,-15.416327684684948
1.679,-15.420399221714684
1.68,-15.42447075874442
1.681,-15.428542295774156
1.682,-15.432613832803892
1.683,-15.436685369833627
1.684,-15.440756906863363
1.685,-15.4448284438931
1.686,-15.448899980922835
1.687,-15.452971517952571
1.688,-15.457043054982307
1.689,-15.461114592012043
1.69,-15.46518612904178
1.691,-15.469257666071515
1.692,-15.473329203101251
1.693,-15.477400740130987
1.694,-15.481472277160723
1.695,-15.485543814190459
1.696,-15.489615351220195
1.697,-15.49368688824993
1.698,-15.497758425279667
1.699,-15.501829962309403
1.7,-15.505901499339139
1.701,-15.509973036368875
1.702,-15.51404457339861
1.703,-15.518116110428346
1.704,-15.522187647458082
1.705,-15.526259184487818
1.706,-15.530330721517554
1.707,-15.53440225854729
1.708,-15.538473795577026
1.709,-15.542545332606762
1.71,-15.546616869636498
1.711,-15.550688406666234
1.712,-15.55475994369597
1.713,-15.558831480725706
1.714,-15.562903017755442
1.715,-15.566974554785178
1.716,-15.571046091814914
1.717,-15.57511762884465
1.718,-15.579189165874386
1.719,-15.583260702904122
1.72,-15.587332239933858
1.721,-15.591403776963594
1.722,-15.59547531399333
1.723,-15.599546851023065
1.724,-15.603618388052801
1.725,-15.607689925082537
1.726,-15.611761462112273
1.727,-15.61583299914201
1.728,-15.619904536171745
1.729,-15.623976073201481
1.73,-15.628047610231217
1.731,-15.632119147260953
1.732,-15.636190684290689
1.733,-15.640262221320425
1.734,-15.644333758350161
1.735,-15.648405295379897
1.736,-15.652476832409633
1.737,-15.656548369439369
1.738,-15.660619906469105
1.739,-15.66469144349884
1.74,-15.668762980528577
1.741,-15.672834517558313
1.742,-15.676906054588049
1.743,-15.680977591617784
1.744,-15.68504912864752
1.745,-15.689120665677256
1.746,-15.693192202706992
1.747,-15.697263739736728
1.748,-15.701335276766464
1.749,-15.7054068137962
1.75,-15.709478350825936
1.7510000000000001,-15.713549887855672
1.752,-15.717621424885408
1.7530000000000001,-15.721692961915144
1.754,-15.72576449894488
1.7550000000000001,-15.729836035974616
1.756,-15.733907573004352
1.7570000000000001,-15.737979110034088
1.758,-15.742050647063824
1.7590000000000001,-15.74612218409356
1.76,-15.750193721123296
1.7610000000000001,-15.754265258153032
1.762,-15.758336795182768
1.7630000000000001,-15.762408332212503
1.764,-15.76647986924224
1.7650000000000001,-15.770551406271975
1.766,-15.774622943301711
1.7670000000000001,-15.778694480331447
1.768,-15.782766017361183
1.7690000000000001,-15.78683755439092
1.77,-15.790909091420655
1.7710000000000001,-15.794980628450391
1.772,-15.799052165480127
1.7730000000000001,-15.803123702509863
1.774,-15.807195239539599
1.7750000000000001,-15.811266776569335
1.776,-15.81533831359907
1.7770000000000001,-15.819409850628807
1.778,-15.823481387658543
1.7790000000000001,-15.827552924688279
1.78,-15.831624461718015
1.7810000000000001,-15.83569599874775
1.782,-15.839767535777487
1.7830000000000001,-15.843839072807222
1.784,-15.847910609836958
1.7850000000000001,-15.851982146866694
1.786,-15.85605368389643
1.7870000000000001,-15.860125220926166
1.788,-15.864196757955902
1.7890000000000001,-15.868268294985638
1.79,-15.872339832015374
1.7910000000000001,-15.87641136904511
1.792,-15.880482906074846
1.793,-15.884554443104582
1.794,-15.888625980134318
1.795,-15.892697517164054
1.796,-15.89676905419379
1.797,-15.900840591223526
1.798,-15.904912128253262
1.799,-15.908983665282998
1.8,-15.913055202312734
1.801,-15.91712673934247
1.802,-15.921198276372206
1.803,-15.925269813401941
1.804,-15.929341350431677
1.805,-15.933412887461413
1.806,-15.93748442449115
1.807,-15.941555961520885
1.808,-15.945627498550621
1.809,-15.949699035580357
1.81,-15.953770572610093
1.811,-15.957842109639829
1.812,-15.961913646669565
1.813,-15.965985183699301
1.814,-15.970056720729037
1.815,-15.974128257758773
1.816,-15.978199794788509
1.817,-15.982271331818245
1.818,-15.98634286884798
1.819,-15.990414405877717
1.82,-15.994485942907453
1.821,-15.998557479937189
1.822,-16.002629016966925
1.823,-16.00670055399666
1.824,-16.010772091026393
1.825,-16.014843628056127
1.826,-16.01891516508586
1.827,-16.022986702115595
1.828,-16.02705823914533
1.829,-16.031129776175064
1.83,-16.035201313204798
1.831,-16.039272850234532
1.832,-16.043344387264266
1.833,-16.047415924294
1.834,-16.051487461323735
1.835,-16.05555899835347
1.836,-16.059630535383203
1.837,-16.063702072412937
1.838,-16.06777360944267
1.839,-16.071845146472405
1.84,-16.07591668350214
1.841,-16.079988220531874
1.842,-16.084059757561608
1.843,-16.088131294591342
1.844,-16.092202831621076
1.845,-16.09627436865081
1.846,-16.100345905680545
1.847,-16.10441744271028
1.848,-16.108488979740013
1.849,-16.112560516769747
1.85,-16.11663205379948
1.851,-16.120703590829216
1.852,-16.12477512785895
1.853,-16.128846664888684
1.854,-16.132918201918418
1.855,-16.136989738948152
1.856,-16.141061275977886
1.857,-16.14513281300762
1.858,-16.149204350037355
1.859,-16.15327588706709
1.86,-16.157347424096823
1.861,-16.161418961126557
1.862,-16.16549049815629
1.863,-16.169562035186026
1.864,-16.17363357221576
1.865,-16.177705109245494
1.866,-16.181776646275228
1.867,-16.185848183304962
1.868,-16.189919720334697
1.869,-16.19399125736443
1.87,-16.198062794394165
1.871,-16.2021343314239
1.872,-16.206205868453633
1.873,-16.210277405483367
1.874,-16.2143489425131
1.875,-16.218420479542836
1.8760000000000001,-16.22249201657257
1.877,-16.226563553602304
1.8780000000000001,-16.23063509063204
1.879,-16.234706627661772
1.8800000000000001,-16.238778164691507
1.881,-16.24284970172124
1.8820000000000001,-16.246921238750975
1.883,-16.25099277578071
1.8840000000000001,-16.255064312810443
1.885,-16.259135849840177
1.8860000000000001,-16.26320738686991
1.887,-16.267278923899646
1.8880000000000001,-16.27135046092938
1.889,-16.275421997959114
1.8900000000000001,-16.27949353498885
1.891,-16.283565072018582
1.8920000000000001,-16.287636609048317
1.893,-16.29170814607805
1.8940000000000001,-16.295779683107785
1.895,-16.29985122013752
1.8960000000000001,-16.303922757167253
1.897,-16.307994294196988
1.8980000000000001,-16.31206583122672
1.899,-16.316137368256456
1.9000000000000001,-16.32020890528619
1.901,-16.324280442315924
1.9020000000000001,-16.32835197934566
1.903,-16.332423516375393
1.9040000000000001,-16.336495053405127
1.905,-16.34056659043486
1.9060000000000001,-16.344638127464595
1.907,-16.34870966449433
1.9080000000000001,-16.352781201524063
1.909,-16.356852738553798
1.9100000000000001,-16.360924275583532
1.911,-16.364995812613266
1.9120000000000001,-16.369067349643
1.913,-16.373138886672734
1.9140000000000001,-16.37721042370247
1.915,-16.381281960732203
1.9160000000000001,-16.385353497761937
1.917,-16.38942503479167
1.9180000000000001,-16.393496571821405
1.919,-16.39756810885114
1.92,-16.401639645880874
1.921,-16.405711182910608
1.922,-16.409782719940342
1.923,-16.413854256970076
1.924,-16.41792579399981
1.925,-16.421997331029544
1.926,-16.42606886805928
1.927,-16.430140405089013
1.928,-16.434211942118747
1.929,-16.43828347914848
1.93,-16.442355016178215
1.931,-16.44642655320795
1.932,-16.450498090237684
1.933,-16.454569627267418
1.934,-16.458641164297152
1.935,-16.462712701326886
1.936,-16.46678423835662
1.937,-16.470855775386354
1.938,-16.47492731241609
1.939,-16.478998849445823
1.94,-16.483070386475557
1.941,-16.48714192350529
1.942,-16.491213460535025
1.943,-16.49528499756476
1.944,-16.499356534594494
1.945,-16.503428071624228
1.946,-16.507499608653962
1.947,-16.511571145683696
1.948,-16.51564268271343
1.949,-16.519714219743165
1.95,-16.5237857567729
1.951,-16.527857293802633
1.952,-16.531928830832367
1.953,-16.5360003678621
1.954,-16.540071904891835
1.955,-16.54414344192157
1.956,-16.548214978951304
1.957,-16.552286515981038
1.958,-16.556358053010772
1.959,-16.560429590040506
1.96,-16.56450112707024
1.961,-16.568572664099975
1.962,-16.57264420112971
1.963,-16.576715738159443
1.964,-16.580787275189177
1.965,-16.58485881221891
1.966,-16.588930349248646
1.967,-16.59300188627838
1.968,-16.597073423308114
1.969,-16.601144960337848
1.97,-16.605216497367582
1.971,-16.609288034397316
1.972,-16.61335957142705
1.973,-16.617431108456785
1.974,-16.62150264548652
1.975,-16.625574182516253
1.976,-16.629645719545987
1.977,-16.63371725657572
1.978,-16.637788793605456
1.979,-16.64186033063519
1.98,-16.645931867664924
1.981,-16.650003404694658
1.982,-16.654074941724392
1.983,-16.658146478754126
1.984,-16.66221801578386
1.985,-16.666289552813595
1.986,-16.67036108984333
1.987,-16.674432626873063
1.988,-16.678504163902797
1.989,-16.68257570093253
1.99,-16.686647237962266
1.991,-16.690718774992
1.992,-16.694790312021734
1.993,-16.698861849051468
1.994,-16.702933386081202
1.995,-16.707004923110937
1.996,-16.71107646014067
1.997,-16.715147997170405
1.998,-16.71921953420014
1.999,-16.723291071229873
2.0,-16.727362608259607
2.001,-16.73143414528934
2.0020000000000002,-16.735505682319076
2.003,-16.73957721934881
2.004,-16.743648756378544
2.005,-16.74772029340828
2.0060000000000002,-16.751791830438012
2.007,-16.755863367467747
2.008,-16.75993490449748
2.009,-16.764006441527215
2.0100000000000002,-16.76807797855695
2.011,-16.772149515586683
2.012,-16.776221052616417
2.013,-16.78029258964615
2.0140000000000002,-16.784364126675886
2.015,-16.78843566370562
2.016,-16.792507200735354
2.017,-16.79657873776509
2.0180000000000002,-16.800650274794823
2.019,-16.804721811824557
2.02,-16.80879334885429
2.021,-16.812864885884025
2.0220000000000002,-16.81693642291376
2.023,-16.821007959943493
2.024,-16.825079496973228
2.025,-16.82915103400296
2.0260000000000002,-16.833222571032696
2.027,-16.83729410806243
2.028,-16.841365645092164
2.029,-16.8454371821219
2.0300000000000002,-16.849508719151633
2.031,-16.853580256181367
2.032,-16.8576517932111
2.033,-16.861723330240835
2.0340000000000003,-16.86579486727057
2.035,-16.869866404300303
2.036,-16.873937941330038
2.037,-16.878009478359772
2.0380000000000003,-16.882081015389506
2.039,-16.88615255241924
2.04,-16.890224089448974
2.041,-16.89429562647871
2.0420000000000003,-16.898367163508443
2.043,-16.902438700538177
2.044,-16.90651023756791
2.045,-16.910581774597645
2.0460000000000003,-16.91465331162738
2.047,-16.918724848657114
2.048,-16.922796385686848
2.049,-16.926867922716582
2.05,-16.930939459746316
2.051,-16.93501099677605
2.052,-16.939082533805784
2.053,-16.94315407083552
2.054,-16.947225607865253
2.055,-16.951297144894987
2.056,-16.95536868192472
2.057,-16.959440218954455
2.058,-16.96351175598419
2.059,-16.967583293013924
2.06,-16.971654830043658
2.061,-16.975726367073392
2.062,-16.979797904103126
2.063,-16.98386944113286
2.064,-16.987940978162595
2.065,-16.99201251519233
2.066,-16.996084052222063
2.067,-17.000155589251797
2.068,-17.00422712628153
2.069,-17.008298663311265
2.07,-17.012370200341
2.071,-17.016441737370734
2.072,-17.020513274400468
2.073,-17.024584811430202
2.074,-17.028656348459936
2.075,-17.03272788548967
2.076,-17.036799422519405
2.077,-17.04087095954914
2.078,-17.044942496578873
2.079,-17.049014033608607
2.08,-17.05308557063834
2.081,-17.057157107668075
2.082,-17.06122864469781
2.083,-17.065300181727544
2.084,-17.069371718757278
2.085,-17.073443255787012
2.086,-17.077514792816746
2.087,-17.08158632984648
2.088,-17.085657866876215
2.089,-17.08972940390595
2.09,-17.093800940935683
2.091,-17.097872477965417
2.092,-17.10194401499515
2.093,-17.106015552024886
2.094,-17.11008708905462
2.095,-17.114158626084354
2.096,-17.118230163114088
2.097,-17.122301700143822
2.098,-17.126373237173556
2.099,-17.13044477420329
2.1,-17.134516311233025
2.101,-17.13858784826276
2.102,-17.142659385292493
2.103,-17.146730922322227
2.104,-17.15080245935196
2.105,-17.154873996381696
2.106,-17.15894553341143
2.107,-17.163017070441164
2.108,-17.167088607470898
2.109,-17.171160144500632
2.11,-17.175231681530367
2.111,-17.1793032185601
2.112,-17.183374755589835
2.113,-17.18744629261957
2.114,-17.191517829649303
2.115,-17.195589366679037
2.116,-17.19966090370877
2.117,-17.203732440738506
2.118,-17.20780397776824
2.119,-17.211875514797974
2.12,-17.21594705182771
2.121,-17.220018588857442
2.122,-17.224090125887177
2.123,-17.22816166291691
2.124,-17.232233199946645
2.125,-17.23630473697638
2.126,-17.240376274006113
2.1270000000000002,-17.244447811035847
2.128,-17.24851934806558
2.129,-17.252590885095316
2.13,-17.25666242212505
2.1310000000000002,-17.260733959154784
2.132,-17.26480549618452
2.133,-17.268877033214252
2.134,-17.272948570243987
2.1350000000000002,-17.27702010727372
2.136,-17.281091644303455
2.137,-17.28516318133319
2.138,-17.289234718362923
2.1390000000000002,-17.293306255392658
2.14,-17.29737779242239
2.141,-17.301449329452126
2.142,-17.30552086648186
2.1430000000000002,-17.309592403511594
2.144,-17.31366394054133
2.145,-17.317735477571063
2.146,-17.321807014600797
2.1470000000000002,-17.32587855163053
2.148,-17.329950088660265
2.149,-17.33402162569
2.15,-17.338093162719733
2.1510000000000002,-17.342164699749468
2.152,-17.346236236779202
2.153,-17.350307773808936
2.154,-17.35437931083867
2.1550000000000002,-17.358450847868404
2.156,-17.36252238489814
2.157,-17.366593921927873
2.158,-17.370665458957607
2.1590000000000003,-17.37473699598734
2.16,-17.378808533017075
2.161,-17.38288007004681
2.162,-17.386951607076544
2.1630000000000003,-17.391023144106278
2.164,-17.395094681136012
2.165,-17.399166218165746
2.166,-17.40323775519548
2.1670000000000003,-17.407309292225214
2.168,-17.41138082925495
2.169,-17.415452366284683
2.17,-17.419523903314417
2.1710000000000003,-17.42359544034415
2.172,-17.427666977373885
2.173,-17.43173851440362
2.174,-17.435810051433354
2.1750000000000003,-17.439881588463088
2.176,-17.443953125492822
2.177,-17.448024662522556
2.178,-17.45209619955229
2.179,-17.456167736582024
2.18,-17.46023927361176
2.181,-17.464310810641493
2.182,-17.468382347671227
2.183,-17.47245388470096
2.184,-17.476525421730695
2.185,-17.48059695876043
2.186,-17.484668495790164
2.187,-17.488740032819898
2.188,-17.492811569849632
2.189,-17.496883106879366
2.19,-17.5009546439091
2.191,-17.505026180938835
2.192,-17.50909771796857
2.193,-17.513169254998303
2.194,-17.517240792028037
2.195,-17.52131232905777
2.196,-17.525383866087505
2.197,-17.52945540311724
2.198,-17.533526940146974
2.199,-17.537598477176708
2.2,-17.541670014206442
2.201,-17.545741551236176
2.202,-17.54981308826591
2.203,-17.553884625295645
2.204,-17.55795616232538
2.205,-17.562027699355113
2.206,-17.566099236384847
2.207,-17.57017077341458
2.208,-17.574242310444316
2.209,-17.57831384747405
2.21,-17.582385384503784
2.211,-17.586456921533518
2.212,-17.590528458563252
2.213,-17.594599995592986
2.214,-17.59867153262272
2.215,-17.602743069652455
2.216,-17.60681460668219
2.217,-17.610886143711923
2.218,-17.614957680741657
2.219,-17.61902921777139
2.22,-17.623100754801126
2.221,-17.62717229183086
2.222,-17.631243828860594
2.223,-17.635315365890328
2.224,-17.639386902920062
2.225,-17.643458439949796
2.226,-17.64752997697953
2.227,-17.651601514009265
2.228,-17.655673051039
2.229,-17.659744588068733
2.23,-17.663816125098467
2.231,-17.6678876621282
2.232,-17.671959199157936
2.233,-17.67603073618767
2.234,-17.680102273217404
2.235,-17.684173810247138
2.236,-17.688245347276872
2.237,-17.692316884306607
2.238,-17.69638842133634
2.239,-17.700459958366075
2.24,-17.70453149539581
2.241,-17.708603032425543
2.242,-17.712674569455277
2.243,-17.71674610648501
2.244,-17.720817643514746
2.245,-17.72488918054448
2.246,-17.728960717574214
2.247,-17.73303225460395
2.248,-17.737103791633682
2.249,-17.741175328663417
2.25,-17.74524686569315
2.251,-17.749318402722885
2.2520000000000002,-17.75338993975262
2.253,-17.757461476782353
2.254,-17.761533013812087
2.255,-17.76560455084182
2.2560000000000002,-17.769676087871556
2.257,-17.77374762490129
2.258,-17.777819161931024
2.259,-17.78189069896076
2.2600000000000002,-17.785962235990493
2.261,-17.790033773020227
2.262,-17.79410531004996
2.263,-17.798176847079695
2.2640000000000002,-17.80224838410943
2.265,-17.806319921139163
2.266,-17.810391458168898
2.267,-17.81446299519863
2.2680000000000002,-17.818534532228366
2.269,-17.8226060692581
2.27,-17.826677606287834
2.271,-17.83074914331757
2.2720000000000002,-17.834820680347303
2.273,-17.838892217377037
2.274,-17.84296375440677
2.275,-17.847035291436505
2.2760000000000002,-17.85110682846624
2.277,-17.855178365495973
2.278,-17.859249902525708
2.279,-17.863321439555442
2.2800000000000002,-17.867392976585176
2.281,-17.87146451361491
2.282,-17.875536050644644
2.283,-17.87960758767438
2.2840000000000003,-17.883679124704113
2.285,-17.887750661733847
2.286,-17.89182219876358
2.287,-17.895893735793315
2.2880000000000003,-17.89996527282305
2.289,-17.904036809852784
2.29,-17.908108346882518
2.291,-17.912179883912252
2.2920000000000003,-17.916251420941986
2.293,-17.92032295797172
2.294,-17.924394495001454
2.295,-17.92846603203119
2.2960000000000003,-17.932537569060923
2.297,-17.936609106090657
2.298,-17.94068064312039
2.299,-17.944752180150125
2.3000000000000003,-17.94882371717986
2.301,-17.952895254209594
2.302,-17.956966791239328
2.303,-17.961038328269062
2.3040000000000003,-17.965109865298796
2.305,-17.96918140232853
2.306,-17.973252939358265
2.307,-17.977324476388
2.308,-17.981396013417733
2.309,-17.985467550447467
2.31,-17.9895390874772
2.311,-17.993610624506935
2.312,-17.99768216153667
2.313,-18.001753698566404
2.314,-18.005825235596138
2.315,-18.009896772625872
2.316,-18.013968309655606
2.317,-18.01803984668534
2.318,-18.022111383715075
2.319,-18.02618292074481
2.32,-18.030254457774543
2.321,-18.034325994804277
2.322,-18.03839753183401
2.323,-18.042469068863745
2.324,-18.04654060589348
2.325,-18.050612142923214
2.326,-18.054683679952948
2.327,-18.058755216982682
2.328,-18.062826754012416
2.329,-18.06689829104215
2.33,-18.070969828071885
2.331,-18.07504136510162
2.332,-18.079112902131353
2.333,-18.083184439161087
2.334,-18.08725597619082
2.335,-18.091327513220556
2.336,-18.09539905025029
2.337,-18.099470587280024
2.338,-18.103542124309758
2.339,-18.107613661339492
2.34,-18.111685198369226
2.341,-18.11575673539896
2.342,-18.119828272428695
2.343,-18.12389980945843
2.344,-18.127971346488163
2.345,-18.132042883517897
2.346,-18.13611442054763
2.347,-18.140185957577366
2.348,-18.1442574946071
2.349,-18.148329031636834
2.35,-18.152400568666568
2.351,-18.156472105696302
2.352,-18.160543642726036
2.353,-18.16461517975577
2.354,-18.168686716785505
2.355,-18.17275825381524
2.356,-18.176829790844973
2.357,-18.180901327874707
2.358,-18.18497286490444
2.359,-18.189044401934176
2.36,-18.19311593896391
2.361,-18.197187475993644
2.362,-18.20125901302338
2.363,-18.205330550053112
2.364,-18.209402087082847
2.365,-18.21347362411258
2.366,-18.217545161142315
2.367,-18.22161669817205
2.368,-18.225688235201783
2.369,-18.229759772231517
2.37,-18.23383130926125
2.371,-18.237902846290986
2.372,-18.24197438332072
2.373,-18.246045920350454
2.374,-18.25011745738019
2.375,-18.254188994409922
2.376,-18.258260531439657
2.3770000000000002,-18.26233206846939
2.378,-18.266403605499125
2.379,-18.27047514252886
2.38,-18.274546679558593
2.3810000000000002,-18.278618216588328
2.382,-18.28268975361806
2.383,-18.286761290647796
2.384,-18.29083282767753
2.3850000000000002,-18.294904364707264
2.386,-18.298975901737
2.387,-18.303047438766733
2.388,-18.307118975796467
2.3890000000000002,-18.3111905128262
2.39,-18.315262049855935
2.391,-18.31933358688567
2.392,-18.323405123915403
2.3930000000000002,-18.327476660945138
2.394,-18.331548197974872
2.395,-18.335619735004606
2.396,-18.33969127203434
2.3970000000000002,-18.343762809064074
2.398,-18.34783434609381
2.399,-18.351905883123543
2.4,-18.355977420153277
2.4010000000000002,-18.36004895718301
2.402,-18.364120494212745
2.403,-18.36819203124248
2.404,-18.372263568272214
2.4050000000000002,-18.376335105301948
2.406,-18.380406642331682
2.407,-18.384478179361416
2.408,-18.38854971639115
2.4090000000000003,-18.392621253420884
2.41,-18.39669279045062
2.411,-18.400764327480353
2.412,-18.404835864510087
2.4130000000000003,-18.40890740153982
2.414,-18.412978938569555
2.415,-18.41705047559929
2.416,-18.421122012629024
2.4170000000000003,-18.425193549658758
2.418,-18.429265086688492
2.419,-18.433336623718226
2.42,-18.43740816074796
2.4210000000000003,-18.441479697777694
2.422,-18.44555123480743
2.423,-18.449622771837163
2.424,-18.453694308866897
2.4250000000000003,-18.45776584589663
2.426,-18.461837382926365
2.427,-18.4659089199561
2.428,-18.469980456985834
2.4290000000000003,-18.474051994015568
2.43,-18.478123531045302
2.431,-18.482195068075036
2.432,-18.48626660510477
2.433,-18.490338142134505
2.434,-18.49440967916424
2.435,-18.498481216193973
2.436,-18.502552753223707
2.437,-18.50662429025344
2.438,-18.510695827283175
2.439,-18.51476736431291
2.44,-18.518838901342644
2.441,-18.522910438372378
2.442,-18.526981975402112
2.443,-18.531053512431846
2.444,-18.53512504946158
2.445,-18.539196586491315
2.446,-18.54326812352105
2.447,-18.547339660550783
2.448,-18.551411197580517
2.449,-18.55548273461025
2.45,-18.559554271639986
2.451,-18.56362580866972
2.452,-18.567697345699454
2.453,-18.571768882729188
2.454,-18.575840419758922
2.455,-18.579911956788656
2.456,-18.58398349381839
2.457,-18.588055030848125
2.458,-18.59212656787786
2.459,-18.596198104907593
2.46,-18.600269641937327
2.461,-18.60434117896706
2.462,-18.608412715996796
2.463,-18.61248425302653
2.464,-18.616555790056264
2.465,-18.620627327085998
2.466,-18.624698864115732
2.467,-18.628770401145466
2.468,-18.6328419381752
2.469,-18.636913475204935
2.47,-18.64098501223467
2.471,-18.645056549264403
2.472,-18.649128086294137
2.473,-18.65319962332387
2.474,-18.657271160353606
2.475,-18.66134269738334
2.476,-18.665414234413074
2.477,-18.669485771442808
2.478,-18.673557308472542
2.479,-18.677628845502277
2.48,-18.68170038253201
2.481,-18.685771919561745
2.482,-18.68984345659148
2.483,-18.693914993621213
2.484,-18.697986530650947
2.485,-18.70205806768068
2.486,-18.706129604710416
2.487,-18.71020114174015
2.488,-18.714272678769884
2.489,-18.71834421579962
2.49,-18.722415752829352
2.491,-18.726487289859087
2.492,-18.73055882688882
2.493,-18.734630363918555
2.494,-18.73870190094829
2.495,-18.742773437978023
2.496,-18.746844975007757
2.497,-18.75091651203749
2.498,-18.754988049067226
2.499,-18.75905958609696
2.5,-18.763131123126694
2.501,-18.76720266015643
2.5020000000000002,-18.771274197186163
2.503,-18.775345734215897
2.504,-18.77941727124563
2.505,-18.783488808275365
2.5060000000000002,-18.7875603453051
2.507,-18.791631882334833
2.508,-18.795703419364568
2.509,-18.7997749563943
2.5100000000000002,-18.803846493424036
2.511,-18.80791803045377
2.512,-18.811989567483504
2.513,-18.81606110451324
2.5140000000000002,-18.820132641542973
2.515,-18.824204178572707
2.516,-18.82827571560244
2.517,-18.832347252632175
2.5180000000000002,-18.83641878966191
2.519,-18.840490326691643
2.52,-18.844561863721378
2.521,-18.848633400751112
2.5220000000000002,-18.852704937780846
2.523,-18.85677647481058
2.524,-18.860848011840314
2.525,-18.86491954887005
2.5260000000000002,-18.868991085899783
2.527,-18.873062622929517
2.528,-18.87713415995925
2.529,-18.881205696988985
2.5300000000000002,-18.88527723401872
2.531,-18.889348771048454
2.532,-18.893420308078188
2.533,-18.897491845107922
2.5340000000000003,-18.901563382137656
2.535,-18.90563491916739
2.536,-18.909706456197124
2.537,-18.91377799322686
2.5380000000000003,-18.917849530256593
2.539,-18.921921067286327
2.54,-18.92599260431606
2.541,-18.930064141345795
2.5420000000000003,-18.93413567837553
2.543,-18.938207215405264
2.544,-18.942278752434998
2.545,-18.946350289464732
2.5460000000000003,-18.950421826494466
2.547,-18.9544933635242
2.548,-18.958564900553935
2.549,-18.96263643758367
2.5500000000000003,-18.966707974613403
2.551,-18.970779511643137
2.552,-18.97485104867287
2.553,-18.978922585702605
2.5540000000000003,-18.98299412273234
2.555,-18.987065659762074
2.556,-18.991137196791808
2.557,-18.995208733821542
2.5580000000000003,-18.999280270851276
2.559,-19.00335180788101
2.56,-19.007423344910745
2.561,-19.01149488194048
2.562,-19.015566418970213
2.563,-19.019637955999947
2.564,-19.02370949302968
2.565,-19.027781030059415
2.566,-19.03185256708915
2.567,-19.035924104118884
2.568,-19.039995641148618
2.569,-19.044067178178352
2.57,-19.048138715208086
2.571,-19.05221025223782
2.572,-19.056281789267555
2.573,-19.06035332629729
2.574,-19.064424863327023
2.575,-19.068496400356757
2.576,-19.07256793738649
2.577,-19.076639474416226
2.578,-19.08071101144596
2.579,-19.084782548475694
2.58,-19.088854085505428
2.581,-19.092925622535162
2.582,-19.096997159564896
2.583,-19.10106869659463
2.584,-19.105140233624365
2.585,-19.1092117706541
2.586,-19.113283307683833
2.587,-19.117354844713567
2.588,-19.1214263817433
2.589,-19.125497918773036
2.59,-19.12956945580277
2.591,-19.133640992832504
2.592,-19.137712529862238
2.593,-19.141784066891972
2.594,-19.145855603921706
2.595,-19.14992714095144
2.596,-19.153998677981175
2.597,-19.15807021501091
2.598,-19.162141752040643
2.599,-19.166213289070377
2.6,-19.17028482610011
2.601,-19.174356363129846
2.602,-19.17842790015958
2.603,-19.182499437189314
2.604,-19.18657097421905
2.605,-19.190642511248782
2.606,-19.194714048278517
2.607,-19.19878558530825
2.608,-19.202857122337985
2.609,-19.20692865936772
2.61,-19.211000196397453
2.611,-19.215071733427187
2.612,-19.21914327045692
2.613,-19.223214807486656
2.614,-19.22728634451639
2.615,-19.231357881546124
2.616,-19.23542941857586
2.617,-19.239500955605592
2.618,-19.243572492635327
2.619,-19.24764402966506
2.62,-19.251715566694795
2.621,-19.25578710372453
2.622,-19.259858640754263
2.623,-19.263930177783998
2.624,-19.26800171481373
2.625,-19.272073251843466
2.626,-19.2761447888732
2.6270000000000002,-19.280216325902934
2.628,-19.28428786293267
2.629,-19.288359399962403
2.63,-19.292430936992137
2.6310000000000002,-19.29650247402187
2.632,-19.300574011051605
2.633,-19.30464554808134
2.634,-19.308717085111073
2.6350000000000002,-19.312788622140808
2.636,-19.316860159170542
2.637,-19.320931696200276
2.638,-19.32500323323001
2.6390000000000002,-19.329074770259744
2.64,-19.33314630728948
2.641,-19.337217844319213
2.642,-19.341289381348947
2.6430000000000002,-19.34536091837868
2.644,-19.349432455408415
2.645,-19.35350399243815
2.646,-19.357575529467884
2.6470000000000002,-19.361647066497618
2.648,-19.365718603527352
2.649,-19.369790140557086
2.65,-19.37386167758682
2.6510000000000002,-19.377933214616554
2.652,-19.38200475164629
2.653,-19.386076288676023
2.654,-19.390147825705757
2.6550000000000002,-19.39421936273549
2.656,-19.398290899765225
2.657,-19.40236243679496
2.658,-19.406433973824694
2.6590000000000003,-19.410505510854428
2.66,-19.414577047884162
2.661,-19.418648584913896
2.662,-19.42272012194363
2.6630000000000003,-19.426791658973364
2.664,-19.4308631960031
2.665,-19.434934733032833
2.666,-19.439006270062567
2.6670000000000003,-19.4430778070923
2.668,-19.447149344122035
2.669,-19.45122088115177
2.67,-19.455292418181504
2.6710000000000003,-19.459363955211238
2.672,-19.463435492240972
2.673,-19.467507029270706
2.674,-19.47157856630044
2.6750000000000003,-19.475650103330175
2.676,-19.47972164035991
2.677,-19.483793177389643
2.678,-19.487864714419377
2.6790000000000003,-19.49193625144911
2.68,-19.496007788478845
2.681,0.3895718489011557
2.681,0.3855003118714205
2.682,0.38142877484168525
2.6830000000000003,0.37735723781195
2.684,0.3732857007822148
2.685,0.36921416375247956
2.686,0.36514262672274433
2.6870000000000003,0.3610710896930091
2.688,0.3569995526632739
2.689,0.35292801563353865
2.69,0.3488564786038034
2.691,0.3447849415740682
2.692,0.34071340454433297
2.693,0.33664186751459774
2.694,0.3325703304848625
2.695,0.3284987934551273
2.696,0.32442725642539205
2.697,0.3203557193956568
2.698,0.3162841823659216
2.699,0.31221264533618637
2.7,0.30814110830645114
2.701,0.3040695712767159
2.702,0.2999980342469807
2.703,0.29592649721724545
2.704,0.2918549601875102
2.705,0.287783423157775
2.706,0.28371188612803977
2.707,0.27964034909830454
2.708,0.2755688120685693
2.709,0.2714972750388341
2.71,0.26742573800909886
2.711,0.26335420097936363
2.712,0.2592826639496284
2.713,0.25521112691989317
2.714,0.25113958989015794
2.715,0.24706805286042272
2.716,0.2429965158306875
2.717,0.23892497880095226
2.718,0.23485344177121703
2.719,0.2307819047414818
2.72,0.22671036771174657
2.721,0.22263883068201135
2.722,0.21856729365227612
2.723,0.2144957566225409
2.724,0.21042421959280566
2.725,0.20635268256307043
2.726,0.2022811455333352
2.727,0.19820960850359998
2.728,0.19413807147386475
2.729,0.19006653444412952
2.73,0.1859949974143943
2.731,0.18192346038465906
2.732,0.17785192335492384
2.733,0.1737803863251886
2.734,0.16970884929545338
2.735,0.16563731226571815
2.736,0.16156577523598292
2.737,0.1574942382062477
2.738,0.15342270117651247
2.739,0.14935116414677724
2.74,0.145279627117042
2.741,0.14120809008730678
2.742,0.13713655305757155
2.743,0.13306501602783632
2.744,0.1289934789981011
2.745,0.12492194196836587
2.746,0.12085040493863064
2.747,0.11677886790889541
2.748,0.11270733087916018
2.749,0.10863579384942496
2.75,0.10456425681968973
2.751,0.1004927197899545
2.7520000000000002,0.09642118276021927
2.753,0.09234964573048404
2.754,0.08827810870074881
2.755,0.08420657167101359
2.7560000000000002,0.08013503464127836
2.757,0.07606349761154313
2.758,0.0719919605818079
2.759,0.06792042355207267
2.7600000000000002,0.06384888652233744
2.761,0.059777349492602216
2.762,0.05570581246286699
2.763,0.05163427543313176
2.7640000000000002,0.04756273840339653
2.765,0.0434912013736613
2.766,0.039419664343926075
2.767,0.03534812731419085
2.7680000000000002,0.03127659028445562
2.769,0.02720505325472039
2.77,0.023133516224985162
2.771,0.019061979195249934
