x-coordinate,Vz
0.0,0.001985821294954521
0.001,0.003971642589909042
0.002,0.005957463884863562
0.003,0.007943285179818084
0.004,0.009929106474772605
0.005,0.011914927769727126
0.006,0.013900749064681648
0.007,0.015886570359636167
0.008,0.01787239165459069
0.009000000000000001,0.01985821294954521
0.01,0.02184403424449973
0.011,0.023829855539454253
0.012,0.025815676834408774
0.013000000000000001,0.027801498129363295
0.014,0.029787319424317817
0.015,0.031773140719272334
0.016,0.03375896201422685
0.017,0.03574478330918137
0.018000000000000002,0.03773060460413589
0.019,0.039716425899090406
0.02,0.041702247194044924
0.021,0.04368806848899944
0.022,0.04567388978395396
0.023,0.04765971107890848
0.024,0.049645532373862995
0.025,0.05163135366881751
0.026000000000000002,0.05361717496377203
0.027,0.05560299625872655
0.028,0.05758881755368107
0.029,0.059574638848635585
0.03,0.0615604601435901
0.031,0.06354628143854463
0.032,0.06553210273349915
0.033,0.06751792402845366
0.034,0.06950374532340818
0.035,0.0714895666183627
0.036000000000000004,0.07347538791331722
0.037,0.07546120920827173
0.038,0.07744703050322625
0.039,0.07943285179818077
0.04,0.08141867309313529
0.041,0.0834044943880898
0.042,0.08539031568304432
0.043000000000000003,0.08737613697799884
0.044,0.08936195827295336
0.045,0.09134777956790788
0.046,0.0933336008628624
0.047,0.09531942215781691
0.048,0.09730524345277143
0.049,0.09929106474772595
0.05,0.10127688604268047
0.051000000000000004,0.10326270733763498
0.052000000000000005,0.1052485286325895
0.053,0.10723434992754402
0.054,0.10922017122249854
0.055,0.11120599251745306
0.056,0.11319181381240757
0.057,0.11517763510736209
0.058,0.11716345640231661
0.059000000000000004,0.11914927769727113
0.06,0.12113509899222565
0.061,0.12312092028718016
0.062,0.1251067415821347
0.063,0.12709256287708923
0.064,0.12907838417204376
0.065,0.1310642054669983
0.066,0.13305002676195282
0.067,0.13503584805690735
0.068,0.13702166935186189
0.069,0.13900749064681642
0.07,0.14099331194177095
0.07100000000000001,0.14297913323672548
0.07200000000000001,0.14496495453168
0.073,0.14695077582663454
0.074,0.14893659712158908
0.075,0.1509224184165436
0.076,0.15290823971149814
0.077,0.15489406100645267
0.078,0.1568798823014072
0.079,0.15886570359636173
0.08,0.16085152489131627
0.081,0.1628373461862708
0.082,0.16482316748122533
0.083,0.16680898877617986
0.084,0.1687948100711344
0.085,0.17078063136608893
0.08600000000000001,0.17276645266104346
0.08700000000000001,0.174752273955998
0.088,0.17673809525095252
0.089,0.17872391654590705
0.09,0.18070973784086158
0.091,0.18269555913581612
0.092,0.18468138043077065
0.093,0.18666720172572518
0.094,0.1886530230206797
0.095,0.19063884431563424
0.096,0.19262466561058877
0.097,0.1946104869055433
0.098,0.19659630820049784
0.099,0.19858212949545237
0.1,0.2005679507904069
0.101,0.20255377208536143
0.10200000000000001,0.20453959338031596
0.10300000000000001,0.2065254146752705
0.10400000000000001,0.20851123597022503
0.105,0.21049705726517956
0.106,0.2124828785601341
0.107,0.21446869985508862
0.108,0.21645452115004316
0.109,0.2184403424449977
0.11,0.22042616373995222
0.111,0.22241198503490675
0.112,0.22439780632986128
0.113,0.22638362762481581
0.114,0.22836944891977035
0.115,0.23035527021472488
0.116,0.2323410915096794
0.117,0.23432691280463394
0.11800000000000001,0.23631273409958847
0.11900000000000001,0.238298555394543
0.12,0.24028437668949754
0.121,0.24227019798445207
0.122,0.2442560192794066
0.123,0.24624184057436113
0.124,0.24822766186931566
0.125,0.25021348316427017
0.126,0.25219930445922467
0.127,0.2541851257541792
0.128,0.2561709470491337
0.129,0.2581567683440882
0.13,0.2601425896390427
0.131,0.2621284109339972
0.132,0.2641142322289517
0.133,0.2661000535239062
0.134,0.2680858748188607
0.135,0.2700716961138152
0.136,0.2720575174087697
0.137,0.2740433387037242
0.138,0.2760291599986787
0.139,0.2780149812936332
0.14,0.2800008025885877
0.14100000000000001,0.28198662388354223
0.14200000000000002,0.28397244517849674
0.14300000000000002,0.28595826647345124
0.14400000000000002,0.28794408776840574
0.145,0.28992990906336025
0.146,0.29191573035831475
0.147,0.29390155165326926
0.148,0.29588737294822376
0.149,0.29787319424317826
0.15,0.29985901553813277
0.151,0.30184483683308727
0.152,0.3038306581280418
0.153,-75.69989357667197
0.153,-75.69790775537702
0.154,-75.69592193408207
0.155,-75.69393611278711
0.156,-75.69195029149216
0.157,-75.68996447019721
0.158,-75.68797864890226
0.159,-75.68599282760731
0.16,-75.68400700631236
0.161,-75.6820211850174
0.162,-75.68003536372245
0.163,-75.6780495424275
0.164,-75.67606372113255
0.165,-75.6740778998376
0.166,-75.67209207854265
0.167,-75.6701062572477
0.168,-75.66812043595274
0.169,-75.66613461465779
0.17,-75.66414879336284
0.171,-75.66216297206789
0.17200000000000001,-75.66017715077294
0.17300000000000001,-75.65819132947799
0.17400000000000002,-75.65620550818304
0.17500000000000002,-75.65421968688808
0.176,-75.65223386559313
0.177,-75.65024804429818
0.178,-75.64826222300323
0.179,-75.64627640170828
0.18,-75.64429058041333
0.181,-75.64230475911837
0.182,-75.64031893782342
0.183,-75.63833311652847
0.184,-75.63634729523352
0.185,-75.63436147393857
0.186,-75.63237565264362
0.187,-75.63038983134867
0.188,-75.62840401005371
0.189,-75.62641818875876
0.19,-75.62443236746381
0.191,-75.62244654616886
0.192,-75.62046072487391
0.193,-75.61847490357896
0.194,-75.616489082284
0.195,-75.61450326098905
0.196,-75.6125174396941
0.197,-75.61053161839915
0.198,-75.6085457971042
0.199,-75.60655997580925
0.2,-75.6045741545143
0.201,-75.60258833321934
0.202,-75.6006025119244
0.203,-75.59861669062944
0.20400000000000001,-75.59663086933449
0.20500000000000002,-75.59464504803954
0.20600000000000002,-75.59265922674459
0.20700000000000002,-75.59067340544964
0.20800000000000002,-75.58868758415468
0.209,-75.58670176285973
0.21,-75.58471594156478
0.211,-75.58273012026983
0.212,-75.58074429897488
0.213,-75.57875847767993
0.214,-75.57677265638497
0.215,-75.57478683509002
0.216,-75.57280101379507
0.217,-75.57081519250012
0.218,-75.56882937120517
0.219,-75.56684354991022
0.22,-75.56485772861527
0.221,-75.56287190732031
0.222,-75.56088608602536
0.223,-75.55890026473041
0.224,-75.55691444343546
0.225,-75.55492862214051
0.226,-75.55294280084556
0.227,-75.5509569795506
0.228,-75.54897115825565
0.229,-75.5469853369607
0.23,-75.54499951566575
0.231,-75.5430136943708
0.232,-75.54102787307585
0.233,-75.5390420517809
0.234,-75.53705623048594
0.23500000000000001,-75.535070409191
0.23600000000000002,-75.53308458789604
0.23700000000000002,-75.53109876660109
0.23800000000000002,-75.52911294530614
0.23900000000000002,-75.52712712401119
0.24,-75.52514130271624
0.241,-75.52315548142128
0.242,-75.52116966012633
0.243,-75.51918383883138
0.244,-75.51719801753643
0.245,-75.51521219624148
0.246,-75.51322637494653
0.247,-75.51124055365158
0.248,-75.50925473235662
0.249,-75.50726891106167
0.25,-75.50528308976672
0.251,-75.50329726847177
0.252,-75.50131144717682
0.253,-75.49932562588187
0.254,-75.49733980458691
0.255,-75.49535398329196
0.256,-75.49336816199701
0.257,-75.49138234070206
0.258,-75.48939651940711
0.259,-75.48741069811216
0.26,-75.4854248768172
0.261,-75.48343905552225
0.262,-75.4814532342273
0.263,-75.47946741293235
0.264,-75.4774815916374
0.265,-75.47549577034245
0.266,-75.4735099490475
0.267,-75.47152412775255
0.268,-75.4695383064576
0.269,-75.46755248516264
0.27,-75.46556666386769
0.271,-75.46358084257274
0.272,-75.46159502127779
0.273,-75.45960919998284
0.274,-75.45762337868788
0.275,-75.45563755739293
0.276,-75.45365173609798
0.277,-75.45166591480303
0.278,-75.44968009350808
0.279,-75.44769427221313
0.28,-75.44570845091818
0.281,-75.44372262962322
0.28200000000000003,-75.44173680832827
0.28300000000000003,-75.43975098703332
0.28400000000000003,-75.43776516573837
0.28500000000000003,-75.43577934444342
0.28600000000000003,-75.43379352314847
0.28700000000000003,-75.43180770185351
0.28800000000000003,-75.42982188055856
0.289,-75.42783605926361
0.29,-75.42585023796866
0.291,-75.42386441667371
0.292,-75.42187859537876
0.293,-75.4198927740838
0.294,-75.41790695278885
0.295,-75.4159211314939
0.296,-75.41393531019895
0.297,-75.411949488904
0.298,-75.40996366760905
0.299,-75.4079778463141
0.3,-75.40599202501915
0.301,-75.4040062037242
0.302,-75.40202038242924
0.303,-75.40003456113429
0.304,-75.39804873983934
0.305,-75.39606291854439
0.306,-75.39407709724944
0.307,-75.39209127595448
0.308,-75.39010545465953
0.309,-75.38811963336458
0.31,-75.38613381206963
0.311,-75.38414799077468
0.312,-75.38216216947973
0.313,-75.38017634818478
0.314,-75.37819052688982
0.315,-75.37620470559487
0.316,-75.37421888429992
0.317,-75.37223306300497
0.318,-75.37024724171002
0.319,-75.36826142041507
0.32,-75.36627559912012
0.321,-75.36428977782516
0.322,-75.36230395653021
0.323,-75.36031813523526
0.324,-75.35833231394031
0.325,-75.35634649264536
0.326,-75.3543606713504
0.327,-75.35237485005545
0.328,-75.3503890287605
0.329,-75.34840320746555
0.33,-75.3464173861706
0.331,-75.34443156487565
0.332,-75.3424457435807
0.333,-75.34045992228575
0.334,-75.3384741009908
0.335,-75.33648827969584
0.336,-75.33450245840089
0.337,-75.33251663710594
0.338,-75.33053081581099
0.339,-75.32854499451604
0.34,-75.32655917322109
0.341,-75.32457335192613
0.342,-75.32258753063118
0.343,-75.32060170933623
0.34400000000000003,-75.31861588804128
0.34500000000000003,-75.31663006674633
0.34600000000000003,-75.31464424545138
0.34700000000000003,-75.31265842415642
0.34800000000000003,-75.31067260286147
0.34900000000000003,-75.30868678156652
0.35000000000000003,-75.30670096027157
0.35100000000000003,-75.30471513897662
0.352,-75.30272931768167
0.353,-75.30074349638672
0.354,-75.29875767509176
0.355,-75.29677185379681
0.356,-75.29478603250186
0.357,-75.29280021120691
0.358,-75.29081438991196
0.359,-75.288828568617
0.36,-75.28684274732205
0.361,-75.2848569260271
0.362,-75.28287110473215
0.363,-75.2808852834372
0.364,-75.27889946214225
0.365,-75.2769136408473
0.366,-75.27492781955235
0.367,-75.2729419982574
0.368,-75.27095617696244
0.369,-75.26897035566749
0.37,-75.26698453437254
0.371,-75.26499871307759
0.372,-75.26301289178264
0.373,-75.26102707048769
0.374,-75.25904124919273
0.375,-75.25705542789778
0.376,-75.25506960660283
0.377,-75.25308378530788
0.378,-75.25109796401293
0.379,-75.24911214271798
0.38,-75.24712632142302
0.381,-75.24514050012807
0.382,-75.24315467883312
0.383,-75.24116885753817
0.384,-75.23918303624322
0.385,-75.23719721494827
0.386,-75.23521139365332
0.387,-75.23322557235836
0.388,-75.23123975106341
0.389,-75.22925392976846
0.39,-75.22726810847351
0.391,-75.22528228717856
0.392,-75.2232964658836
0.393,-75.22131064458866
0.394,-75.2193248232937
0.395,-75.21733900199875
0.396,-75.2153531807038
0.397,-75.21336735940885
0.398,-75.2113815381139
0.399,-75.20939571681895
0.4,-75.207409895524
0.401,-75.20542407422904
0.402,-75.20343825293409
0.403,-75.20145243163914
0.404,-75.19946661034419
0.405,-75.19748078904924
0.406,-75.19549496775429
0.40700000000000003,-75.19350914645933
0.40800000000000003,-75.19152332516438
0.40900000000000003,-75.18953750386943
0.41000000000000003,-75.18755168257448
0.41100000000000003,-75.18556586127953
0.41200000000000003,-75.18358003998458
0.41300000000000003,-75.18159421868963
0.41400000000000003,-75.17960839739467
0.41500000000000004,-75.17762257609972
0.41600000000000004,-75.17563675480477
0.417,-75.17365093350982
0.418,-75.17166511221487
0.419,-75.16967929091992
0.42,-75.16769346962496
0.421,-75.16570764833001
0.422,-75.16372182703506
0.423,-75.16173600574011
0.424,-75.15975018444516
0.425,-75.1577643631502
0.426,-75.15577854185526
0.427,-75.1537927205603
0.428,-75.15180689926535
0.429,-75.1498210779704
0.43,-75.14783525667545
0.431,-75.1458494353805
0.432,-75.14386361408555
0.433,-75.1418777927906
0.434,-75.13989197149564
0.435,-75.13790615020069
0.436,-75.13592032890574
0.437,-75.13393450761079
0.438,-75.13194868631584
0.439,-75.12996286502089
0.44,-75.12797704372593
0.441,-75.12599122243098
0.442,-75.12400540113603
0.443,-75.12201957984108
0.444,-75.12003375854613
0.445,-75.11804793725118
0.446,-75.11606211595623
0.447,-75.11407629466127
0.448,-75.11209047336632
0.449,-75.11010465207137
0.45,-75.10811883077642
0.451,-75.10613300948147
0.452,-75.10414718818652
0.453,-75.10216136689156
0.454,-75.10017554559661
0.455,-75.09818972430166
0.456,-75.09620390300671
0.457,-75.09421808171176
0.458,-75.09223226041681
0.459,-75.09024643912186
0.46,-75.0882606178269
0.461,-75.08627479653195
0.462,-75.084288975237
0.463,-75.08230315394205
0.464,-75.0803173326471
0.465,-75.07833151135215
0.466,-75.0763456900572
0.467,-75.07435986876224
0.468,-75.07237404746729
0.46900000000000003,-75.07038822617234
0.47000000000000003,-75.06840240487739
0.47100000000000003,-75.06641658358244
0.47200000000000003,-75.06443076228749
0.47300000000000003,-75.06244494099253
0.47400000000000003,-75.06045911969758
0.47500000000000003,-75.05847329840263
0.47600000000000003,-75.05648747710768
0.47700000000000004,-75.05450165581273
0.47800000000000004,-75.05251583451778
0.47900000000000004,-75.05053001322283
0.48,-75.04854419192787
0.481,-75.04655837063292
0.482,-75.04457254933797
0.483,-75.04258672804302
0.484,-75.04060090674807
0.485,-75.03861508545312
0.486,-75.03662926415817
0.487,-75.03464344286321
0.488,-75.03265762156826
0.489,-75.03067180027331
0.49,-75.02868597897836
0.491,-75.02670015768341
0.492,-75.02471433638846
0.493,-75.0227285150935
0.494,-75.02074269379855
0.495,-75.0187568725036
0.496,-75.01677105120865
0.497,-75.0147852299137
0.498,-75.01279940861875
0.499,-75.0108135873238
0.5,-75.00882776602884
0.501,-75.00684194473389
0.502,-75.00485612343894
0.503,-75.00287030214399
0.504,-75.00088448084904
0.505,-74.99889865955409
0.506,-74.99691283825914
0.507,-74.99492701696418
0.508,-74.99294119566923
0.509,-74.99095537437428
0.51,-74.98896955307933
0.511,-74.98698373178438
0.512,-74.98499791048943
0.513,-74.98301208919447
0.514,-74.98102626789952
0.515,-74.97904044660457
0.516,-74.97705462530962
0.517,-74.97506880401467
0.518,-74.97308298271972
0.519,-74.97109716142477
0.52,-74.96911134012981
0.521,-74.96712551883486
0.522,-74.96513969753991
0.523,-74.96315387624496
0.524,-74.96116805495001
0.525,-74.95918223365506
0.526,-74.9571964123601
0.527,-74.95521059106515
0.528,-74.9532247697702
0.529,-74.95123894847525
0.53,-74.9492531271803
0.531,-74.94726730588535
0.532,-74.9452814845904
0.533,-74.94329566329544
0.534,-74.94130984200049
0.535,-74.93932402070554
0.536,-74.93733819941059
0.537,-74.93535237811564
0.538,-74.93336655682069
0.539,-74.93138073552574
0.54,-74.92939491423078
0.541,-74.92740909293583
0.542,-74.92542327164088
0.543,-74.92343745034593
0.544,-74.92145162905098
0.545,-74.91946580775603
0.546,-74.91747998646107
0.547,-74.91549416516612
0.548,-74.91350834387117
0.549,-74.91152252257622
0.55,-74.90953670128127
0.551,-74.90755087998632
0.552,-74.90556505869137
0.553,-74.90357923739641
0.554,-74.90159341610146
0.555,-74.89960759480651
0.556,-74.89762177351156
0.557,-74.89563595221661
0.558,-74.89365013092166
0.559,-74.8916643096267
0.56,-74.88967848833175
0.561,-74.8876926670368
0.562,-74.88570684574185
0.5630000000000001,-74.8837210244469
0.5640000000000001,-74.88173520315195
0.5650000000000001,-74.879749381857
0.5660000000000001,-74.87776356056204
0.5670000000000001,-74.8757777392671
0.5680000000000001,-74.87379191797214
0.5690000000000001,-74.87180609667719
0.5700000000000001,-74.86982027538224
0.5710000000000001,-74.86783445408729
0.5720000000000001,-74.86584863279234
0.5730000000000001,-74.86386281149738
0.5740000000000001,-74.86187699020243
0.5750000000000001,-74.85989116890748
0.5760000000000001,-74.85790534761253
0.577,-74.85591952631758
0.578,-74.85393370502263
0.579,-74.85194788372768
0.58,-74.84996206243272
0.581,-74.84797624113777
0.582,-74.84599041984282
0.583,-74.84400459854787
0.584,-74.84201877725292
0.585,-74.84003295595797
0.586,-74.83804713466301
0.587,-74.83606131336806
0.588,-74.83407549207311
0.589,-74.83208967077816
0.59,-74.83010384948321
0.591,-74.82811802818826
0.592,-74.8261322068933
0.593,-74.82414638559835
0.594,-74.8221605643034
0.595,-74.82017474300845
0.596,-74.8181889217135
0.597,-74.81620310041855
0.598,-74.8142172791236
0.599,-74.81223145782864
0.6,-74.8102456365337
0.601,-74.80825981523874
0.602,-74.80627399394379
0.603,-74.80428817264884
0.604,-74.80230235135389
0.605,-74.80031653005894
0.606,-74.79833070876398
0.607,-74.79634488746903
0.608,-74.79435906617408
0.609,-74.79237324487913
0.61,-74.79038742358418
0.611,-74.78840160228923
0.612,-74.78641578099428
0.613,-74.78442995969932
0.614,-74.78244413840437
0.615,-74.78045831710942
0.616,-74.77847249581447
0.617,-74.77648667451952
0.618,-74.77450085322457
0.619,-74.77251503192961
0.62,-74.77052921063466
0.621,-74.76854338933971
0.622,-74.76655756804476
0.623,-74.76457174674981
0.624,-74.76258592545486
0.625,-74.7606001041599
0.626,-74.75861428286495
0.627,-74.75662846157
0.628,-74.75464264027505
0.629,-74.7526568189801
0.63,-74.75067099768515
0.631,-74.7486851763902
0.632,-74.74669935509525
0.633,-74.7447135338003
0.634,-74.74272771250534
0.635,-74.74074189121039
0.636,-74.73875606991544
0.637,-74.73677024862049
0.638,-74.73478442732554
0.639,-74.73279860603058
0.64,-74.73081278473563
0.641,-74.72882696344068
0.642,-74.72684114214573
0.643,-74.72485532085078
0.644,-74.72286949955583
0.645,-74.72088367826088
0.646,-74.71889785696592
0.647,-74.71691203567097
0.648,-74.71492621437602
0.649,-74.71294039308107
0.65,-74.71095457178612
0.651,-74.70896875049117
0.652,-74.70698292919622
0.653,-74.70499710790126
0.654,-74.70301128660631
0.655,-74.70102546531136
0.656,-74.69903964401641
0.657,-74.69705382272146
0.658,-74.6950680014265
0.659,-74.69308218013155
0.66,-74.6910963588366
0.661,-74.68911053754165
0.662,-74.6871247162467
0.663,-74.68513889495175
0.664,-74.6831530736568
0.665,-74.68116725236185
0.666,-74.6791814310669
0.667,-74.67719560977194
0.668,-74.67520978847699
0.669,-74.67322396718204
0.67,-74.67123814588709
0.671,-74.66925232459214
0.672,-74.66726650329718
0.673,-74.66528068200223
0.674,-74.66329486070728
0.675,-74.66130903941233
0.676,-74.65932321811738
0.677,-74.65733739682243
0.678,-74.65535157552748
0.679,-74.65336575423252
0.68,-74.65137993293757
0.681,-74.64939411164262
0.682,-74.64740829034767
0.683,-74.64542246905272
0.684,-74.64343664775777
0.685,-74.64145082646282
0.686,-74.63946500516786
0.687,-74.63747918387291
0.6880000000000001,-74.63549336257796
0.6890000000000001,-74.63350754128301
0.6900000000000001,-74.63152171998806
0.6910000000000001,-74.6295358986931
0.6920000000000001,-74.62755007739815
0.6930000000000001,-74.6255642561032
0.6940000000000001,-74.62357843480825
0.6950000000000001,-74.6215926135133
0.6960000000000001,-74.61960679221835
0.6970000000000001,-74.6176209709234
0.6980000000000001,-74.61563514962845
0.6990000000000001,-74.6136493283335
0.7000000000000001,-74.61166350703854
0.7010000000000001,-74.60967768574359
0.7020000000000001,-74.60769186444864
0.7030000000000001,-74.60570604315369
0.704,-74.60372022185874
0.705,-74.60173440056379
0.706,-74.59974857926883
0.707,-74.59776275797388
0.708,-74.59577693667893
0.709,-74.59379111538398
0.71,-74.59180529408903
0.711,-74.58981947279408
0.712,-74.58783365149912
0.713,-74.58584783020417
0.714,-74.58386200890922
0.715,-74.58187618761427
0.716,-74.57989036631932
0.717,-74.57790454502437
0.718,-74.57591872372942
0.719,-74.57393290243446
0.72,-74.57194708113951
0.721,-74.56996125984456
0.722,-74.56797543854961
0.723,-74.56598961725466
0.724,-74.5640037959597
0.725,-74.56201797466476
0.726,-74.5600321533698
0.727,-74.55804633207485
0.728,-74.5560605107799
0.729,-74.55407468948495
0.73,-74.55208886819
0.731,-74.55010304689505
0.732,-74.5481172256001
0.733,-74.54613140430514
0.734,-74.54414558301019
0.735,-74.54215976171524
0.736,-74.54017394042029
0.737,-74.53818811912534
0.738,-74.53620229783039
0.739,-74.53421647653543
0.74,-74.53223065524048
0.741,-74.53024483394553
0.742,-74.52825901265058
0.743,-74.52627319135563
0.744,-74.52428737006068
0.745,-74.52230154876572
0.746,-74.52031572747077
0.747,-74.51832990617582
0.748,-74.51634408488087
0.749,-74.51435826358592
0.75,-74.51237244229097
0.751,-74.51038662099602
0.752,-74.50840079970106
0.753,-74.50641497840611
0.754,-74.50442915711116
0.755,-74.50244333581621
0.756,-74.50045751452126
0.757,-74.4984716932263
0.758,-74.49648587193136
0.759,-74.4945000506364
0.76,-74.49251422934145
0.761,-74.4905284080465
0.762,-74.48854258675155
0.763,-74.4865567654566
0.764,-74.48457094416165
0.765,-74.4825851228667
0.766,-74.48059930157174
0.767,-74.47861348027679
0.768,-74.47662765898184
0.769,-74.47464183768689
0.77,-74.47265601639194
0.771,-74.47067019509699
0.772,-74.46868437380203
0.773,-74.46669855250708
0.774,-74.46471273121213
0.775,-74.46272690991718
0.776,-74.46074108862223
0.777,-74.45875526732728
0.778,-74.45676944603233
0.779,-74.45478362473737
0.78,-74.45279780344242
0.781,-74.45081198214747
0.782,-74.44882616085252
0.783,-74.44684033955757
0.784,-74.44485451826262
0.785,-74.44286869696766
0.786,-74.44088287567271
0.787,-74.43889705437776
0.788,-74.43691123308281
0.789,-74.43492541178786
0.79,-74.43293959049291
0.791,-74.43095376919796
0.792,-74.428967947903
0.793,-74.42698212660805
0.794,-74.4249963053131
0.795,-74.42301048401815
0.796,-74.4210246627232
0.797,-74.41903884142825
0.798,-74.4170530201333
0.799,-74.41506719883834
0.8,-74.41308137754339
0.801,-74.41109555624844
0.802,-74.40910973495349
0.803,-74.40712391365854
0.804,-74.40513809236359
0.805,-74.40315227106863
0.806,-74.40116644977368
0.807,-74.39918062847873
0.808,-74.39719480718378
0.809,-74.39520898588883
0.81,-74.39322316459388
0.811,-74.39123734329893
0.812,-74.38925152200397
0.8130000000000001,-74.38726570070902
0.8140000000000001,-74.38527987941407
0.8150000000000001,-74.38329405811912
0.8160000000000001,-74.38130823682417
0.8170000000000001,-74.37932241552922
0.8180000000000001,-74.37733659423427
0.8190000000000001,-74.37535077293931
0.8200000000000001,-74.37336495164436
0.8210000000000001,-74.37137913034941
0.8220000000000001,-74.36939330905446
0.8230000000000001,-74.36740748775951
0.8240000000000001,-74.36542166646456
0.8250000000000001,-74.3634358451696
0.8260000000000001,-74.36145002387465
0.8270000000000001,-74.3594642025797
0.8280000000000001,-74.35747838128475
0.8290000000000001,-74.3554925599898
0.8300000000000001,-74.35350673869485
0.8310000000000001,-74.3515209173999
0.8320000000000001,-74.34953509610494
0.833,-74.34754927480999
0.834,-74.34556345351504
0.835,-74.34357763222009
0.836,-74.34159181092514
0.837,-74.33960598963019
0.838,-74.33762016833523
0.839,-74.33563434704028
0.84,-74.33364852574533
0.841,-74.33166270445038
0.842,-74.32967688315543
0.843,-74.32769106186048
0.844,-74.32570524056553
0.845,-74.32371941927057
0.846,-74.32173359797562
0.847,-74.31974777668067
0.848,-74.31776195538572
0.849,-74.31577613409077
0.85,-74.31379031279582
0.851,-74.31180449150087
0.852,-74.30981867020591
0.853,-74.30783284891096
0.854,-74.30584702761601
0.855,-74.30386120632106
0.856,-74.30187538502611
0.857,-74.29988956373116
0.858,-74.2979037424362
0.859,-74.29591792114125
0.86,-74.2939320998463
0.861,-74.29194627855135
0.862,-74.2899604572564
0.863,-74.28797463596145
0.864,-74.2859888146665
0.865,-74.28400299337154
0.866,-74.28201717207659
0.867,-74.28003135078164
0.868,-74.27804552948669
0.869,-74.27605970819174
0.87,-74.27407388689679
0.871,-74.27208806560184
0.872,-74.27010224430688
0.873,-74.26811642301193
0.874,-74.26613060171698
0.875,-74.26414478042203
0.876,-74.26215895912708
0.877,-74.26017313783213
0.878,-74.25818731653717
0.879,-74.25620149524222
0.88,-74.25421567394727
0.881,-74.25222985265232
0.882,-74.25024403135737
0.883,-74.24825821006242
0.884,-74.24627238876747
0.885,-74.24428656747251
0.886,-74.24230074617756
0.887,-74.24031492488261
0.888,-74.23832910358766
0.889,-74.23634328229271
0.89,-74.23435746099776
0.891,-74.2323716397028
0.892,-74.23038581840785
0.893,-74.2283999971129
0.894,-74.22641417581795
0.895,-74.224428354523
0.896,-74.22244253322805
0.897,-74.2204567119331
0.898,-74.21847089063814
0.899,-74.2164850693432
0.9,-74.21449924804824
0.901,-74.21251342675329
0.902,-74.21052760545834
0.903,-74.20854178416339
0.904,-74.20655596286844
0.905,-74.20457014157348
0.906,-74.20258432027853
0.907,-74.20059849898358
0.908,-74.19861267768863
0.909,-74.19662685639368
0.91,-74.19464103509873
0.911,-74.19265521380377
0.912,-74.19066939250882
0.913,-74.18868357121387
0.914,-74.18669774991892
0.915,-74.18471192862397
0.916,-74.18272610732902
0.917,-74.18074028603407
0.918,-74.17875446473911
0.919,-74.17676864344416
0.92,-74.17478282214921
0.921,-74.17279700085426
0.922,-74.17081117955931
0.923,-74.16882535826436
0.924,-74.1668395369694
0.925,-74.16485371567445
0.926,-74.1628678943795
0.927,-74.16088207308455
0.928,-74.1588962517896
0.929,-74.15691043049465
0.93,-74.1549246091997
0.931,-74.15293878790474
0.932,-74.1509529666098
0.933,-74.14896714531484
0.934,-74.14698132401989
0.935,-74.14499550272494
0.936,-74.14300968142999
0.937,-74.14102386013504
0.9380000000000001,-74.13903803884008
0.9390000000000001,-74.13705221754513
0.9400000000000001,-74.13506639625018
0.9410000000000001,-74.13308057495523
0.9420000000000001,-74.13109475366028
0.9430000000000001,-74.12910893236533
0.9440000000000001,-74.12712311107038
0.9450000000000001,-74.12513728977542
0.9460000000000001,-74.12315146848047
0.9470000000000001,-74.12116564718552
0.9480000000000001,-74.11917982589057
0.9490000000000001,-74.11719400459562
0.9500000000000001,-74.11520818330067
0.9510000000000001,-74.11322236200571
0.9520000000000001,-74.11123654071076
0.9530000000000001,-74.10925071941581
0.9540000000000001,-74.10726489812086
0.9550000000000001,-74.10527907682591
0.9560000000000001,-74.10329325553096
0.9570000000000001,-74.101307434236
0.9580000000000001,-74.09932161294105
0.9590000000000001,-74.0973357916461
0.96,-74.09534997035115
0.961,-74.0933641490562
0.962,-74.09137832776125
0.963,-74.0893925064663
0.964,-74.08740668517135
0.965,-74.0854208638764
0.966,-74.08343504258144
0.967,-74.08144922128649
0.968,-74.07946339999154
0.969,-74.07747757869659
0.97,-74.07549175740164
0.971,-74.07350593610668
0.972,-74.07152011481173
0.973,-74.06953429351678
0.974,-74.06754847222183
0.975,-74.06556265092688
0.976,-74.06357682963193
0.977,-74.06159100833698
0.978,-74.05960518704202
0.979,-74.05761936574707
0.98,-74.05563354445212
0.981,-74.05364772315717
0.982,-74.05166190186222
0.983,-74.04967608056727
0.984,-74.04769025927231
0.985,-74.04570443797736
0.986,-74.04371861668241
0.987,-74.04173279538746
0.988,-74.03974697409251
0.989,-74.03776115279756
0.99,-74.0357753315026
0.991,-74.03378951020765
0.992,-74.0318036889127
0.993,-74.02981786761775
0.994,-74.0278320463228
0.995,-74.02584622502785
0.996,-74.0238604037329
0.997,-74.02187458243795
0.998,-74.019888761143
0.999,-74.01790293984804
1.0,-74.01591711855309
1.0010000000000001,-74.01393129725814
1.002,-74.01194547596319
1.0030000000000001,-74.00995965466824
1.004,-74.00797383337328
1.0050000000000001,-74.00598801207833
1.006,-74.00400219078338
1.0070000000000001,-74.00201636948843
1.008,-74.00003054819348
1.0090000000000001,-73.99804472689853
1.01,-73.99605890560358
1.0110000000000001,-73.99407308430862
1.012,-73.99208726301367
1.0130000000000001,-73.99010144171872
1.014,-73.98811562042377
1.0150000000000001,-73.98612979912882
1.016,-73.98414397783387
1.0170000000000001,-73.98215815653892
1.018,-73.98017233524396
1.0190000000000001,-73.97818651394901
1.02,-73.97620069265406
1.0210000000000001,-73.97421487135911
1.022,-73.97222905006416
1.0230000000000001,-73.9702432287692
1.024,-73.96825740747425
1.025,-73.9662715861793
1.026,-73.96428576488435
1.027,-73.9622999435894
1.028,-73.96031412229445
1.029,-73.9583283009995
1.03,-73.95634247970455
1.031,-73.9543566584096
1.032,-73.95237083711464
1.033,-73.95038501581969
1.034,-73.94839919452474
1.035,-73.94641337322979
1.036,-73.94442755193484
1.037,-73.94244173063989
1.038,-73.94045590934493
1.039,-73.93847008804998
1.04,-73.93648426675503
1.041,-73.93449844546008
1.042,-73.93251262416513
1.043,-73.93052680287018
1.044,-73.92854098157522
1.045,-73.92655516028027
1.046,-73.92456933898532
1.047,-73.92258351769037
1.048,-73.92059769639542
1.049,-73.91861187510047
1.05,-73.91662605380552
1.051,-73.91464023251056
1.052,-73.91265441121561
1.053,-73.91066858992066
1.054,-73.90868276862571
1.055,-73.90669694733076
1.056,-73.9047111260358
1.057,-73.90272530474085
1.058,-73.9007394834459
1.059,-73.89875366215095
1.06,-73.896767840856
1.061,-73.89478201956105
1.062,-73.8927961982661
1.063,-73.89081037697115
1.064,-73.8888245556762
1.065,-73.88683873438124
1.066,-73.88485291308629
1.067,-73.88286709179134
1.068,-73.88088127049639
1.069,-73.87889544920144
1.07,-73.87690962790649
1.071,-73.87492380661153
1.072,-73.87293798531658
1.073,-73.87095216402163
1.074,-73.86896634272668
1.075,-73.86698052143173
1.076,-73.86499470013678
1.077,-73.86300887884182
1.078,-73.86102305754687
1.079,-73.85903723625192
1.08,-73.85705141495697
1.081,-73.85506559366202
1.082,-73.85307977236707
1.083,-73.85109395107212
1.084,-73.84910812977716
1.085,-73.84712230848221
1.086,-73.84513648718726
1.087,-73.84315066589231
1.088,-73.84116484459736
1.089,-73.8391790233024
1.09,-73.83719320200746
1.091,-73.8352073807125
1.092,-73.83322155941755
1.093,-73.8312357381226
1.094,-73.82924991682765
1.095,-73.8272640955327
1.096,-73.82527827423775
1.097,-73.8232924529428
1.098,-73.82130663164784
1.099,-73.81932081035289
1.1,-73.81733498905794
1.101,-73.81534916776299
1.102,-73.81336334646804
1.103,-73.81137752517309
1.104,-73.80939170387813
1.105,-73.80740588258318
1.106,-73.80542006128823
1.107,-73.80343423999328
1.108,-73.80144841869833
1.109,-73.79946259740338
1.11,-73.79747677610843
1.111,-73.79549095481347
1.112,-73.79350513351852
1.113,-73.79151931222357
1.114,-73.78953349092862
1.115,-73.78754766963367
1.116,-73.78556184833872
1.117,-73.78357602704376
1.118,-73.78159020574881
1.119,-73.77960438445386
1.12,-73.77761856315891
1.121,-73.77563274186396
1.122,-73.773646920569
1.123,-73.77166109927406
1.124,-73.7696752779791
1.125,-73.76768945668415
1.1260000000000001,-73.7657036353892
1.127,-73.76371781409425
1.1280000000000001,-73.7617319927993
1.129,-73.75974617150435
1.1300000000000001,-73.7577603502094
1.131,-73.75577452891444
1.1320000000000001,-73.75378870761949
1.133,-73.75180288632454
1.1340000000000001,-73.74981706502959
1.135,-73.74783124373464
1.1360000000000001,-73.74584542243969
1.137,-73.74385960114473
1.1380000000000001,-73.74187377984978
1.139,-73.73988795855483
1.1400000000000001,-73.73790213725988
1.141,11.162097862740126
1.141,11.16408368403508
1.1420000000000001,11.166069505330036
1.143,11.168055326624991
1.1440000000000001,11.170041147919946
1.145,11.172026969214901
1.1460000000000001,11.174012790509856
1.147,11.175998611804811
1.1480000000000001,11.177984433099766
1.149,11.179970254394721
1.1500000000000001,11.181956075689676
1.151,11.183941896984631
1.1520000000000001,11.185927718279586
1.153,11.187913539574541
1.154,11.189899360869497
1.155,11.191885182164452
1.156,11.193871003459407
1.157,11.195856824754362
1.158,11.197842646049317
1.159,11.199828467344272
1.16,11.201814288639227
1.161,11.203800109934182
1.162,11.205785931229137
1.163,11.207771752524092
1.164,11.209757573819047
1.165,11.211743395114002
1.166,11.213729216408957
1.167,11.215715037703912
1.168,11.217700858998867
1.169,11.219686680293822
1.17,11.221672501588777
1.171,11.223658322883733
1.172,11.225644144178688
1.173,11.227629965473643
1.174,11.229615786768598
1.175,11.231601608063553
1.176,11.233587429358508
1.177,11.235573250653463
1.178,11.237559071948418
1.179,11.239544893243373
1.18,11.241530714538328
1.181,11.243516535833283
1.182,11.245502357128238
1.183,11.247488178423193
1.184,11.249473999718148
1.185,11.251459821013103
1.186,11.253445642308058
1.187,11.255431463603013
1.188,11.257417284897969
1.189,11.259403106192924
1.19,11.261388927487879
1.191,11.263374748782834
1.192,11.265360570077789
1.193,11.267346391372744
1.194,11.269332212667699
1.195,11.271318033962654
1.196,11.273303855257609
1.197,11.275289676552564
1.198,11.27727549784752
1.199,11.279261319142474
1.2,11.28124714043743
1.201,11.283232961732384
1.202,11.28521878302734
1.203,11.287204604322294
1.204,11.28919042561725
1.205,11.291176246912205
1.206,11.29316206820716
1.207,11.295147889502115
1.208,11.29713371079707
1.209,11.299119532092025
1.21,11.30110535338698
1.211,11.303091174681935
1.212,11.30507699597689
1.213,11.307062817271845
1.214,11.3090486385668
1.215,11.311034459861755
1.216,11.31302028115671
1.217,11.315006102451665
1.218,11.31699192374662
1.219,11.318977745041575
1.22,11.32096356633653
1.221,11.322949387631486
1.222,11.32493520892644
1.223,11.326921030221396
1.224,11.32890685151635
1.225,11.330892672811306
1.226,11.33287849410626
1.227,11.334864315401216
1.228,11.336850136696171
1.229,11.338835957991126
1.23,11.340821779286081
1.231,11.342807600581036
1.232,11.344793421875991
1.233,11.346779243170946
1.234,11.348765064465901
1.235,11.350750885760856
1.236,11.352736707055811
1.237,11.354722528350766
1.238,11.356708349645722
1.239,11.358694170940677
1.24,11.360679992235632
1.241,11.362665813530587
1.242,11.364651634825542
1.243,11.366637456120497
1.244,11.368623277415452
1.245,11.370609098710407
1.246,11.372594920005362
1.247,11.374580741300317
1.248,11.376566562595272
1.249,11.378552383890227
1.25,11.380538205185182
1.2510000000000001,11.382524026480137
1.252,11.384509847775092
1.2530000000000001,11.386495669070047
1.254,11.388481490365002
1.2550000000000001,11.390467311659958
1.256,11.392453132954913
1.2570000000000001,11.394438954249868
1.258,11.396424775544823
1.2590000000000001,11.398410596839778
1.26,11.400396418134733
1.2610000000000001,11.402382239429688
1.262,11.404368060724643
1.2630000000000001,11.406353882019598
1.264,11.408339703314553
1.2650000000000001,11.410325524609508
1.266,11.412311345904463
1.2670000000000001,11.414297167199418
1.268,11.416282988494373
1.2690000000000001,11.418268809789328
1.27,11.420254631084283
1.2710000000000001,11.422240452379238
1.272,11.424226273674194
1.2730000000000001,11.426212094969149
1.274,11.428197916264104
1.2750000000000001,11.430183737559059
1.276,11.432169558854014
1.2770000000000001,11.434155380148969
1.278,11.436141201443924
1.2790000000000001,11.438127022738879
1.28,11.440112844033834
1.281,124.48420591786383
1.281,124.48619173915878
1.282,124.48817756045374
1.283,124.49016338174869
1.284,124.49214920304364
1.285,124.49413502433859
1.286,124.49612084563354
1.287,124.49810666692849
1.288,124.50009248822344
1.289,124.5020783095184
1.29,124.50406413081335
1.291,124.5060499521083
1.292,124.50803577340325
1.293,124.5100215946982
1.294,124.51200741599315
1.295,124.5139932372881
1.296,124.51597905858306
1.297,124.51796487987801
1.298,124.51995070117296
1.299,124.52193652246791
1.3,124.52392234376286
1.301,124.52590816505781
1.302,124.52789398635277
1.303,124.52987980764772
1.304,124.53186562894267
1.305,124.53385145023762
1.306,124.53583727153257
1.307,124.53782309282752
1.308,124.53980891412247
1.309,124.54179473541743
1.31,124.54378055671238
1.311,124.54576637800733
1.312,124.54775219930228
1.313,124.54973802059723
1.314,124.55172384189218
1.315,124.55370966318713
1.316,124.55569548448209
1.317,124.55768130577704
1.318,124.55966712707199
1.319,124.56165294836694
1.32,124.56363876966189
1.321,124.56562459095684
1.322,124.5676104122518
1.323,124.56959623354675
1.324,124.5715820548417
1.325,124.57356787613665
1.326,124.5755536974316
1.327,124.57753951872655
1.328,124.5795253400215
1.329,124.58151116131646
1.33,124.58349698261141
1.331,124.58548280390636
1.332,124.58746862520131
1.333,124.58945444649626
1.334,124.59144026779121
1.335,124.59342608908617
1.336,124.59541191038112
1.337,124.59739773167607
1.338,124.59938355297102
1.339,124.60136937426597
1.34,124.60335519556092
1.341,124.60534101685587
1.342,124.60732683815083
1.343,124.60931265944578
1.344,124.61129848074073
1.345,124.61328430203568
1.346,124.61527012333063
1.347,124.61725594462558
1.348,124.61924176592053
1.349,124.62122758721549
1.35,124.62321340851044
1.351,124.62519922980539
1.352,124.62718505110034
1.353,124.62917087239529
1.354,124.63115669369024
1.355,124.6331425149852
1.356,124.63512833628015
1.357,124.6371141575751
1.358,124.63909997887005
1.359,124.641085800165
1.36,124.64307162145995
1.361,124.6450574427549
1.362,124.64704326404986
1.363,124.64902908534481
1.364,124.65101490663976
1.365,124.65300072793471
1.366,124.65498654922966
1.367,124.65697237052461
1.368,124.65895819181956
1.369,124.66094401311452
1.37,124.66292983440947
1.371,124.66491565570442
1.372,124.66690147699937
1.373,124.66888729829432
1.374,124.67087311958927
1.375,124.67285894088423
1.3760000000000001,124.67484476217918
1.377,124.67683058347413
1.3780000000000001,124.67881640476908
1.379,124.68080222606403
1.3800000000000001,124.68278804735898
1.381,124.68477386865393
1.3820000000000001,124.68675968994889
1.383,124.68874551124384
1.3840000000000001,124.69073133253879
1.385,124.69271715383374
1.3860000000000001,124.69470297512869
1.387,124.69668879642364
1.3880000000000001,124.6986746177186
1.389,124.70066043901355
1.3900000000000001,124.7026462603085
1.391,124.70463208160345
1.3920000000000001,124.7066179028984
1.393,124.70860372419335
1.3940000000000001,124.7105895454883
1.395,124.71257536678326
1.3960000000000001,124.7145611880782
1.397,124.71654700937316
1.3980000000000001,124.71853283066811
1.399,124.72051865196306
1.4000000000000001,124.72250447325801
1.401,124.72449029455296
1.4020000000000001,124.72647611584792
1.403,124.72846193714287
1.4040000000000001,124.73044775843782
1.405,124.73243357973277
1.4060000000000001,124.73441940102772
1.407,124.73640522232267
1.408,124.73839104361763
1.409,124.74037686491258
1.41,124.74236268620753
1.411,124.74434850750248
1.412,124.74633432879743
1.413,124.74832015009238
1.414,124.75030597138733
1.415,124.75229179268229
1.416,124.75427761397724
1.417,124.75626343527219
1.418,124.75824925656714
1.419,124.76023507786209
1.42,124.76222089915704
1.4209999999999998,42.34280685352343
1.421,42.34479267481838
1.422,42.34677849611333
1.423,42.34876431740828
1.424,42.35075013870323
1.425,42.352735959998185
1.426,42.35472178129314
1.427,42.35670760258809
1.428,42.35869342388304
1.429,42.36067924517799
1.43,42.36266506647294
1.431,42.364650887767894
1.432,42.366636709062846
1.433,42.3686225303578
1.434,42.37060835165275
1.435,42.3725941729477
1.436,42.37457999424265
1.437,42.3765658155376
1.438,42.378551636832555
1.439,42.380537458127506
1.44,42.38252327942246
1.441,42.38450910071741
1.442,42.38649492201236
1.443,42.38848074330731
1.444,42.390466564602264
1.445,42.392452385897215
1.446,42.39443820719217
1.447,42.39642402848712
1.448,42.39840984978207
1.449,42.40039567107702
1.45,42.40238149237197
1.451,42.404367313666924
1.452,42.406353134961876
1.453,42.40833895625683
1.454,42.41032477755178
1.455,42.41231059884673
1.456,42.41429642014168
1.457,42.41628224143663
1.458,42.418268062731585
1.459,42.420253884026536
1.46,42.42223970532149
1.461,42.42422552661644
1.462,42.42621134791139
1.463,42.42819716920634
1.464,42.430182990501294
1.465,42.432168811796245
1.466,42.4341546330912
1.467,42.43614045438615
1.468,42.4381262756811
1.469,42.44011209697605
1.47,42.442097918271
1.471,42.444083739565954
1.472,42.446069560860906
1.473,42.44805538215586
1.474,42.45004120345081
1.475,42.45202702474576
1.476,42.45401284604071
1.477,42.45599866733566
1.478,42.457984488630615
1.479,42.459970309925566
1.48,42.46195613122052
1.481,42.46394195251547
1.482,42.46592777381042
1.483,42.46791359510537
1.484,42.469899416400324
1.485,42.471885237695275
1.486,42.47387105899023
1.487,42.47585688028518
1.488,42.47784270158013
1.489,42.47982852287508
1.49,42.48181434417003
1.491,42.483800165464984
1.492,42.485785986759936
1.493,42.48777180805489
1.494,42.48975762934984
1.495,42.49174345064479
1.496,42.49372927193974
1.497,42.49571509323469
1.498,42.497700914529645
1.499,42.499686735824596
1.5,42.50167255711955
1.5010000000000001,42.5036583784145
1.502,42.50564419970945
1.5030000000000001,42.5076300210044
1.504,42.509615842299354
1.5050000000000001,42.511601663594305
1.506,42.51358748488926
1.5070000000000001,42.51557330618421
1.508,42.51755912747916
1.5090000000000001,42.51954494877411
1.51,42.52153077006906
1.5110000000000001,42.523516591364015
1.512,42.525502412658966
1.5130000000000001,42.52748823395392
1.514,42.52947405524887
1.5150000000000001,42.53145987654382
1.516,42.53344569783877
1.5170000000000001,42.535431519133724
1.518,42.537417340428675
1.5190000000000001,42.53940316172363
1.52,42.54138898301858
1.5210000000000001,42.54337480431353
1.522,42.54536062560848
1.5230000000000001,42.54734644690343
1.524,42.549332268198384
1.5250000000000001,42.551318089493336
1.526,42.55330391078829
1.5270000000000001,42.55528973208324
1.528,42.55727555337819
1.5290000000000001,42.55926137467314
1.53,42.56124719596809
1.5310000000000001,42.563233017263045
1.532,42.565218838557996
1.5330000000000001,42.56720465985295
1.534,42.5691904811479
1.5350000000000001,42.57117630244285
1.536,42.5731621237378
1.537,42.575147945032754
1.538,42.577133766327705
1.539,42.57911958762266
1.54,42.58110540891761
1.541,42.58309123021256
1.542,42.58507705150751
1.543,42.58706287280246
1.544,42.589048694097414
1.545,42.591034515392366
1.546,42.59302033668732
1.547,42.59500615798227
1.548,42.59699197927722
1.549,42.59897780057217
1.55,42.60096362186712
1.551,42.602949443162075
1.552,42.604935264457026
1.553,42.60692108575198
1.554,42.60890690704693
1.555,42.61089272834188
1.556,42.61287854963683
1.557,42.614864370931784
1.558,42.616850192226735
1.559,42.61883601352169
1.56,42.62082183481664
1.561,42.62280765611159
1.562,42.62479347740654
1.563,42.62677929870149
1.564,42.628765119996444
1.565,42.630750941291396
1.566,42.63273676258635
1.567,42.6347225838813
1.568,42.63670840517625
1.569,42.6386942264712
1.57,42.64068004776615
1.571,42.642665869061105
1.572,42.644651690356056
1.573,42.64663751165101
1.574,42.64862333294596
1.575,42.65060915424091
1.576,42.65259497553586
1.577,42.654580796830814
1.578,42.656566618125765
1.579,42.65855243942072
1.58,42.66053826071567
1.581,42.66252408201062
1.582,42.66450990330557
1.583,42.66649572460052
1.584,42.668481545895474
1.585,42.670467367190426
1.586,42.67245318848538
1.587,42.67443900978033
1.588,42.67642483107528
1.589,42.67841065237023
1.59,42.68039647366518
1.591,42.682382294960135
1.592,42.68436811625509
1.593,42.68635393755004
1.594,42.68833975884499
1.595,42.69032558013994
1.596,42.69231140143489
1.597,42.694297222729844
1.598,42.696283044024796
1.599,42.69826886531975
1.6,42.7002546866147
1.601,42.70224050790965
1.602,42.7042263292046
1.603,42.70621215049955
1.604,42.708197971794505
1.605,42.710183793089456
1.606,42.71216961438441
1.607,42.71415543567936
1.608,42.71614125697431
1.609,42.71812707826926
1.61,42.720112899564214
1.611,42.722098720859165
1.612,42.72408454215412
1.613,42.72607036344907
1.614,42.72805618474402
1.615,42.73004200603897
1.616,42.73202782733392
1.617,42.734013648628874
1.618,42.735999469923826
1.619,42.73798529121878
1.62,42.73997111251373
1.621,42.74195693380868
1.622,42.74394275510363
1.623,42.74592857639858
1.624,42.747914397693535
1.625,42.749900218988486
1.6260000000000001,42.75188604028344
1.627,42.75387186157839
1.6280000000000001,42.75585768287334
1.629,42.75784350416829
1.6300000000000001,42.759829325463244
1.631,42.761815146758195
1.6320000000000001,42.76380096805315
1.633,42.7657867893481
1.6340000000000001,42.76777261064305
1.635,42.769758431938
1.6360000000000001,42.77174425323295
1.637,42.773730074527904
1.6380000000000001,42.775715895822856
1.639,42.77770171711781
1.6400000000000001,42.77968753841276
1.641,42.78167335970771
1.6420000000000001,42.78365918100266
1.643,42.78564500229761
1.6440000000000001,42.787630823592565
1.645,42.789616644887516
1.6460000000000001,42.79160246618247
1.647,42.79358828747742
1.6480000000000001,42.79557410877237
1.649,42.79755993006732
1.6500000000000001,42.799545751362274
1.651,42.801531572657225
1.6520000000000001,42.80351739395218
1.653,42.80550321524713
1.6540000000000001,42.80748903654208
1.655,42.80947485783703
1.6560000000000001,42.81146067913198
1.657,42.813446500426934
1.6580000000000001,42.815432321721886
1.659,42.81741814301684
1.6600000000000001,42.81940396431179
1.661,42.82138978560674
1.6620000000000001,42.82337560690169
1.663,42.82536142819664
1.6640000000000001,42.827347249491595
1.665,42.82933307078655
1.666,42.8313188920815
1.667,42.83330471337645
1.668,42.8352905346714
1.669,42.83727635596635
1.67,42.839262177261304
1.671,42.841247998556256
1.672,42.84323381985121
1.673,42.84521964114616
1.674,42.84720546244111
1.675,42.84919128373606
1.676,42.85117710503101
1.677,42.853162926325965
1.678,42.855148747620916
1.679,42.85713456891587
1.68,42.85912039021082
1.681,42.86110621150577
1.682,42.86309203280072
1.683,42.865077854095674
1.684,42.867063675390625
1.685,42.86904949668558
1.686,42.87103531798053
1.687,42.87302113927548
1.688,42.87500696057043
1.689,42.87699278186538
1.69,42.878978603160334
1.691,42.880964424455286
1.692,42.88295024575024
1.693,42.88493606704519
1.694,42.88692188834014
1.695,42.88890770963509
1.696,42.89089353093004
1.697,42.892879352224995
1.698,42.894865173519946
1.699,42.8968509948149
1.7,42.89883681610985
1.701,42.9008226374048
1.702,42.90280845869975
1.703,42.904794279994704
1.704,42.906780101289655
1.705,42.90876592258461
1.706,42.91075174387956
1.707,42.91273756517451
1.708,42.91472338646946
1.709,42.91670920776441
1.71,42.918695029059364
1.711,42.920680850354316
1.712,42.92266667164927
1.713,42.92465249294422
1.714,42.92663831423917
1.715,42.92862413553412
1.716,42.93060995682907
1.717,42.932595778124025
1.718,42.934581599418976
1.719,42.93656742071393
1.72,42.93855324200888
1.721,42.94053906330383
1.722,42.94252488459878
1.723,42.944510705893734
1.724,42.946496527188685
1.725,42.94848234848364
1.726,42.95046816977859
1.727,42.95245399107354
1.728,42.95443981236849
1.729,42.95642563366344
1.73,42.958411454958394
1.731,42.960397276253346
1.732,42.9623830975483
1.733,42.96436891884325
1.734,42.9663547401382
1.735,42.96834056143315
1.736,42.9703263827281
1.737,42.972312204023055
1.738,42.97429802531801
1.739,42.97628384661296
1.74,42.97826966790791
1.741,42.98025548920286
1.742,42.98224131049781
1.743,42.984227131792764
1.744,42.986212953087716
1.745,42.98819877438267
1.746,42.99018459567762
1.747,42.99217041697257
1.748,42.99415623826752
1.749,42.99614205956247
1.75,42.998127880857425
1.7510000000000001,43.000113702152376
1.752,43.00209952344733
1.7530000000000001,43.00408534474228
1.754,43.00607116603723
1.7550000000000001,43.00805698733218
1.756,43.010042808627134
1.7570000000000001,43.012028629922085
1.758,43.01401445121704
1.7590000000000001,43.01600027251199
1.76,43.01798609380694
1.7610000000000001,43.01997191510189
1.762,43.02195773639684
1.7630000000000001,43.023943557691794
1.764,43.025929378986746
1.7650000000000001,43.0279152002817
1.766,43.02990102157665
1.7670000000000001,43.0318868428716
1.768,43.03387266416655
1.7690000000000001,43.0358584854615
1.77,43.037844306756455
1.7710000000000001,43.039830128051406
1.772,43.04181594934636
1.7730000000000001,43.04380177064131
1.774,43.04578759193626
1.7750000000000001,43.04777341323121
1.776,43.049759234526164
1.7770000000000001,43.051745055821115
1.778,43.05373087711607
1.7790000000000001,43.05571669841102
1.78,43.05770251970597
1.7810000000000001,43.05968834100092
1.782,43.06167416229587
1.7830000000000001,43.063659983590824
1.784,43.065645804885776
1.7850000000000001,43.06763162618073
1.786,43.06961744747568
1.7870000000000001,43.07160326877063
1.788,43.07358909006558
1.7890000000000001,43.07557491136053
1.79,43.077560732655485
1.7910000000000001,43.079546553950436
1.792,43.08153237524539
1.793,43.08351819654034
1.794,43.08550401783529
1.795,43.08748983913024
1.796,43.089475660425194
1.797,43.091461481720145
1.798,43.0934473030151
1.799,43.09543312431005
1.8,43.097418945605
1.801,43.09940476689995
1.802,43.1013905881949
1.803,43.103376409489854
1.804,43.105362230784806
1.805,43.10734805207976
1.806,43.10933387337471
1.807,43.11131969466966
1.808,43.11330551596461
1.809,43.11529133725956
1.81,43.117277158554515
1.811,43.119262979849466
1.812,43.12124880114442
1.813,43.12323462243937
1.814,43.12522044373432
1.815,43.12720626502927
1.816,43.129192086324224
1.817,43.131177907619175
1.818,43.13316372891413
1.819,43.13514955020908
1.82,43.13713537150403
1.821,43.13912119279898
1.822,43.14110701409393
1.823,43.143092835388885
1.824,43.145078656683836
1.825,43.14706447797879
1.826,43.14905029927374
1.827,43.15103612056869
1.828,43.15302194186364
1.829,43.15500776315859
1.83,43.156993584453545
1.831,43.1589794057485
1.832,43.16096522704345
1.833,43.1629510483384
1.834,43.16493686963335
1.835,43.1669226909283
1.836,43.168908512223254
1.837,43.170894333518206
1.838,43.17288015481316
1.839,43.17486597610811
1.84,43.17685179740306
1.841,43.17883761869801
1.842,43.18082343999296
1.843,43.182809261287915
1.844,43.184795082582866
1.845,43.18678090387782
1.846,43.18876672517277
1.847,43.19075254646772
1.848,43.19273836776267
1.849,43.194724189057624
1.85,43.196710010352575
1.851,43.19869583164753
1.852,43.20068165294248
1.853,43.20266747423743
1.854,43.20465329553238
1.855,43.20663911682733
1.856,43.208624938122284
1.857,43.210610759417236
1.858,43.21259658071219
1.859,43.21458240200714
1.86,43.21656822330209
1.861,43.21855404459704
1.862,43.22053986589199
1.863,43.222525687186945
1.864,43.224511508481896
1.865,43.22649732977685
1.866,43.2284831510718
1.867,43.23046897236675
1.868,43.2324547936617
1.869,43.234440614956654
1.87,43.236426436251605
1.871,43.23841225754656
1.872,43.24039807884151
1.873,43.24238390013646
1.874,43.24436972143141
1.875,43.24635554272636
1.8760000000000001,43.248341364021314
1.877,43.250327185316266
1.8780000000000001,43.25231300661122
1.879,43.25429882790617
1.8800000000000001,43.25628464920112
1.881,43.25827047049607
1.8820000000000001,43.26025629179102
1.883,43.262242113085975
1.8840000000000001,43.264227934380926
1.885,43.26621375567588
1.8860000000000001,43.26819957697083
1.887,43.27018539826578
1.8880000000000001,43.27217121956073
1.889,43.274157040855684
1.8900000000000001,43.276142862150635
1.891,43.27812868344559
1.8920000000000001,43.28011450474054
1.893,43.28210032603549
1.8940000000000001,43.28408614733044
1.895,43.28607196862539
1.8960000000000001,43.288057789920344
1.897,43.290043611215296
1.8980000000000001,43.29202943251025
1.899,43.2940152538052
1.9000000000000001,43.29600107510015
1.901,43.2979868963951
1.9020000000000001,43.29997271769005
1.903,43.301958538985005
1.9040000000000001,43.30394436027996
1.905,43.30593018157491
1.9060000000000001,43.30791600286986
1.907,43.30990182416481
1.9080000000000001,43.31188764545976
1.909,43.313873466754714
1.9100000000000001,43.315859288049666
1.911,43.31784510934462
1.9120000000000001,43.31983093063957
1.913,43.32181675193452
1.9140000000000001,43.32380257322947
1.915,43.32578839452442
1.9160000000000001,43.327774215819375
1.917,43.329760037114326
1.9180000000000001,43.33174585840928
1.919,43.33373167970423
1.92,43.33571750099918
1.921,43.33770332229413
1.922,43.339689143589084
1.923,43.341674964884035
1.924,43.34366078617899
1.925,43.34564660747394
1.926,43.34763242876889
1.927,43.34961825006384
1.928,43.35160407135879
1.929,43.353589892653744
1.93,43.355575713948696
1.931,43.35756153524365
1.932,43.3595473565386
1.933,43.36153317783355
1.934,43.3635189991285
1.935,43.36550482042345
1.936,43.367490641718405
1.937,43.369476463013356
1.938,43.37146228430831
1.939,43.37344810560326
1.94,43.37543392689821
1.941,43.37741974819316
1.942,43.379405569488114
1.943,43.381391390783065
1.944,43.38337721207802
1.945,43.38536303337297
1.946,43.38734885466792
1.947,43.38933467596287
1.948,43.39132049725782
1.949,43.393306318552774
1.95,43.395292139847726
1.951,43.39727796114268
1.952,43.39926378243763
1.953,43.40124960373258
1.954,43.40323542502753
1.955,43.40522124632248
1.956,43.407207067617435
1.957,43.409192888912386
1.958,43.41117871020734
1.959,43.41316453150229
1.96,43.41515035279724
1.961,43.41713617409219
1.962,43.419121995387144
1.963,43.421107816682095
1.964,43.42309363797705
1.965,43.425079459272
1.966,43.42706528056695
1.967,43.4290511018619
1.968,43.43103692315685
1.969,43.433022744451804
1.97,43.435008565746756
1.971,43.43699438704171
1.972,43.43898020833666
1.973,43.44096602963161
1.974,43.44295185092656
1.975,43.44493767222151
1.976,43.446923493516465
1.977,43.44890931481142
1.978,43.45089513610637
1.979,43.45288095740132
1.98,43.45486677869627
1.981,43.45685259999122
1.982,43.458838421286174
1.983,43.460824242581126
1.984,43.46281006387608
1.985,43.46479588517103
1.986,43.46678170646598
1.987,43.46876752776093
1.988,43.47075334905588
1.989,43.472739170350835
1.99,43.474724991645786
1.991,43.47671081294074
1.992,43.47869663423569
1.993,43.48068245553064
1.994,43.48266827682559
1.995,43.484654098120544
1.996,43.486639919415495
1.997,43.48862574071045
1.998,43.4906115620054
1.999,43.49259738330035
2.0,43.4945832045953
2.001,43.49656902589025
2.0020000000000002,43.498554847185204
2.003,43.500540668480156
2.004,43.50252648977511
2.005,43.50451231107006
2.0060000000000002,43.50649813236501
2.007,43.50848395365996
2.008,43.51046977495491
2.009,43.512455596249865
2.0100000000000002,43.514441417544816
2.011,43.51642723883977
2.012,43.51841306013472
2.013,43.52039888142967
2.0140000000000002,43.52238470272462
2.015,43.524370524019574
2.016,43.526356345314525
2.017,43.52834216660948
2.0180000000000002,43.53032798790443
2.019,43.53231380919938
2.02,43.53429963049433
2.021,43.53628545178928
2.0220000000000002,43.538271273084234
2.023,43.540257094379186
2.024,43.54224291567414
2.025,43.54422873696909
2.0260000000000002,43.54621455826404
2.027,43.54820037955899
2.028,43.55018620085394
2.029,43.552172022148895
2.0300000000000002,43.554157843443846
2.031,43.5561436647388
2.032,43.55812948603375
2.033,43.5601153073287
2.0340000000000003,43.56210112862365
2.035,43.564086949918604
2.036,43.566072771213555
2.037,43.56805859250851
2.0380000000000003,43.57004441380346
2.039,43.57203023509841
2.04,43.57401605639336
2.041,43.57600187768831
2.0420000000000003,43.577987698983264
2.043,43.579973520278216
2.044,43.58195934157317
2.045,43.58394516286812
2.0460000000000003,43.58593098416307
2.047,43.58791680545802
2.048,43.58990262675297
2.049,43.591888448047925
2.05,43.59387426934288
2.051,43.59586009063783
2.052,43.59784591193278
2.053,43.59983173322773
2.054,43.60181755452268
2.055,43.603803375817634
2.056,43.605789197112585
2.057,43.60777501840754
2.058,43.60976083970249
2.059,43.61174666099744
2.06,43.61373248229239
2.061,43.61571830358734
2.062,43.617704124882295
2.063,43.619689946177246
2.064,43.6216757674722
2.065,43.62366158876715
2.066,43.6256474100621
2.067,43.62763323135705
2.068,43.629619052652004
2.069,43.631604873946955
2.07,43.63359069524191
2.071,43.63557651653686
2.072,43.63756233783181
2.073,43.63954815912676
2.074,43.64153398042171
2.075,43.643519801716664
2.076,43.645505623011616
2.077,43.64749144430657
2.078,43.64947726560152
2.079,43.65146308689647
2.08,43.65344890819142
2.081,43.65543472948637
2.082,43.657420550781325
2.083,43.659406372076276
2.084,43.66139219337123
2.085,43.66337801466618
2.086,43.66536383596113
2.087,43.66734965725608
2.088,43.669335478551034
2.089,43.671321299845985
2.09,43.67330712114094
2.091,43.67529294243589
2.092,43.67727876373084
2.093,43.67926458502579
2.094,43.68125040632074
2.095,43.683236227615694
2.096,43.685222048910646
2.097,43.6872078702056
2.098,43.68919369150055
2.099,43.6911795127955
2.1,43.69316533409045
2.101,43.6951511553854
2.102,43.697136976680355
2.103,43.699122797975306
2.104,43.70110861927026
2.105,43.70309444056521
2.106,43.70508026186016
2.107,43.70706608315511
2.108,43.709051904450064
2.109,43.711037725745015
2.11,43.71302354703997
2.111,43.71500936833492
2.112,43.71699518962987
2.113,43.71898101092482
2.114,43.72096683221977
2.115,43.722952653514724
2.116,43.724938474809676
2.117,43.72692429610463
2.118,43.72891011739958
2.119,43.73089593869453
2.12,43.73288175998948
2.121,43.73486758128443
2.122,43.736853402579385
2.123,43.738839223874336
2.124,43.74082504516929
2.125,43.74281086646424
2.126,43.74479668775919
2.1270000000000002,43.74678250905414
2.128,43.748768330349094
2.129,43.750754151644045
2.13,43.752739972939
2.1310000000000002,43.75472579423395
2.132,43.7567116155289
2.133,43.75869743682385
2.134,43.7606832581188
2.1350000000000002,43.762669079413755
2.136,43.764654900708706
2.137,43.76664072200366
2.138,43.76862654329861
2.1390000000000002,43.77061236459356
2.14,43.77259818588851
2.141,43.77458400718346
2.142,43.776569828478415
2.1430000000000002,43.77855564977337
2.144,43.78054147106832
2.145,43.78252729236327
2.146,43.78451311365822
2.1470000000000002,43.78649893495317
2.148,43.788484756248124
2.149,43.790470577543076
2.15,43.79245639883803
2.1510000000000002,43.79444222013298
2.152,43.79642804142793
2.153,43.79841386272288
2.154,43.80039968401783
2.1550000000000002,43.802385505312785
2.156,43.804371326607736
2.157,43.80635714790269
2.158,43.80834296919764
2.1590000000000003,43.81032879049259
2.16,43.81231461178754
2.161,43.814300433082494
2.162,43.816286254377445
2.1630000000000003,43.8182720756724
2.164,43.82025789696735
2.165,43.8222437182623
2.166,43.82422953955725
2.1670000000000003,43.8262153608522
2.168,43.828201182147154
2.169,43.830187003442106
2.17,43.83217282473706
2.1710000000000003,43.83415864603201
2.172,43.83614446732696
2.173,43.83813028862191
2.174,43.84011610991686
2.1750000000000003,43.842101931211815
2.176,43.844087752506766
2.177,43.84607357380172
2.178,43.84805939509667
2.179,43.85004521639162
2.18,43.85203103768657
2.181,43.854016858981524
2.182,43.856002680276475
2.183,43.85798850157143
2.184,43.85997432286638
2.185,43.86196014416133
2.186,43.86394596545628
2.187,43.86593178675123
2.188,43.867917608046184
2.189,43.869903429341136
2.19,43.87188925063609
2.191,43.87387507193104
2.192,43.87586089322599
2.193,43.87784671452094
2.194,43.87983253581589
2.195,43.881818357110845
2.196,43.883804178405796
2.197,43.88578999970075
2.198,43.8877758209957
2.199,43.88976164229065
2.2,43.8917474635856
2.201,43.893733284880554
2.202,43.895719106175505
2.203,43.89770492747046
2.204,43.89969074876541
2.205,43.90167657006036
2.206,43.90366239135531
2.207,43.90564821265026
2.208,43.907634033945214
2.209,43.909619855240166
2.21,43.91160567653512
2.211,43.91359149783007
2.212,43.91557731912502
2.213,43.91756314041997
2.214,43.91954896171492
2.215,43.921534783009875
2.216,43.92352060430483
2.217,43.92550642559978
2.218,43.92749224689473
2.219,43.92947806818968
2.22,43.93146388948463
2.221,43.933449710779584
2.222,43.935435532074536
2.223,43.93742135336949
2.224,43.93940717466444
2.225,43.94139299595939
2.226,43.94337881725434
2.227,43.94536463854929
2.228,43.947350459844245
2.229,43.949336281139196
2.23,43.95132210243415
2.231,43.9533079237291
2.232,43.95529374502405
2.233,43.957279566319
2.234,43.959265387613954
2.235,43.961251208908905
2.236,43.96323703020386
2.237,43.96522285149881
2.238,43.96720867279376
2.239,43.96919449408871
2.24,43.97118031538366
2.241,43.973166136678614
2.242,43.975151957973566
2.243,43.97713777926852
2.244,43.97912360056347
2.245,43.98110942185842
2.246,43.98309524315337
2.247,43.98508106444832
2.248,43.987066885743275
2.249,43.989052707038226
2.25,43.99103852833318
2.251,43.99302434962813
2.2520000000000002,43.99501017092308
2.253,43.99699599221803
2.254,43.998981813512984
2.255,44.000967634807935
2.2560000000000002,44.00295345610289
2.257,44.00493927739784
2.258,44.00692509869279
2.259,44.00891091998774
2.2600000000000002,44.01089674128269
2.261,44.012882562577644
2.262,44.014868383872596
2.263,44.01685420516755
2.2640000000000002,44.0188400264625
2.265,44.02082584775745
2.266,44.0228116690524
2.267,44.02479749034735
2.2680000000000002,44.026783311642305
2.269,44.028769132937256
2.27,44.03075495423221
2.271,44.03274077552716
2.2720000000000002,44.03472659682211
2.273,44.03671241811706
2.274,44.038698239412014
2.275,44.040684060706965
2.2760000000000002,44.04266988200192
2.277,44.04465570329687
2.278,44.04664152459182
2.279,44.04862734588677
2.2800000000000002,44.05061316718172
2.281,44.052598988476674
2.282,44.054584809771626
2.283,44.05657063106658
2.2840000000000003,44.05855645236153
2.285,44.06054227365648
2.286,44.06252809495143
2.287,44.06451391624638
2.2880000000000003,44.066499737541335
2.289,44.06848555883629
2.29,44.07047138013124
2.291,44.07245720142619
2.2920000000000003,44.07444302272114
2.293,44.07642884401609
2.294,44.078414665311044
2.295,44.080400486605996
2.2960000000000003,44.08238630790095
2.297,44.0843721291959
2.298,44.08635795049085
2.299,44.0883437717858
2.3000000000000003,44.09032959308075
2.301,44.092315414375705
2.302,44.094301235670656
2.303,44.09628705696561
2.3040000000000003,44.09827287826056
2.305,44.10025869955551
2.306,44.10224452085046
2.307,44.104230342145414
2.308,44.106216163440365
2.309,44.10820198473532
2.31,44.11018780603027
2.311,44.11217362732522
2.312,44.11415944862017
2.313,44.11614526991512
2.314,44.118131091210074
2.315,44.120116912505026
2.316,44.12210273379998
2.317,44.12408855509493
2.318,44.12607437638988
2.319,44.12806019768483
2.32,44.13004601897978
2.321,44.132031840274735
2.322,44.134017661569686
2.323,44.13600348286464
2.324,44.13798930415959
2.325,44.13997512545454
2.326,44.14196094674949
2.327,44.143946768044444
2.328,44.145932589339395
2.329,44.14791841063435
2.33,44.1499042319293
2.331,44.15189005322425
2.332,44.1538758745192
2.333,44.15586169581415
2.334,44.157847517109104
2.335,44.159833338404056
2.336,44.16181915969901
2.337,44.16380498099396
2.338,44.16579080228891
2.339,44.16777662358386
2.34,44.16976244487881
2.341,44.171748266173765
2.342,44.173734087468716
2.343,44.17571990876367
2.344,44.17770573005862
2.345,44.17969155135357
2.346,44.18167737264852
2.347,44.183663193943474
2.348,44.185649015238425
2.349,44.18763483653338
2.35,44.18962065782833
2.351,44.19160647912328
2.352,44.19359230041823
2.353,44.19557812171318
2.354,44.197563943008134
2.355,44.199549764303086
2.356,44.20153558559804
2.357,44.20352140689299
2.358,44.20550722818794
2.359,44.20749304948289
2.36,44.20947887077784
2.361,44.211464692072795
2.362,44.21345051336775
2.363,44.2154363346627
2.364,44.21742215595765
2.365,44.2194079772526
2.366,44.22139379854755
2.367,44.223379619842504
2.368,44.225365441137455
2.369,44.22735126243241
2.37,44.22933708372736
2.371,44.23132290502231
2.372,44.23330872631726
2.373,44.23529454761221
2.374,44.237280368907165
2.375,44.239266190202116
2.376,44.24125201149707
2.3770000000000002,44.24323783279202
2.378,44.24522365408697
2.379,44.24720947538192
2.38,44.249195296676874
2.3810000000000002,44.251181117971825
2.382,44.25316693926678
2.383,44.25515276056173
2.384,44.25713858185668
2.3850000000000002,44.25912440315163
2.386,44.26111022444658
2.387,44.263096045741534
2.388,44.265081867036486
2.3890000000000002,44.26706768833144
2.39,44.26905350962639
2.391,44.27103933092134
2.392,44.27302515221629
2.3930000000000002,44.27501097351124
2.394,44.276996794806195
2.395,44.278982616101146
2.396,44.2809684373961
2.3970000000000002,44.28295425869105
2.398,44.284940079986
2.399,44.28692590128095
2.4,44.288911722575904
2.4010000000000002,44.290897543870855
2.402,44.29288336516581
2.403,44.29486918646076
2.404,44.29685500775571
2.4050000000000002,44.29884082905066
2.406,44.30082665034561
2.407,44.302812471640564
2.408,44.304798292935516
2.4090000000000003,44.30678411423047
2.41,44.30876993552542
2.411,44.31075575682037
2.412,44.31274157811532
2.4130000000000003,44.31472739941027
2.414,44.316713220705225
2.415,44.318699042000176
2.416,44.32068486329513
2.4170000000000003,44.32267068459008
2.418,44.32465650588503
2.419,44.32664232717998
2.42,44.328628148474934
2.4210000000000003,44.330613969769885
2.422,44.33259979106484
2.423,44.33458561235979
2.424,44.33657143365474
2.4250000000000003,44.33855725494969
2.426,44.34054307624464
2.427,44.342528897539594
2.428,44.344514718834546
2.4290000000000003,44.3465005401295
2.43,44.34848636142445
2.431,44.3504721827194
2.432,44.35245800401435
2.433,44.3544438253093
2.434,44.356429646604255
2.435,44.358415467899206
2.436,44.36040128919416
2.437,44.36238711048911
2.438,44.36437293178406
2.439,44.36635875307901
2.44,44.368344574373964
2.441,44.370330395668915
2.442,44.37231621696387
2.443,44.37430203825882
2.444,44.37628785955377
2.445,44.37827368084872
2.446,44.38025950214367
2.447,44.382245323438624
2.448,44.384231144733576
2.449,44.38621696602853
2.45,44.38820278732348
2.451,44.39018860861843
2.452,44.39217442991338
2.453,44.39416025120833
2.454,44.396146072503285
2.455,44.39813189379824
2.456,44.40011771509319
2.457,44.40210353638814
2.458,44.40408935768309
2.459,44.40607517897804
2.46,44.408061000272994
2.461,44.410046821567946
2.462,44.4120326428629
2.463,44.41401846415785
2.464,44.4160042854528
2.465,44.41799010674775
2.466,44.4199759280427
2.467,44.421961749337655
2.468,44.423947570632606
2.469,44.42593339192756
2.47,44.42791921322251
2.471,44.42990503451746
2.472,44.43189085581241
2.473,44.433876677107364
2.474,44.435862498402315
2.475,44.43784831969727
2.476,44.43983414099222
2.477,44.44181996228717
2.478,44.44380578358212
2.479,44.44579160487707
2.48,44.447777426172024
2.481,44.449763247466976
2.482,44.45174906876193
2.483,44.45373489005688
2.484,44.45572071135183
2.485,44.45770653264678
2.486,44.45969235394173
2.487,44.461678175236685
2.488,44.463663996531636
2.489,44.46564981782659
2.49,44.46763563912154
2.491,44.46962146041649
2.492,44.47160728171144
2.493,44.473593103006394
2.494,44.475578924301345
2.495,44.4775647455963
2.496,44.47955056689125
2.497,44.4815363881862
2.498,44.48352220948115
2.499,44.4855080307761
2.5,44.487493852071054
2.501,44.489479673366006
2.5020000000000002,44.49146549466096
2.503,44.49345131595591
2.504,44.49543713725086
2.505,44.49742295854581
2.5060000000000002,44.49940877984076
2.507,44.501394601135715
2.508,44.503380422430666
2.509,44.50536624372562
2.5100000000000002,44.50735206502057
2.511,44.50933788631552
2.512,44.51132370761047
2.513,44.513309528905424
2.5140000000000002,44.515295350200375
2.515,44.51728117149533
2.516,44.51926699279028
2.517,44.52125281408523
2.5180000000000002,44.52323863538018
2.519,44.52522445667513
2.52,44.527210277970084
2.521,44.529196099265036
2.5220000000000002,44.53118192055999
2.523,44.53316774185494
2.524,44.53515356314989
2.525,44.53713938444484
2.5260000000000002,44.53912520573979
2.527,44.541111027034745
2.528,44.5430968483297
2.529,44.54508266962465
2.5300000000000002,44.5470684909196
2.531,44.54905431221455
2.532,44.5510401335095
2.533,44.553025954804454
2.5340000000000003,44.555011776099406
2.535,44.55699759739436
2.536,44.55898341868931
2.537,44.56096923998426
2.5380000000000003,44.56295506127921
2.539,44.56494088257416
2.54,44.566926703869115
2.541,44.568912525164066
2.5420000000000003,44.57089834645902
2.543,44.57288416775397
2.544,44.57486998904892
2.545,44.57685581034387
2.5460000000000003,44.578841631638824
2.547,44.580827452933775
2.548,44.58281327422873
2.549,44.58479909552368
2.5500000000000003,44.58678491681863
2.551,44.58877073811358
2.552,44.59075655940853
2.553,44.592742380703484
2.5540000000000003,44.594728201998436
2.555,44.59671402329339
2.556,44.59869984458834
2.557,44.60068566588329
2.5580000000000003,44.60267148717824
2.559,44.60465730847319
2.56,44.606643129768145
2.561,44.608628951063096
2.562,44.61061477235805
2.563,44.612600593653
2.564,44.61458641494795
2.565,44.6165722362429
2.566,44.618558057537854
2.567,44.620543878832805
2.568,44.62252970012776
2.569,44.62451552142271
2.57,44.62650134271766
2.571,44.62848716401261
2.572,44.63047298530756
2.573,44.632458806602514
2.574,44.634444627897466
2.575,44.63643044919242
2.576,44.63841627048737
2.577,44.64040209178232
2.578,44.64238791307727
2.579,44.64437373437222
2.58,44.646359555667175
2.581,44.648345376962126
2.582,44.65033119825708
2.583,44.65231701955203
2.584,44.65430284084698
2.585,44.65628866214193
2.586,44.658274483436884
2.587,44.660260304731835
2.588,44.66224612602679
2.589,44.66423194732174
2.59,44.66621776861669
2.591,44.66820358991164
2.592,44.67018941120659
2.593,44.672175232501544
2.594,44.674161053796496
2.595,44.67614687509145
2.596,44.6781326963864
2.597,44.68011851768135
2.598,44.6821043389763
2.599,44.68409016027125
2.6,44.686075981566205
2.601,44.68806180286116
2.602,44.69004762415611
2.603,44.69203344545106
2.604,44.69401926674601
2.605,44.69600508804096
2.606,44.697990909335914
2.607,44.699976730630866
2.608,44.70196255192582
2.609,44.70394837322077
2.61,44.70593419451572
2.611,44.70792001581067
2.612,44.70990583710562
2.613,44.711891658400575
2.614,44.713877479695526
2.615,44.71586330099048
2.616,44.71784912228543
2.617,44.71983494358038
2.618,44.72182076487533
2.619,44.723806586170284
2.62,44.725792407465235
2.621,44.72777822876019
2.622,44.72976405005514
2.623,44.73174987135009
2.624,44.73373569264504
2.625,44.73572151393999
2.626,44.737707335234944
2.6270000000000002,44.739693156529896
2.628,44.74167897782485
2.629,44.7436647991198
2.63,44.74565062041475
2.6310000000000002,44.7476364417097
2.632,44.74962226300465
2.633,44.751608084299605
2.634,44.753593905594556
2.6350000000000002,44.75557972688951
2.636,44.75756554818446
2.637,44.75955136947941
2.638,44.76153719077436
2.6390000000000002,44.763523012069314
2.64,44.765508833364265
2.641,44.76749465465922
2.642,44.76948047595417
2.6430000000000002,44.77146629724912
2.644,44.77345211854407
2.645,44.77543793983902
2.646,44.777423761133974
2.6470000000000002,44.779409582428926
2.648,44.78139540372388
2.649,44.78338122501883
2.65,44.78536704631378
2.6510000000000002,44.78735286760873
2.652,44.78933868890368
2.653,44.791324510198635
2.654,44.793310331493586
2.6550000000000002,44.79529615278854
2.656,44.79728197408349
2.657,44.79926779537844
2.658,44.80125361667339
2.6590000000000003,44.803239437968344
2.66,44.805225259263295
2.661,44.80721108055825
2.662,44.8091969018532
2.6630000000000003,44.81118272314815
2.664,44.8131685444431
2.665,44.81515436573805
2.666,44.817140187033004
2.6670000000000003,44.819126008327956
2.668,44.82111182962291
2.669,44.82309765091786
2.67,44.82508347221281
2.6710000000000003,44.82706929350776
2.672,44.82905511480271
2.673,44.831040936097665
2.674,44.833026757392616
2.6750000000000003,44.83501257868757
2.676,44.83699839998252
2.677,44.83898422127747
2.678,44.84097004257242
2.6790000000000003,44.842955863867374
2.68,44.844941685162325
2.681,-0.1302746514676727
2.681,-0.12828883017271817
2.682,-0.12630300887776363
2.6830000000000003,-0.12431718758280912
2.684,-0.1223313662878546
2.685,-0.12034554499290008
2.686,-0.11835972369794556
2.6870000000000003,-0.11637390240299104
2.688,-0.11438808110803653
2.689,-0.11240225981308201
2.69,-0.11041643851812749
2.691,-0.10843061722317297
2.692,-0.10644479592821846
2.693,-0.10445897463326394
2.694,-0.10247315333830942
2.695,-0.1004873320433549
2.696,-0.09850151074840038
2.697,-0.09651568945344587
2.698,-0.09452986815849135
2.699,-0.09254404686353683
2.7,-0.09055822556858231
2.701,-0.0885724042736278
2.702,-0.08658658297867328
2.703,-0.08460076168371876
2.704,-0.08261494038876424
2.705,-0.08062911909380972
2.706,-0.0786432977988552
2.707,-0.07665747650390069
2.708,-0.07467165520894617
2.709,-0.07268583391399165
2.71,-0.07070001261903713
2.711,-0.06871419132408262
2.712,-0.0667283700291281
2.713,-0.06474254873417358
2.714,-0.06275672743921906
2.715,-0.060770906144264544
2.716,-0.058785084849310026
2.717,-0.05679926355435551
2.718,-0.05481344225940099
2.719,-0.05282762096444647
2.72,-0.050841799669491955
2.721,-0.04885597837453744
2.722,-0.04687015707958292
2.723,-0.0448843357846284
2.724,-0.042898514489673883
2.725,-0.040912693194719366
2.726,-0.03892687189976485
2.727,-0.03694105060481033
2.728,-0.03495522930985581
2.729,-0.032969408014901294
2.73,-0.030983586719946773
2.731,-0.02899776542499225
2.732,-0.02701194413003773
2.733,-0.02502612283508321
2.734,-0.023040301540128687
2.735,-0.021054480245174166
2.736,-0.019068658950219645
2.737,-0.017082837655265123
2.738,-0.015097016360310602
2.739,-0.01311119506535608
2.74,-0.01112537377040156
2.741,-0.009139552475447038
2.742,-0.007153731180492517
2.743,-0.005167909885537995
2.744,-0.0031820885905834745
2.745,-0.0011962672956289536
2.746,0.0007895539993255673
2.747,0.002775375294280088
2.748,0.0047611965892346095
2.749,0.006747017884189131
2.75,0.008732839179143652
2.751,0.010718660474098174
2.7520000000000002,0.012704481769052695
2.753,0.014690303064007216
2.754,0.016676124358961736
2.755,0.018661945653916257
2.7560000000000002,0.02064776694887078
2.757,0.0226335882438253
2.758,0.02461940953877982
2.759,0.026605230833734343
2.7600000000000002,0.028591052128688864
2.761,0.030576873423643385
2.762,0.03256269471859791
2.763,0.034548516013552424
2.7640000000000002,0.03653433730850694
2.765,0.03852015860346146
2.766,0.04050597989841598
2.767,0.042491801193370496
2.7680000000000002,0.044477622488325014
2.769,0.04646344378327953
2.77,0.04844926507823405
2.771,0.05043508637318857
