,x,Torsion
0,0.0,-0.000637195545153563
1,0.001,-0.001274391090307126
2,0.002,-0.0019115866354606891
3,0.003,-0.002548782180614252
4,0.004,-0.003185977725767815
5,0.005,-0.0038231732709213782
6,0.006,-0.004460368816074941
7,0.007,-0.005097564361228504
8,0.008,-0.005734759906382067
9,0.009000000000000001,-0.00637195545153563
10,0.01,-0.007009150996689193
11,0.011,-0.0076463465418427565
12,0.012,-0.00828354208699632
13,0.013000000000000001,-0.008920737632149883
14,0.014,-0.009557933177303446
15,0.015,-0.010195128722457009
16,0.016,-0.010832324267610572
17,0.017,-0.011469519812764135
18,0.018000000000000002,-0.012106715357917698
19,0.019,-0.01274391090307126
20,0.02,-0.013381106448224824
21,0.021,-0.014018301993378387
22,0.022,-0.01465549753853195
23,0.023,-0.015292693083685513
24,0.024,-0.015929888628839074
25,0.025,-0.016567084173992636
26,0.026000000000000002,-0.017204279719146197
27,0.027,-0.017841475264299758
28,0.028,-0.01847867080945332
29,0.029,-0.01911586635460688
30,0.03,-0.019753061899760442
31,0.031,-0.020390257444914003
32,0.032,-0.021027452990067565
33,0.033,-0.021664648535221126
34,0.034,-0.022301844080374687
35,0.035,-0.02293903962552825
36,0.036000000000000004,-0.02357623517068181
37,0.037,-0.02421343071583537
38,0.038,-0.024850626260988933
39,0.039,-0.025487821806142494
40,0.04,-0.026125017351296055
41,0.041,-0.026762212896449616
42,0.042,-0.027399408441603178
43,0.043000000000000003,-0.02803660398675674
44,0.044,-0.0286737995319103
45,0.045,-0.02931099507706386
46,0.046,-0.029948190622217423
47,0.047,-0.030585386167370984
48,0.048,-0.031222581712524546
49,0.049,-0.03185977725767811
50,0.05,-0.03249697280283167
51,0.051000000000000004,-0.03313416834798523
52,0.052000000000000005,-0.03377136389313879
53,0.053,-0.03440855943829235
54,0.054,-0.03504575498344591
55,0.055,-0.035682950528599475
56,0.056,-0.036320146073753036
57,0.057,-0.0369573416189066
58,0.058,-0.03759453716406016
59,0.059000000000000004,-0.03823173270921372
60,0.06,-0.03886892825436728
61,0.061,-0.03950612379952084
62,0.062,-0.040143319344674404
63,0.063,-0.040780514889827965
64,0.064,-0.041417710434981526
65,0.065,-0.04205490598013509
66,0.066,-0.04269210152528865
67,0.067,-0.04332929707044221
68,0.068,-0.04396649261559577
69,0.069,-0.04460368816074933
70,0.07,-0.045240883705902894
71,0.07100000000000001,-0.045878079251056456
72,0.07200000000000001,-0.04651527479621002
73,0.073,-0.04715247034136358
74,0.074,-0.04778966588651714
75,0.075,-0.0484268614316707
76,0.076,-0.04906405697682426
77,0.077,-0.04970125252197782
78,0.078,-0.050338448067131385
79,0.079,-0.050975643612284946
80,0.08,-0.05161283915743851
81,0.081,-0.05225003470259207
82,0.082,-0.05288723024774563
83,0.083,-0.05352442579289919
84,0.084,-0.05416162133805275
85,0.085,-0.054798816883206314
86,0.08600000000000001,-0.055436012428359875
87,0.08700000000000001,-0.056073207973513436
88,0.088,-0.056710403518667
89,0.089,-0.05734759906382056
90,0.09,-0.05798479460897412
91,0.091,-0.05862199015412768
92,0.092,-0.05925918569928124
93,0.093,-0.059896381244434804
94,0.094,-0.060533576789588366
95,0.095,-0.06117077233474193
96,0.096,-0.06180796787989549
97,0.097,-0.06244516342504905
98,0.098,-0.06308235897020262
99,0.099,-0.06371955451535619
100,0.1,-0.06435675006050975
101,0.101,-0.06499394560566332
102,0.10200000000000001,-0.06563114115081689
103,0.10300000000000001,-0.06626833669597046
104,0.10400000000000001,-0.06690553224112403
105,0.105,-0.0675427277862776
106,0.106,-0.06817992333143116
107,0.107,-0.06881711887658473
108,0.108,-0.0694543144217383
109,0.109,-0.07009150996689187
110,0.11,-0.07072870551204544
111,0.111,-0.071365901057199
112,0.112,-0.07200309660235257
113,0.113,-0.07264029214750614
114,0.114,-0.07327748769265971
115,0.115,-0.07391468323781328
116,0.116,-0.07455187878296685
117,0.117,-0.07518907432812041
118,0.11800000000000001,-0.07582626987327398
119,0.11900000000000001,-0.07646346541842755
120,0.12,-0.07710066096358112
121,0.121,-0.07773785650873469
122,0.122,-0.07837505205388826
123,0.123,-0.07901224759904182
124,0.124,-0.07964944314419539
125,0.125,-0.08028663868934896
126,0.126,-0.08092383423450253
127,0.127,-0.0815610297796561
128,0.128,-0.08219822532480967
129,0.129,-0.08283542086996323
130,0.13,-0.0834726164151168
131,0.131,-0.08410981196027037
132,0.132,-0.08474700750542394
133,0.133,-0.0853842030505775
134,0.134,-0.08602139859573107
135,0.135,-0.08665859414088464
136,0.136,-0.08729578968603821
137,0.137,-0.08793298523119178
138,0.138,-0.08857018077634535
139,0.139,-0.08920737632149892
140,0.14,-0.08984457186665248
141,0.14100000000000001,-0.09048176741180605
142,0.14200000000000002,-0.09111896295695962
143,0.14300000000000002,-0.09175615850211319
144,0.14400000000000002,-0.09239335404726676
145,0.145,-0.09303054959242033
146,0.146,-0.0936677451375739
147,0.147,-0.09430494068272746
148,0.148,-0.09494213622788103
149,0.149,-0.0955793317730346
150,0.15,-0.09621652731818817
151,0.151,-0.09685372286334173
152,0.152,-0.0974909184084953
153,0.153,2.433365225335255
154,0.153,2.4327280297901015
155,0.154,2.432090834244948
156,0.155,2.4314536386997943
157,0.156,2.4308164431546406
158,0.157,2.430179247609487
159,0.158,2.4295420520643334
160,0.159,2.4289048565191798
161,0.16,2.428267660974026
162,0.161,2.4276304654288725
163,0.162,2.426993269883719
164,0.163,2.4263560743385653
165,0.164,2.4257188787934116
166,0.165,2.425081683248258
167,0.166,2.4244444877031044
168,0.167,2.4238072921579508
169,0.168,2.423170096612797
170,0.169,2.4225329010676435
171,0.17,2.42189570552249
172,0.171,2.4212585099773363
173,0.17200000000000001,2.4206213144321826
174,0.17300000000000001,2.419984118887029
175,0.17400000000000002,2.4193469233418754
176,0.17500000000000002,2.4187097277967218
177,0.176,2.418072532251568
178,0.177,2.4174353367064145
179,0.178,2.416798141161261
180,0.179,2.4161609456161073
181,0.18,2.4155237500709537
182,0.181,2.4148865545258
183,0.182,2.4142493589806464
184,0.183,2.413612163435493
185,0.184,2.412974967890339
186,0.185,2.4123377723451855
187,0.186,2.411700576800032
188,0.187,2.4110633812548783
189,0.188,2.4104261857097247
190,0.189,2.409788990164571
191,0.19,2.4091517946194174
192,0.191,2.408514599074264
193,0.192,2.40787740352911
194,0.193,2.4072402079839565
195,0.194,2.406603012438803
196,0.195,2.4059658168936493
197,0.196,2.4053286213484957
198,0.197,2.404691425803342
199,0.198,2.4040542302581884
200,0.199,2.403417034713035
201,0.2,2.402779839167881
202,0.201,2.4021426436227276
203,0.202,2.401505448077574
204,0.203,2.4008682525324203
205,0.20400000000000001,2.4002310569872667
206,0.20500000000000002,2.399593861442113
207,0.20600000000000002,2.3989566658969594
208,0.20700000000000002,2.398319470351806
209,0.20800000000000002,2.397682274806652
210,0.209,2.3970450792614986
211,0.21,2.396407883716345
212,0.211,2.3957706881711913
213,0.212,2.3951334926260377
214,0.213,2.394496297080884
215,0.214,2.3938591015357304
216,0.215,2.393221905990577
217,0.216,2.392584710445423
218,0.217,2.3919475149002696
219,0.218,2.391310319355116
220,0.219,2.3906731238099623
221,0.22,2.3900359282648087
222,0.221,2.389398732719655
223,0.222,2.3887615371745015
224,0.223,2.388124341629348
225,0.224,2.387487146084194
226,0.225,2.3868499505390406
227,0.226,2.386212754993887
228,0.227,2.3855755594487333
229,0.228,2.3849383639035797
230,0.229,2.384301168358426
231,0.23,2.3836639728132725
232,0.231,2.383026777268119
233,0.232,2.382389581722965
234,0.233,2.3817523861778116
235,0.234,2.381115190632658
236,0.23500000000000001,2.3804779950875044
237,0.23600000000000002,2.3798407995423507
238,0.23700000000000002,2.379203603997197
239,0.23800000000000002,2.3785664084520435
240,0.23900000000000002,2.37792921290689
241,0.24,2.3772920173617362
242,0.241,2.3766548218165826
243,0.242,2.376017626271429
244,0.243,2.3753804307262754
245,0.244,2.3747432351811217
246,0.245,2.374106039635968
247,0.246,2.3734688440908145
248,0.247,2.372831648545661
249,0.248,2.3721944530005072
250,0.249,2.3715572574553536
251,0.25,2.3709200619102
252,0.251,2.3702828663650464
253,0.252,2.3696456708198927
254,0.253,2.369008475274739
255,0.254,2.3683712797295855
256,0.255,2.367734084184432
257,0.256,2.3670968886392783
258,0.257,2.3664596930941246
259,0.258,2.365822497548971
260,0.259,2.3651853020038174
261,0.26,2.3645481064586638
262,0.261,2.36391091091351
263,0.262,2.3632737153683565
264,0.263,2.362636519823203
265,0.264,2.3619993242780493
266,0.265,2.3613621287328956
267,0.266,2.360724933187742
268,0.267,2.3600877376425884
269,0.268,2.3594505420974348
270,0.269,2.358813346552281
271,0.27,2.3581761510071275
272,0.271,2.357538955461974
273,0.272,2.3569017599168203
274,0.273,2.3562645643716666
275,0.274,2.355627368826513
276,0.275,2.3549901732813594
277,0.276,2.3543529777362058
278,0.277,2.353715782191052
279,0.278,2.3530785866458985
280,0.279,2.352441391100745
281,0.28,2.3518041955555913
282,0.281,2.3511670000104377
283,0.28200000000000003,2.350529804465284
284,0.28300000000000003,2.3498926089201304
285,0.28400000000000003,2.349255413374977
286,0.28500000000000003,2.348618217829823
287,0.28600000000000003,2.3479810222846695
288,0.28700000000000003,2.347343826739516
289,0.28800000000000003,2.3467066311943623
290,0.289,2.3460694356492087
291,0.29,2.345432240104055
292,0.291,2.3447950445589014
293,0.292,2.344157849013748
294,0.293,2.343520653468594
295,0.294,2.3428834579234405
296,0.295,2.342246262378287
297,0.296,2.3416090668331333
298,0.297,2.3409718712879797
299,0.298,2.340334675742826
300,0.299,2.3396974801976724
301,0.3,2.339060284652519
302,0.301,2.338423089107365
303,0.302,2.3377858935622116
304,0.303,2.337148698017058
305,0.304,2.3365115024719043
306,0.305,2.3358743069267507
307,0.306,2.335237111381597
308,0.307,2.3345999158364434
309,0.308,2.33396272029129
310,0.309,2.333325524746136
311,0.31,2.3326883292009826
312,0.311,2.332051133655829
313,0.312,2.3314139381106753
314,0.313,2.3307767425655217
315,0.314,2.330139547020368
316,0.315,2.3295023514752145
317,0.316,2.328865155930061
318,0.317,2.328227960384907
319,0.318,2.3275907648397536
320,0.319,2.3269535692946
321,0.32,2.3263163737494463
322,0.321,2.3256791782042927
323,0.322,2.325041982659139
324,0.323,2.3244047871139855
325,0.324,2.323767591568832
326,0.325,2.323130396023678
327,0.326,2.3224932004785246
328,0.327,2.321856004933371
329,0.328,2.3212188093882173
330,0.329,2.3205816138430637
331,0.33,2.31994441829791
332,0.331,2.3193072227527565
333,0.332,2.318670027207603
334,0.333,2.3180328316624492
335,0.334,2.3173956361172956
336,0.335,2.316758440572142
337,0.336,2.3161212450269884
338,0.337,2.3154840494818347
339,0.338,2.314846853936681
340,0.339,2.3142096583915275
341,0.34,2.313572462846374
342,0.341,2.3129352673012202
343,0.342,2.3122980717560666
344,0.343,2.311660876210913
345,0.34400000000000003,2.3110236806657594
346,0.34500000000000003,2.3103864851206057
347,0.34600000000000003,2.309749289575452
348,0.34700000000000003,2.3091120940302985
349,0.34800000000000003,2.308474898485145
350,0.34900000000000003,2.3078377029399912
351,0.35000000000000003,2.3072005073948376
352,0.35100000000000003,2.306563311849684
353,0.352,2.3059261163045304
354,0.353,2.3052889207593767
355,0.354,2.304651725214223
356,0.355,2.3040145296690695
357,0.356,2.303377334123916
358,0.357,2.3027401385787623
359,0.358,2.3021029430336086
360,0.359,2.301465747488455
361,0.36,2.3008285519433014
362,0.361,2.3001913563981478
363,0.362,2.299554160852994
364,0.363,2.2989169653078405
365,0.364,2.298279769762687
366,0.365,2.2976425742175333
367,0.366,2.2970053786723796
368,0.367,2.296368183127226
369,0.368,2.2957309875820724
370,0.369,2.2950937920369188
371,0.37,2.294456596491765
372,0.371,2.2938194009466115
373,0.372,2.293182205401458
374,0.373,2.2925450098563043
375,0.374,2.2919078143111506
376,0.375,2.291270618765997
377,0.376,2.2906334232208434
378,0.377,2.2899962276756898
379,0.378,2.289359032130536
380,0.379,2.2887218365853825
381,0.38,2.288084641040229
382,0.381,2.2874474454950753
383,0.382,2.2868102499499217
384,0.383,2.286173054404768
385,0.384,2.2855358588596144
386,0.385,2.284898663314461
387,0.386,2.284261467769307
388,0.387,2.2836242722241535
389,0.388,2.282987076679
390,0.389,2.2823498811338463
391,0.39,2.2817126855886927
392,0.391,2.281075490043539
393,0.392,2.2804382944983854
394,0.393,2.279801098953232
395,0.394,2.279163903408078
396,0.395,2.2785267078629245
397,0.396,2.277889512317771
398,0.397,2.2772523167726173
399,0.398,2.2766151212274637
400,0.399,2.27597792568231
401,0.4,2.2753407301371564
402,0.401,2.274703534592003
403,0.402,2.274066339046849
404,0.403,2.2734291435016956
405,0.404,2.272791947956542
406,0.405,2.2721547524113883
407,0.406,2.2715175568662347
408,0.40700000000000003,2.270880361321081
409,0.40800000000000003,2.2702431657759274
410,0.40900000000000003,2.269605970230774
411,0.41000000000000003,2.26896877468562
412,0.41100000000000003,2.2683315791404666
413,0.41200000000000003,2.267694383595313
414,0.41300000000000003,2.2670571880501593
415,0.41400000000000003,2.2664199925050057
416,0.41500000000000004,2.265782796959852
417,0.41600000000000004,2.2651456014146985
418,0.417,2.264508405869545
419,0.418,2.263871210324391
420,0.419,2.2632340147792376
421,0.42,2.262596819234084
422,0.421,2.2619596236889303
423,0.422,2.2613224281437767
424,0.423,2.260685232598623
425,0.424,2.2600480370534695
426,0.425,2.259410841508316
427,0.426,2.258773645963162
428,0.427,2.2581364504180086
429,0.428,2.257499254872855
430,0.429,2.2568620593277013
431,0.43,2.2562248637825477
432,0.431,2.255587668237394
433,0.432,2.2549504726922405
434,0.433,2.254313277147087
435,0.434,2.2536760816019332
436,0.435,2.2530388860567796
437,0.436,2.252401690511626
438,0.437,2.2517644949664724
439,0.438,2.2511272994213187
440,0.439,2.250490103876165
441,0.44,2.2498529083310115
442,0.441,2.249215712785858
443,0.442,2.2485785172407042
444,0.443,2.2479413216955506
445,0.444,2.247304126150397
446,0.445,2.2466669306052434
447,0.446,2.2460297350600897
448,0.447,2.245392539514936
449,0.448,2.2447553439697825
450,0.449,2.244118148424629
451,0.45,2.2434809528794752
452,0.451,2.2428437573343216
453,0.452,2.242206561789168
454,0.453,2.2415693662440144
455,0.454,2.2409321706988607
456,0.455,2.240294975153707
457,0.456,2.2396577796085535
458,0.457,2.2390205840634
459,0.458,2.2383833885182463
460,0.459,2.2377461929730926
461,0.46,2.237108997427939
462,0.461,2.2364718018827854
463,0.462,2.2358346063376318
464,0.463,2.235197410792478
465,0.464,2.2345602152473245
466,0.465,2.233923019702171
467,0.466,2.2332858241570173
468,0.467,2.2326486286118636
469,0.468,2.23201143306671
470,0.46900000000000003,2.2313742375215564
471,0.47000000000000003,2.2307370419764028
472,0.47100000000000003,2.230099846431249
473,0.47200000000000003,2.2294626508860955
474,0.47300000000000003,2.228825455340942
475,0.47400000000000003,2.2281882597957883
476,0.47500000000000003,2.2275510642506346
477,0.47600000000000003,2.226913868705481
478,0.47700000000000004,2.2262766731603274
479,0.47800000000000004,2.225639477615174
480,0.47900000000000004,2.22500228207002
481,0.48,2.2243650865248665
482,0.481,2.223727890979713
483,0.482,2.2230906954345593
484,0.483,2.2224534998894057
485,0.484,2.221816304344252
486,0.485,2.2211791087990984
487,0.486,2.220541913253945
488,0.487,2.219904717708791
489,0.488,2.2192675221636375
490,0.489,2.218630326618484
491,0.49,2.2179931310733303
492,0.491,2.2173559355281767
493,0.492,2.216718739983023
494,0.493,2.2160815444378694
495,0.494,2.215444348892716
496,0.495,2.214807153347562
497,0.496,2.2141699578024086
498,0.497,2.213532762257255
499,0.498,2.2128955667121013
500,0.499,2.2122583711669477
501,0.5,2.211621175621794
502,0.501,2.2109839800766404
503,0.502,2.210346784531487
504,0.503,2.209709588986333
505,0.504,2.2090723934411796
506,0.505,2.208435197896026
507,0.506,2.2077980023508723
508,0.507,2.2071608068057187
509,0.508,2.206523611260565
510,0.509,2.2058864157154114
511,0.51,2.205249220170258
512,0.511,2.204612024625104
513,0.512,2.2039748290799506
514,0.513,2.203337633534797
515,0.514,2.2027004379896433
516,0.515,2.2020632424444897
517,0.516,2.201426046899336
518,0.517,2.2007888513541825
519,0.518,2.200151655809029
520,0.519,2.199514460263875
521,0.52,2.1988772647187216
522,0.521,2.198240069173568
523,0.522,2.1976028736284143
524,0.523,2.1969656780832607
525,0.524,2.196328482538107
526,0.525,2.1956912869929535
527,0.526,2.1950540914478
528,0.527,2.194416895902646
529,0.528,2.1937797003574926
530,0.529,2.193142504812339
531,0.53,2.1925053092671853
532,0.531,2.1918681137220317
533,0.532,2.191230918176878
534,0.533,2.1905937226317245
535,0.534,2.189956527086571
536,0.535,2.1893193315414172
537,0.536,2.1886821359962636
538,0.537,2.18804494045111
539,0.538,2.1874077449059564
540,0.539,2.1867705493608027
541,0.54,2.186133353815649
542,0.541,2.1854961582704955
543,0.542,2.184858962725342
544,0.543,2.1842217671801882
545,0.544,2.1835845716350346
546,0.545,2.182947376089881
547,0.546,2.1823101805447274
548,0.547,2.1816729849995737
549,0.548,2.18103578945442
550,0.549,2.1803985939092665
551,0.55,2.179761398364113
552,0.551,2.1791242028189592
553,0.552,2.1784870072738056
554,0.553,2.177849811728652
555,0.554,2.1772126161834984
556,0.555,2.1765754206383447
557,0.556,2.175938225093191
558,0.557,2.1753010295480375
559,0.558,2.174663834002884
560,0.559,2.1740266384577303
561,0.56,2.1733894429125766
562,0.561,2.172752247367423
563,0.562,2.1721150518222694
564,0.5630000000000001,2.1714778562771158
565,0.5640000000000001,2.170840660731962
566,0.5650000000000001,2.1702034651868085
567,0.5660000000000001,2.169566269641655
568,0.5670000000000001,2.1689290740965013
569,0.5680000000000001,2.1682918785513476
570,0.5690000000000001,2.167654683006194
571,0.5700000000000001,2.1670174874610404
572,0.5710000000000001,2.1663802919158868
573,0.5720000000000001,2.165743096370733
574,0.5730000000000001,2.1651059008255795
575,0.5740000000000001,2.164468705280426
576,0.5750000000000001,2.1638315097352723
577,0.5760000000000001,2.1631943141901187
578,0.577,2.162557118644965
579,0.578,2.1619199230998114
580,0.579,2.161282727554658
581,0.58,2.160645532009504
582,0.581,2.1600083364643505
583,0.582,2.159371140919197
584,0.583,2.1587339453740433
585,0.584,2.1580967498288897
586,0.585,2.157459554283736
587,0.586,2.1568223587385824
588,0.587,2.156185163193429
589,0.588,2.155547967648275
590,0.589,2.1549107721031215
591,0.59,2.154273576557968
592,0.591,2.1536363810128143
593,0.592,2.1529991854676607
594,0.593,2.152361989922507
595,0.594,2.1517247943773534
596,0.595,2.1510875988322
597,0.596,2.150450403287046
598,0.597,2.1498132077418926
599,0.598,2.149176012196739
600,0.599,2.1485388166515853
601,0.6,2.1479016211064317
602,0.601,2.147264425561278
603,0.602,2.1466272300161244
604,0.603,2.145990034470971
605,0.604,2.145352838925817
606,0.605,2.1447156433806636
607,0.606,2.14407844783551
608,0.607,2.1434412522903563
609,0.608,2.1428040567452027
610,0.609,2.142166861200049
611,0.61,2.1415296656548954
612,0.611,2.140892470109742
613,0.612,2.140255274564588
614,0.613,2.1396180790194346
615,0.614,2.138980883474281
616,0.615,2.1383436879291273
617,0.616,2.1377064923839737
618,0.617,2.13706929683882
619,0.618,2.1364321012936665
620,0.619,2.135794905748513
621,0.62,2.135157710203359
622,0.621,2.1345205146582056
623,0.622,2.133883319113052
624,0.623,2.1332461235678983
625,0.624,2.1326089280227447
626,0.625,2.131971732477591
627,0.626,2.1313345369324375
628,0.627,2.130697341387284
629,0.628,2.13006014584213
630,0.629,2.1294229502969766
631,0.63,2.128785754751823
632,0.631,2.1281485592066693
633,0.632,2.1275113636615157
634,0.633,2.126874168116362
635,0.634,2.1262369725712085
636,0.635,2.125599777026055
637,0.636,2.1249625814809012
638,0.637,2.1243253859357476
639,0.638,2.123688190390594
640,0.639,2.1230509948454404
641,0.64,2.1224137993002867
642,0.641,2.121776603755133
643,0.642,2.1211394082099795
644,0.643,2.120502212664826
645,0.644,2.1198650171196722
646,0.645,2.1192278215745186
647,0.646,2.118590626029365
648,0.647,2.1179534304842114
649,0.648,2.1173162349390577
650,0.649,2.116679039393904
651,0.65,2.1160418438487505
652,0.651,2.115404648303597
653,0.652,2.1147674527584432
654,0.653,2.1141302572132896
655,0.654,2.113493061668136
656,0.655,2.1128558661229824
657,0.656,2.1122186705778287
658,0.657,2.111581475032675
659,0.658,2.1109442794875215
660,0.659,2.110307083942368
661,0.66,2.1096698883972143
662,0.661,2.1090326928520606
663,0.662,2.108395497306907
664,0.663,2.1077583017617534
665,0.664,2.1071211062165998
666,0.665,2.106483910671446
667,0.666,2.1058467151262925
668,0.667,2.105209519581139
669,0.668,2.1045723240359853
670,0.669,2.1039351284908316
671,0.67,2.103297932945678
672,0.671,2.1026607374005244
673,0.672,2.1020235418553708
674,0.673,2.101386346310217
675,0.674,2.1007491507650635
676,0.675,2.10011195521991
677,0.676,2.0994747596747563
678,0.677,2.0988375641296027
679,0.678,2.098200368584449
680,0.679,2.0975631730392954
681,0.68,2.096925977494142
682,0.681,2.096288781948988
683,0.682,2.0956515864038345
684,0.683,2.095014390858681
685,0.684,2.0943771953135273
686,0.685,2.0937399997683737
687,0.686,2.09310280422322
688,0.687,2.0924656086780664
689,0.6880000000000001,2.091828413132913
690,0.6890000000000001,2.091191217587759
691,0.6900000000000001,2.0905540220426055
692,0.6910000000000001,2.089916826497452
693,0.6920000000000001,2.0892796309522983
694,0.6930000000000001,2.0886424354071447
695,0.6940000000000001,2.088005239861991
696,0.6950000000000001,2.0873680443168374
697,0.6960000000000001,2.086730848771684
698,0.6970000000000001,2.08609365322653
699,0.6980000000000001,2.0854564576813766
700,0.6990000000000001,2.084819262136223
701,0.7000000000000001,2.0841820665910693
702,0.7010000000000001,2.0835448710459157
703,0.7020000000000001,2.082907675500762
704,0.7030000000000001,2.0822704799556084
705,0.704,2.081633284410455
706,0.705,2.080996088865301
707,0.706,2.0803588933201476
708,0.707,2.079721697774994
709,0.708,2.0790845022298403
710,0.709,2.0784473066846867
711,0.71,2.077810111139533
712,0.711,2.0771729155943794
713,0.712,2.076535720049226
714,0.713,2.075898524504072
715,0.714,2.0752613289589186
716,0.715,2.074624133413765
717,0.716,2.0739869378686113
718,0.717,2.0733497423234577
719,0.718,2.072712546778304
720,0.719,2.0720753512331505
721,0.72,2.071438155687997
722,0.721,2.070800960142843
723,0.722,2.0701637645976896
724,0.723,2.069526569052536
725,0.724,2.0688893735073823
726,0.725,2.0682521779622287
727,0.726,2.067614982417075
728,0.727,2.0669777868719215
729,0.728,2.066340591326768
730,0.729,2.065703395781614
731,0.73,2.0650662002364606
732,0.731,2.064429004691307
733,0.732,2.0637918091461533
734,0.733,2.0631546136009997
735,0.734,2.062517418055846
736,0.735,2.0618802225106925
737,0.736,2.061243026965539
738,0.737,2.0606058314203852
739,0.738,2.0599686358752316
740,0.739,2.059331440330078
741,0.74,2.0586942447849244
742,0.741,2.0580570492397707
743,0.742,2.057419853694617
744,0.743,2.0567826581494635
745,0.744,2.05614546260431
746,0.745,2.0555082670591562
747,0.746,2.0548710715140026
748,0.747,2.054233875968849
749,0.748,2.0535966804236954
750,0.749,2.0529594848785417
751,0.75,2.052322289333388
752,0.751,2.0516850937882345
753,0.752,2.051047898243081
754,0.753,2.0504107026979272
755,0.754,2.0497735071527736
756,0.755,2.04913631160762
757,0.756,2.0484991160624664
758,0.757,2.0478619205173128
759,0.758,2.047224724972159
760,0.759,2.0465875294270055
761,0.76,2.045950333881852
762,0.761,2.0453131383366983
763,0.762,2.0446759427915446
764,0.763,2.044038747246391
765,0.764,2.0434015517012374
766,0.765,2.0427643561560838
767,0.766,2.04212716061093
768,0.767,2.0414899650657765
769,0.768,2.040852769520623
770,0.769,2.0402155739754693
771,0.77,2.0395783784303156
772,0.771,2.038941182885162
773,0.772,2.0383039873400084
774,0.773,2.0376667917948548
775,0.774,2.037029596249701
776,0.775,2.0363924007045475
777,0.776,2.035755205159394
778,0.777,2.0351180096142403
779,0.778,2.0344808140690867
780,0.779,2.033843618523933
781,0.78,2.0332064229787794
782,0.781,2.032569227433626
783,0.782,2.031932031888472
784,0.783,2.0312948363433185
785,0.784,2.030657640798165
786,0.785,2.0300204452530113
787,0.786,2.0293832497078577
788,0.787,2.028746054162704
789,0.788,2.0281088586175504
790,0.789,2.027471663072397
791,0.79,2.026834467527243
792,0.791,2.0261972719820895
793,0.792,2.025560076436936
794,0.793,2.0249228808917823
795,0.794,2.0242856853466287
796,0.795,2.023648489801475
797,0.796,2.0230112942563214
798,0.797,2.022374098711168
799,0.798,2.021736903166014
800,0.799,2.0210997076208606
801,0.8,2.020462512075707
802,0.801,2.0198253165305533
803,0.802,2.0191881209853997
804,0.803,2.018550925440246
805,0.804,2.0179137298950924
806,0.805,2.017276534349939
807,0.806,2.016639338804785
808,0.807,2.0160021432596316
809,0.808,2.015364947714478
810,0.809,2.0147277521693243
811,0.81,2.0140905566241707
812,0.811,2.013453361079017
813,0.812,2.0128161655338634
814,0.8130000000000001,2.01217896998871
815,0.8140000000000001,2.011541774443556
816,0.8150000000000001,2.0109045788984026
817,0.8160000000000001,2.010267383353249
818,0.8170000000000001,2.0096301878080953
819,0.8180000000000001,2.0089929922629417
820,0.8190000000000001,2.008355796717788
821,0.8200000000000001,2.0077186011726345
822,0.8210000000000001,2.007081405627481
823,0.8220000000000001,2.006444210082327
824,0.8230000000000001,2.0058070145371736
825,0.8240000000000001,2.00516981899202
826,0.8250000000000001,2.0045326234468663
827,0.8260000000000001,2.0038954279017127
828,0.8270000000000001,2.003258232356559
829,0.8280000000000001,2.0026210368114055
830,0.8290000000000001,2.001983841266252
831,0.8300000000000001,2.001346645721098
832,0.8310000000000001,2.0007094501759446
833,0.8320000000000001,2.000072254630791
834,0.833,1.9994350590856373
835,0.834,1.9987978635404837
836,0.835,1.99816066799533
837,0.836,1.9975234724501765
838,0.837,1.9968862769050229
839,0.838,1.9962490813598692
840,0.839,1.9956118858147156
841,0.84,1.994974690269562
842,0.841,1.9943374947244084
843,0.842,1.9937002991792547
844,0.843,1.993063103634101
845,0.844,1.9924259080889475
846,0.845,1.9917887125437939
847,0.846,1.9911515169986402
848,0.847,1.9905143214534866
849,0.848,1.989877125908333
850,0.849,1.9892399303631794
851,0.85,1.9886027348180257
852,0.851,1.9879655392728721
853,0.852,1.9873283437277185
854,0.853,1.9866911481825649
855,0.854,1.9860539526374112
856,0.855,1.9854167570922576
857,0.856,1.984779561547104
858,0.857,1.9841423660019504
859,0.858,1.9835051704567968
860,0.859,1.9828679749116431
861,0.86,1.9822307793664895
862,0.861,1.9815935838213359
863,0.862,1.9809563882761823
864,0.863,1.9803191927310286
865,0.864,1.979681997185875
866,0.865,1.9790448016407214
867,0.866,1.9784076060955678
868,0.867,1.9777704105504141
869,0.868,1.9771332150052605
870,0.869,1.976496019460107
871,0.87,1.9758588239149533
872,0.871,1.9752216283697996
873,0.872,1.974584432824646
874,0.873,1.9739472372794924
875,0.874,1.9733100417343388
876,0.875,1.9726728461891851
877,0.876,1.9720356506440315
878,0.877,1.971398455098878
879,0.878,1.9707612595537243
880,0.879,1.9701240640085707
881,0.88,1.969486868463417
882,0.881,1.9688496729182634
883,0.882,1.9682124773731098
884,0.883,1.9675752818279562
885,0.884,1.9669380862828025
886,0.885,1.966300890737649
887,0.886,1.9656636951924953
888,0.887,1.9650264996473417
889,0.888,1.964389304102188
890,0.889,1.9637521085570344
891,0.89,1.9631149130118808
892,0.891,1.9624777174667272
893,0.892,1.9618405219215735
894,0.893,1.96120332637642
895,0.894,1.9605661308312663
896,0.895,1.9599289352861127
897,0.896,1.959291739740959
898,0.897,1.9586545441958054
899,0.898,1.9580173486506518
900,0.899,1.9573801531054982
901,0.9,1.9567429575603446
902,0.901,1.956105762015191
903,0.902,1.9554685664700373
904,0.903,1.9548313709248837
905,0.904,1.95419417537973
906,0.905,1.9535569798345764
907,0.906,1.9529197842894228
908,0.907,1.9522825887442692
909,0.908,1.9516453931991156
910,0.909,1.951008197653962
911,0.91,1.9503710021088083
912,0.911,1.9497338065636547
913,0.912,1.949096611018501
914,0.913,1.9484594154733474
915,0.914,1.9478222199281938
916,0.915,1.9471850243830402
917,0.916,1.9465478288378866
918,0.917,1.945910633292733
919,0.918,1.9452734377475793
920,0.919,1.9446362422024257
921,0.92,1.943999046657272
922,0.921,1.9433618511121185
923,0.922,1.9427246555669648
924,0.923,1.9420874600218112
925,0.924,1.9414502644766576
926,0.925,1.940813068931504
927,0.926,1.9401758733863503
928,0.927,1.9395386778411967
929,0.928,1.938901482296043
930,0.929,1.9382642867508895
931,0.93,1.9376270912057358
932,0.931,1.9369898956605822
933,0.932,1.9363527001154286
934,0.933,1.935715504570275
935,0.934,1.9350783090251213
936,0.935,1.9344411134799677
937,0.936,1.933803917934814
938,0.937,1.9331667223896605
939,0.9380000000000001,1.9325295268445069
940,0.9390000000000001,1.9318923312993532
941,0.9400000000000001,1.9312551357541996
942,0.9410000000000001,1.930617940209046
943,0.9420000000000001,1.9299807446638924
944,0.9430000000000001,1.9293435491187387
945,0.9440000000000001,1.928706353573585
946,0.9450000000000001,1.9280691580284315
947,0.9460000000000001,1.9274319624832779
948,0.9470000000000001,1.9267947669381242
949,0.9480000000000001,1.9261575713929706
950,0.9490000000000001,1.925520375847817
951,0.9500000000000001,1.9248831803026634
952,0.9510000000000001,1.9242459847575097
953,0.9520000000000001,1.9236087892123561
954,0.9530000000000001,1.9229715936672025
955,0.9540000000000001,1.9223343981220489
956,0.9550000000000001,1.9216972025768952
957,0.9560000000000001,1.9210600070317416
958,0.9570000000000001,1.920422811486588
959,0.9580000000000001,1.9197856159414344
960,0.9590000000000001,1.9191484203962808
961,0.96,1.9185112248511271
962,0.961,1.9178740293059735
963,0.962,1.9172368337608199
964,0.963,1.9165996382156663
965,0.964,1.9159624426705126
966,0.965,1.915325247125359
967,0.966,1.9146880515802054
968,0.967,1.9140508560350518
969,0.968,1.9134136604898981
970,0.969,1.9127764649447445
971,0.97,1.912139269399591
972,0.971,1.9115020738544373
973,0.972,1.9108648783092836
974,0.973,1.91022768276413
975,0.974,1.9095904872189764
976,0.975,1.9089532916738228
977,0.976,1.9083160961286691
978,0.977,1.9076789005835155
979,0.978,1.907041705038362
980,0.979,1.9064045094932083
981,0.98,1.9057673139480547
982,0.981,1.905130118402901
983,0.982,1.9044929228577474
984,0.983,1.9038557273125938
985,0.984,1.9032185317674402
986,0.985,1.9025813362222865
987,0.986,1.901944140677133
988,0.987,1.9013069451319793
989,0.988,1.9006697495868257
990,0.989,1.900032554041672
991,0.99,1.8993953584965184
992,0.991,1.8987581629513648
993,0.992,1.8981209674062112
994,0.993,1.8974837718610575
995,0.994,1.896846576315904
996,0.995,1.8962093807707503
997,0.996,1.8955721852255967
998,0.997,1.894934989680443
999,0.998,1.8942977941352894
1000,0.999,1.8936605985901358
1001,1.0,1.8930234030449822
1002,1.0010000000000001,1.8923862074998286
1003,1.002,1.891749011954675
1004,1.0030000000000001,1.8911118164095213
1005,1.004,1.8904746208643677
1006,1.0050000000000001,1.889837425319214
1007,1.006,1.8892002297740604
1008,1.0070000000000001,1.8885630342289068
1009,1.008,1.8879258386837532
1010,1.0090000000000001,1.8872886431385996
1011,1.01,1.886651447593446
1012,1.0110000000000001,1.8860142520482923
1013,1.012,1.8853770565031387
1014,1.0130000000000001,1.884739860957985
1015,1.014,1.8841026654128314
1016,1.0150000000000001,1.8834654698676778
1017,1.016,1.8828282743225242
1018,1.0170000000000001,1.8821910787773706
1019,1.018,1.881553883232217
1020,1.0190000000000001,1.8809166876870633
1021,1.02,1.8802794921419097
1022,1.0210000000000001,1.879642296596756
1023,1.022,1.8790051010516025
1024,1.0230000000000001,1.8783679055064488
1025,1.024,1.8777307099612952
1026,1.025,1.8770935144161416
1027,1.026,1.876456318870988
1028,1.027,1.8758191233258343
1029,1.028,1.8751819277806807
1030,1.029,1.874544732235527
1031,1.03,1.8739075366903735
1032,1.031,1.8732703411452198
1033,1.032,1.8726331456000662
1034,1.033,1.8719959500549126
1035,1.034,1.871358754509759
1036,1.035,1.8707215589646053
1037,1.036,1.8700843634194517
1038,1.037,1.869447167874298
1039,1.038,1.8688099723291445
1040,1.039,1.8681727767839909
1041,1.04,1.8675355812388372
1042,1.041,1.8668983856936836
1043,1.042,1.86626119014853
1044,1.043,1.8656239946033764
1045,1.044,1.8649867990582227
1046,1.045,1.864349603513069
1047,1.046,1.8637124079679155
1048,1.047,1.8630752124227619
1049,1.048,1.8624380168776082
1050,1.049,1.8618008213324546
1051,1.05,1.861163625787301
1052,1.051,1.8605264302421474
1053,1.052,1.8598892346969937
1054,1.053,1.8592520391518401
1055,1.054,1.8586148436066865
1056,1.055,1.8579776480615329
1057,1.056,1.8573404525163792
1058,1.057,1.8567032569712256
1059,1.058,1.856066061426072
1060,1.059,1.8554288658809184
1061,1.06,1.8547916703357648
1062,1.061,1.8541544747906111
1063,1.062,1.8535172792454575
1064,1.063,1.8528800837003039
1065,1.064,1.8522428881551503
1066,1.065,1.8516056926099966
1067,1.066,1.850968497064843
1068,1.067,1.8503313015196894
1069,1.068,1.8496941059745358
1070,1.069,1.8490569104293821
1071,1.07,1.8484197148842285
1072,1.071,1.847782519339075
1073,1.072,1.8471453237939213
1074,1.073,1.8465081282487676
1075,1.074,1.845870932703614
1076,1.075,1.8452337371584604
1077,1.076,1.8445965416133068
1078,1.077,1.8439593460681531
1079,1.078,1.8433221505229995
1080,1.079,1.842684954977846
1081,1.08,1.8420477594326923
1082,1.081,1.8414105638875387
1083,1.082,1.840773368342385
1084,1.083,1.8401361727972314
1085,1.084,1.8394989772520778
1086,1.085,1.8388617817069242
1087,1.086,1.8382245861617705
1088,1.087,1.837587390616617
1089,1.088,1.8369501950714633
1090,1.089,1.8363129995263097
1091,1.09,1.835675803981156
1092,1.091,1.8350386084360024
1093,1.092,1.8344014128908488
1094,1.093,1.8337642173456952
1095,1.094,1.8331270218005415
1096,1.095,1.832489826255388
1097,1.096,1.8318526307102343
1098,1.097,1.8312154351650807
1099,1.098,1.830578239619927
1100,1.099,1.8299410440747734
1101,1.1,1.8293038485296198
1102,1.101,1.8286666529844662
1103,1.102,1.8280294574393126
1104,1.103,1.827392261894159
1105,1.104,1.8267550663490053
1106,1.105,1.8261178708038517
1107,1.106,1.825480675258698
1108,1.107,1.8248434797135444
1109,1.108,1.8242062841683908
1110,1.109,1.8235690886232372
1111,1.11,1.8229318930780836
1112,1.111,1.82229469753293
1113,1.112,1.8216575019877763
1114,1.113,1.8210203064426227
1115,1.114,1.820383110897469
1116,1.115,1.8197459153523154
1117,1.116,1.8191087198071618
1118,1.117,1.8184715242620082
1119,1.118,1.8178343287168546
1120,1.119,1.817197133171701
1121,1.12,1.8165599376265473
1122,1.121,1.8159227420813937
1123,1.122,1.81528554653624
1124,1.123,1.8146483509910865
1125,1.124,1.8140111554459328
1126,1.125,1.8133739599007792
1127,1.1260000000000001,1.8127367643556256
1128,1.127,1.812099568810472
1129,1.1280000000000001,1.8114623732653183
1130,1.129,1.8108251777201647
1131,1.1300000000000001,1.810187982175011
1132,1.131,1.8095507866298575
1133,1.1320000000000001,1.8089135910847038
1134,1.133,1.8082763955395502
1135,1.1340000000000001,1.8076391999943966
1136,1.135,1.807002004449243
1137,1.1360000000000001,1.8063648089040893
1138,1.137,1.8057276133589357
1139,1.1380000000000001,1.805090417813782
1140,1.139,1.8044532222686285
1141,1.1400000000000001,1.8038160267234749
1142,1.141,23.777466026723474
1143,1.141,23.77682883117832
1144,1.1420000000000001,23.776191635633168
1145,1.143,23.775554440088015
1146,1.1440000000000001,23.774917244542863
1147,1.145,23.77428004899771
1148,1.1460000000000001,23.773642853452557
1149,1.147,23.773005657907404
1150,1.1480000000000001,23.77236846236225
1151,1.149,23.7717312668171
1152,1.1500000000000001,23.771094071271946
1153,1.151,23.770456875726794
1154,1.1520000000000001,23.76981968018164
1155,1.153,23.769182484636488
1156,1.154,23.768545289091335
1157,1.155,23.767908093546183
1158,1.156,23.76727089800103
1159,1.157,23.766633702455877
1160,1.158,23.765996506910724
1161,1.159,23.76535931136557
1162,1.16,23.76472211582042
1163,1.161,23.764084920275266
1164,1.162,23.763447724730113
1165,1.163,23.76281052918496
1166,1.164,23.762173333639808
1167,1.165,23.761536138094655
1168,1.166,23.760898942549503
1169,1.167,23.76026174700435
1170,1.168,23.759624551459197
1171,1.169,23.758987355914044
1172,1.17,23.75835016036889
1173,1.171,23.75771296482374
1174,1.172,23.757075769278586
1175,1.173,23.756438573733433
1176,1.174,23.75580137818828
1177,1.175,23.755164182643128
1178,1.176,23.754526987097975
1179,1.177,23.753889791552822
1180,1.178,23.75325259600767
1181,1.179,23.752615400462517
1182,1.18,23.751978204917364
1183,1.181,23.75134100937221
1184,1.182,23.75070381382706
1185,1.183,23.750066618281906
1186,1.184,23.749429422736753
1187,1.185,23.7487922271916
1188,1.186,23.748155031646448
1189,1.187,23.747517836101295
1190,1.188,23.746880640556142
1191,1.189,23.74624344501099
1192,1.19,23.745606249465837
1193,1.191,23.744969053920684
1194,1.192,23.74433185837553
1195,1.193,23.74369466283038
1196,1.194,23.743057467285226
1197,1.195,23.742420271740073
1198,1.196,23.74178307619492
1199,1.197,23.741145880649768
1200,1.198,23.740508685104615
1201,1.199,23.739871489559462
1202,1.2,23.73923429401431
1203,1.201,23.738597098469157
1204,1.202,23.737959902924004
1205,1.203,23.73732270737885
1206,1.204,23.7366855118337
1207,1.205,23.736048316288546
1208,1.206,23.735411120743393
1209,1.207,23.73477392519824
1210,1.208,23.734136729653088
1211,1.209,23.733499534107935
1212,1.21,23.732862338562782
1213,1.211,23.73222514301763
1214,1.212,23.731587947472477
1215,1.213,23.730950751927324
1216,1.214,23.73031355638217
1217,1.215,23.72967636083702
1218,1.216,23.729039165291866
1219,1.217,23.728401969746713
1220,1.218,23.72776477420156
1221,1.219,23.727127578656408
1222,1.22,23.726490383111255
1223,1.221,23.725853187566102
1224,1.222,23.72521599202095
1225,1.223,23.724578796475797
1226,1.224,23.723941600930644
1227,1.225,23.72330440538549
1228,1.226,23.72266720984034
1229,1.227,23.722030014295186
1230,1.228,23.721392818750033
1231,1.229,23.72075562320488
1232,1.23,23.720118427659727
1233,1.231,23.719481232114575
1234,1.232,23.718844036569422
1235,1.233,23.71820684102427
1236,1.234,23.717569645479117
1237,1.235,23.716932449933964
1238,1.236,23.71629525438881
1239,1.237,23.71565805884366
1240,1.238,23.715020863298506
1241,1.239,23.714383667753353
1242,1.24,23.7137464722082
1243,1.241,23.713109276663047
1244,1.242,23.712472081117895
1245,1.243,23.711834885572742
1246,1.244,23.71119769002759
1247,1.245,23.710560494482436
1248,1.246,23.709923298937284
1249,1.247,23.70928610339213
1250,1.248,23.708648907846978
1251,1.249,23.708011712301825
1252,1.25,23.707374516756673
1253,1.2510000000000001,23.70673732121152
1254,1.252,23.706100125666367
1255,1.2530000000000001,23.705462930121215
1256,1.254,23.704825734576062
1257,1.2550000000000001,23.70418853903091
1258,1.256,23.703551343485756
1259,1.2570000000000001,23.702914147940604
1260,1.258,23.70227695239545
1261,1.2590000000000001,23.701639756850298
1262,1.26,23.701002561305145
1263,1.2610000000000001,23.700365365759993
1264,1.262,23.69972817021484
1265,1.2630000000000001,23.699090974669687
1266,1.264,23.698453779124534
1267,1.2650000000000001,23.69781658357938
1268,1.266,23.69717938803423
1269,1.2670000000000001,23.696542192489076
1270,1.268,23.695904996943923
1271,1.2690000000000001,23.69526780139877
1272,1.27,23.694630605853618
1273,1.2710000000000001,23.693993410308465
1274,1.272,23.693356214763313
1275,1.2730000000000001,23.69271901921816
1276,1.274,23.692081823673007
1277,1.2750000000000001,23.691444628127854
1278,1.276,23.6908074325827
1279,1.2770000000000001,23.69017023703755
1280,1.278,23.689533041492396
1281,1.2790000000000001,23.688895845947243
1282,1.28,23.68825865040209
1283,1.281,19.32185572205834
1284,1.281,19.32121852651319
1285,1.282,19.320581330968036
1286,1.283,19.319944135422883
1287,1.284,19.31930693987773
1288,1.285,19.318669744332578
1289,1.286,19.318032548787425
1290,1.287,19.317395353242272
1291,1.288,19.31675815769712
1292,1.289,19.316120962151967
1293,1.29,19.315483766606814
1294,1.291,19.31484657106166
1295,1.292,19.31420937551651
1296,1.293,19.313572179971356
1297,1.294,19.312934984426203
1298,1.295,19.31229778888105
1299,1.296,19.311660593335898
1300,1.297,19.311023397790745
1301,1.298,19.310386202245592
1302,1.299,19.30974900670044
1303,1.3,19.309111811155287
1304,1.301,19.308474615610134
1305,1.302,19.30783742006498
1306,1.303,19.30720022451983
1307,1.304,19.306563028974676
1308,1.305,19.305925833429523
1309,1.306,19.30528863788437
1310,1.307,19.304651442339217
1311,1.308,19.304014246794065
1312,1.309,19.303377051248912
1313,1.31,19.30273985570376
1314,1.311,19.302102660158607
1315,1.312,19.301465464613454
1316,1.313,19.3008282690683
1317,1.314,19.30019107352315
1318,1.315,19.299553877977996
1319,1.316,19.298916682432843
1320,1.317,19.29827948688769
1321,1.318,19.297642291342537
1322,1.319,19.297005095797385
1323,1.32,19.296367900252232
1324,1.321,19.29573070470708
1325,1.322,19.295093509161926
1326,1.323,19.294456313616774
1327,1.324,19.29381911807162
1328,1.325,19.29318192252647
1329,1.326,19.292544726981316
1330,1.327,19.291907531436163
1331,1.328,19.29127033589101
1332,1.329,19.290633140345857
1333,1.33,19.289995944800705
1334,1.331,19.289358749255552
1335,1.332,19.2887215537104
1336,1.333,19.288084358165246
1337,1.334,19.287447162620094
1338,1.335,19.28680996707494
1339,1.336,19.286172771529788
1340,1.337,19.285535575984635
1341,1.338,19.284898380439483
1342,1.339,19.28426118489433
1343,1.34,19.283623989349177
1344,1.341,19.282986793804024
1345,1.342,19.28234959825887
1346,1.343,19.28171240271372
1347,1.344,19.281075207168566
1348,1.345,19.280438011623414
1349,1.346,19.27980081607826
1350,1.347,19.279163620533108
1351,1.348,19.278526424987955
1352,1.349,19.277889229442803
1353,1.35,19.27725203389765
1354,1.351,19.276614838352497
1355,1.352,19.275977642807344
1356,1.353,19.27534044726219
1357,1.354,19.27470325171704
1358,1.355,19.274066056171886
1359,1.356,19.273428860626733
1360,1.357,19.27279166508158
1361,1.358,19.272154469536428
1362,1.359,19.271517273991275
1363,1.36,19.270880078446122
1364,1.361,19.27024288290097
1365,1.362,19.269605687355817
1366,1.363,19.268968491810664
1367,1.364,19.26833129626551
1368,1.365,19.26769410072036
1369,1.366,19.267056905175206
1370,1.367,19.266419709630053
1371,1.368,19.2657825140849
1372,1.369,19.265145318539748
1373,1.37,19.264508122994595
1374,1.371,19.263870927449442
1375,1.372,19.26323373190429
1376,1.373,19.262596536359137
1377,1.374,19.261959340813984
1378,1.375,19.26132214526883
1379,1.3760000000000001,19.26068494972368
1380,1.377,19.260047754178526
1381,1.3780000000000001,19.259410558633373
1382,1.379,19.25877336308822
1383,1.3800000000000001,19.258136167543068
1384,1.381,19.257498971997915
1385,1.3820000000000001,19.256861776452762
1386,1.383,19.25622458090761
1387,1.3840000000000001,19.255587385362457
1388,1.385,19.254950189817304
1389,1.3860000000000001,19.25431299427215
1390,1.387,19.253675798727
1391,1.3880000000000001,19.253038603181846
1392,1.389,19.252401407636693
1393,1.3900000000000001,19.25176421209154
1394,1.391,19.251127016546388
1395,1.3920000000000001,19.250489821001235
1396,1.393,19.249852625456082
1397,1.3940000000000001,19.24921542991093
1398,1.395,19.248578234365777
1399,1.3960000000000001,19.247941038820624
1400,1.397,19.24730384327547
1401,1.3980000000000001,19.24666664773032
1402,1.399,19.246029452185166
1403,1.4000000000000001,19.245392256640013
1404,1.401,19.24475506109486
1405,1.4020000000000001,19.244117865549708
1406,1.403,19.243480670004555
1407,1.4040000000000001,19.242843474459402
1408,1.405,19.24220627891425
1409,1.4060000000000001,19.241569083369097
1410,1.407,19.240931887823944
1411,1.408,19.24029469227879
1412,1.409,19.23965749673364
1413,1.41,19.239020301188486
1414,1.411,19.238383105643333
1415,1.412,19.23774591009818
1416,1.413,19.237108714553028
1417,1.414,19.236471519007875
1418,1.415,19.235834323462722
1419,1.416,19.23519712791757
1420,1.417,19.234559932372417
1421,1.418,19.233922736827264
1422,1.419,19.23328554128211
1423,1.42,19.23264834573696
1424,1.4209999999999998,-2.099125982564342
1425,1.421,-2.0997631781094954
1426,1.422,-2.100400373654649
1427,1.423,-2.1010375691998027
1428,1.424,-2.1016747647449563
1429,1.425,-2.10231196029011
1430,1.426,-2.1029491558352635
1431,1.427,-2.103586351380417
1432,1.428,-2.104223546925571
1433,1.429,-2.1048607424707244
1434,1.43,-2.105497938015878
1435,1.431,-2.1061351335610317
1436,1.432,-2.1067723291061853
1437,1.433,-2.107409524651339
1438,1.434,-2.1080467201964925
1439,1.435,-2.108683915741646
1440,1.436,-2.1093211112867998
1441,1.437,-2.1099583068319534
1442,1.438,-2.110595502377107
1443,1.439,-2.1112326979222606
1444,1.44,-2.1118698934674143
1445,1.441,-2.112507089012568
1446,1.442,-2.1131442845577215
1447,1.443,-2.113781480102875
1448,1.444,-2.1144186756480288
1449,1.445,-2.1150558711931824
1450,1.446,-2.115693066738336
1451,1.447,-2.1163302622834896
1452,1.448,-2.1169674578286433
1453,1.449,-2.117604653373797
1454,1.45,-2.1182418489189505
1455,1.451,-2.118879044464104
1456,1.452,-2.1195162400092578
1457,1.453,-2.1201534355544114
1458,1.454,-2.120790631099565
1459,1.455,-2.1214278266447186
1460,1.456,-2.1220650221898723
1461,1.457,-2.122702217735026
1462,1.458,-2.1233394132801795
1463,1.459,-2.123976608825333
1464,1.46,-2.1246138043704867
1465,1.461,-2.1252509999156404
1466,1.462,-2.125888195460794
1467,1.463,-2.1265253910059476
1468,1.464,-2.1271625865511012
1469,1.465,-2.127799782096255
1470,1.466,-2.1284369776414085
1471,1.467,-2.129074173186562
1472,1.468,-2.1297113687317157
1473,1.469,-2.1303485642768694
1474,1.47,-2.130985759822023
1475,1.471,-2.1316229553671766
1476,1.472,-2.1322601509123302
1477,1.473,-2.132897346457484
1478,1.474,-2.1335345420026375
1479,1.475,-2.134171737547791
1480,1.476,-2.1348089330929447
1481,1.477,-2.1354461286380984
1482,1.478,-2.136083324183252
1483,1.479,-2.1367205197284056
1484,1.48,-2.1373577152735592
1485,1.481,-2.137994910818713
1486,1.482,-2.1386321063638665
1487,1.483,-2.13926930190902
1488,1.484,-2.1399064974541737
1489,1.485,-2.1405436929993273
1490,1.486,-2.141180888544481
1491,1.487,-2.1418180840896346
1492,1.488,-2.142455279634788
1493,1.489,-2.143092475179942
1494,1.49,-2.1437296707250955
1495,1.491,-2.144366866270249
1496,1.492,-2.1450040618154027
1497,1.493,-2.1456412573605563
1498,1.494,-2.14627845290571
1499,1.495,-2.1469156484508636
1500,1.496,-2.147552843996017
1501,1.497,-2.148190039541171
1502,1.498,-2.1488272350863244
1503,1.499,-2.149464430631478
1504,1.5,-2.1501016261766317
1505,1.5010000000000001,-2.1507388217217853
1506,1.502,-2.151376017266939
1507,1.5030000000000001,-2.1520132128120926
1508,1.504,-2.152650408357246
1509,1.5050000000000001,-2.1532876039024
1510,1.506,-2.1539247994475534
1511,1.5070000000000001,-2.154561994992707
1512,1.508,-2.1551991905378607
1513,1.5090000000000001,-2.1558363860830143
1514,1.51,-2.156473581628168
1515,1.5110000000000001,-2.1571107771733216
1516,1.512,-2.157747972718475
1517,1.5130000000000001,-2.158385168263629
1518,1.514,-2.1590223638087824
1519,1.5150000000000001,-2.159659559353936
1520,1.516,-2.1602967548990897
1521,1.5170000000000001,-2.1609339504442433
1522,1.518,-2.161571145989397
1523,1.5190000000000001,-2.1622083415345505
1524,1.52,-2.162845537079704
1525,1.5210000000000001,-2.163482732624858
1526,1.522,-2.1641199281700114
1527,1.5230000000000001,-2.164757123715165
1528,1.524,-2.1653943192603187
1529,1.5250000000000001,-2.1660315148054723
1530,1.526,-2.166668710350626
1531,1.5270000000000001,-2.1673059058957795
1532,1.528,-2.167943101440933
1533,1.5290000000000001,-2.168580296986087
1534,1.53,-2.1692174925312404
1535,1.5310000000000001,-2.169854688076394
1536,1.532,-2.1704918836215477
1537,1.5330000000000001,-2.1711290791667013
1538,1.534,-2.171766274711855
1539,1.5350000000000001,-2.1724034702570085
1540,1.536,-2.173040665802162
1541,1.537,-2.1736778613473158
1542,1.538,-2.1743150568924694
1543,1.539,-2.174952252437623
1544,1.54,-2.1755894479827766
1545,1.541,-2.1762266435279303
1546,1.542,-2.176863839073084
1547,1.543,-2.1775010346182375
1548,1.544,-2.178138230163391
1549,1.545,-2.1787754257085448
1550,1.546,-2.1794126212536984
1551,1.547,-2.180049816798852
1552,1.548,-2.1806870123440056
1553,1.549,-2.1813242078891593
1554,1.55,-2.181961403434313
1555,1.551,-2.1825985989794665
1556,1.552,-2.18323579452462
1557,1.553,-2.1838729900697738
1558,1.554,-2.1845101856149274
1559,1.555,-2.185147381160081
1560,1.556,-2.1857845767052346
1561,1.557,-2.1864217722503883
1562,1.558,-2.187058967795542
1563,1.559,-2.1876961633406955
1564,1.56,-2.188333358885849
1565,1.561,-2.1889705544310027
1566,1.562,-2.1896077499761564
1567,1.563,-2.19024494552131
1568,1.564,-2.1908821410664636
1569,1.565,-2.1915193366116172
1570,1.566,-2.192156532156771
1571,1.567,-2.1927937277019245
1572,1.568,-2.193430923247078
1573,1.569,-2.1940681187922317
1574,1.57,-2.1947053143373854
1575,1.571,-2.195342509882539
1576,1.572,-2.1959797054276926
1577,1.573,-2.1966169009728462
1578,1.574,-2.197254096518
1579,1.575,-2.1978912920631535
1580,1.576,-2.198528487608307
1581,1.577,-2.1991656831534607
1582,1.578,-2.1998028786986144
1583,1.579,-2.200440074243768
1584,1.58,-2.2010772697889216
1585,1.581,-2.201714465334075
1586,1.582,-2.202351660879229
1587,1.583,-2.2029888564243825
1588,1.584,-2.203626051969536
1589,1.585,-2.2042632475146897
1590,1.586,-2.2049004430598433
1591,1.587,-2.205537638604997
1592,1.588,-2.2061748341501506
1593,1.589,-2.206812029695304
1594,1.59,-2.207449225240458
1595,1.591,-2.2080864207856115
1596,1.592,-2.208723616330765
1597,1.593,-2.2093608118759187
1598,1.594,-2.2099980074210723
1599,1.595,-2.210635202966226
1600,1.596,-2.2112723985113796
1601,1.597,-2.211909594056533
1602,1.598,-2.212546789601687
1603,1.599,-2.2131839851468404
1604,1.6,-2.213821180691994
1605,1.601,-2.2144583762371477
1606,1.602,-2.2150955717823013
1607,1.603,-2.215732767327455
1608,1.604,-2.2163699628726086
1609,1.605,-2.217007158417762
1610,1.606,-2.217644353962916
1611,1.607,-2.2182815495080694
1612,1.608,-2.218918745053223
1613,1.609,-2.2195559405983767
1614,1.61,-2.2201931361435303
1615,1.611,-2.220830331688684
1616,1.612,-2.2214675272338376
1617,1.613,-2.222104722778991
1618,1.614,-2.222741918324145
1619,1.615,-2.2233791138692984
1620,1.616,-2.224016309414452
1621,1.617,-2.2246535049596057
1622,1.618,-2.2252907005047593
1623,1.619,-2.225927896049913
1624,1.62,-2.2265650915950665
1625,1.621,-2.22720228714022
1626,1.622,-2.227839482685374
1627,1.623,-2.2284766782305274
1628,1.624,-2.229113873775681
1629,1.625,-2.2297510693208347
1630,1.6260000000000001,-2.2303882648659883
1631,1.627,-2.231025460411142
1632,1.6280000000000001,-2.2316626559562955
1633,1.629,-2.232299851501449
1634,1.6300000000000001,-2.232937047046603
1635,1.631,-2.2335742425917564
1636,1.6320000000000001,-2.23421143813691
1637,1.633,-2.2348486336820637
1638,1.6340000000000001,-2.2354858292272173
1639,1.635,-2.236123024772371
1640,1.6360000000000001,-2.2367602203175245
1641,1.637,-2.237397415862678
1642,1.6380000000000001,-2.2380346114078318
1643,1.639,-2.2386718069529854
1644,1.6400000000000001,-2.239309002498139
1645,1.641,-2.2399461980432926
1646,1.6420000000000001,-2.2405833935884463
1647,1.643,-2.2412205891336
1648,1.6440000000000001,-2.2418577846787535
1649,1.645,-2.242494980223907
1650,1.6460000000000001,-2.2431321757690608
1651,1.647,-2.2437693713142144
1652,1.6480000000000001,-2.244406566859368
1653,1.649,-2.2450437624045216
1654,1.6500000000000001,-2.2456809579496753
1655,1.651,-2.246318153494829
1656,1.6520000000000001,-2.2469553490399825
1657,1.653,-2.247592544585136
1658,1.6540000000000001,-2.2482297401302898
1659,1.655,-2.2488669356754434
1660,1.6560000000000001,-2.249504131220597
1661,1.657,-2.2501413267657506
1662,1.6580000000000001,-2.2507785223109043
1663,1.659,-2.251415717856058
1664,1.6600000000000001,-2.2520529134012115
1665,1.661,-2.252690108946365
1666,1.6620000000000001,-2.2533273044915187
1667,1.663,-2.2539645000366724
1668,1.6640000000000001,-2.254601695581826
1669,1.665,-2.2552388911269796
1670,1.666,-2.2558760866721332
1671,1.667,-2.256513282217287
1672,1.668,-2.2571504777624405
1673,1.669,-2.257787673307594
1674,1.67,-2.2584248688527477
1675,1.671,-2.2590620643979014
1676,1.672,-2.259699259943055
1677,1.673,-2.2603364554882086
1678,1.674,-2.2609736510333622
1679,1.675,-2.261610846578516
1680,1.676,-2.2622480421236695
1681,1.677,-2.262885237668823
1682,1.678,-2.2635224332139767
1683,1.679,-2.2641596287591303
1684,1.68,-2.264796824304284
1685,1.681,-2.2654340198494376
1686,1.682,-2.266071215394591
1687,1.683,-2.266708410939745
1688,1.684,-2.2673456064848985
1689,1.685,-2.267982802030052
1690,1.686,-2.2686199975752057
1691,1.687,-2.2692571931203593
1692,1.688,-2.269894388665513
1693,1.689,-2.2705315842106666
1694,1.69,-2.27116877975582
1695,1.691,-2.271805975300974
1696,1.692,-2.2724431708461275
1697,1.693,-2.273080366391281
1698,1.694,-2.2737175619364347
1699,1.695,-2.2743547574815883
1700,1.696,-2.274991953026742
1701,1.697,-2.2756291485718956
1702,1.698,-2.276266344117049
1703,1.699,-2.276903539662203
1704,1.7,-2.2775407352073564
1705,1.701,-2.27817793075251
1706,1.702,-2.2788151262976637
1707,1.703,-2.2794523218428173
1708,1.704,-2.280089517387971
1709,1.705,-2.2807267129331246
1710,1.706,-2.281363908478278
1711,1.707,-2.282001104023432
1712,1.708,-2.2826382995685854
1713,1.709,-2.283275495113739
1714,1.71,-2.2839126906588927
1715,1.711,-2.2845498862040463
1716,1.712,-2.2851870817492
1717,1.713,-2.2858242772943536
1718,1.714,-2.286461472839507
1719,1.715,-2.287098668384661
1720,1.716,-2.2877358639298144
1721,1.717,-2.288373059474968
1722,1.718,-2.2890102550201217
1723,1.719,-2.2896474505652753
1724,1.72,-2.290284646110429
1725,1.721,-2.2909218416555825
1726,1.722,-2.291559037200736
1727,1.723,-2.29219623274589
1728,1.724,-2.2928334282910434
1729,1.725,-2.293470623836197
1730,1.726,-2.2941078193813507
1731,1.727,-2.2947450149265043
1732,1.728,-2.295382210471658
1733,1.729,-2.2960194060168115
1734,1.73,-2.296656601561965
1735,1.731,-2.297293797107119
1736,1.732,-2.2979309926522724
1737,1.733,-2.298568188197426
1738,1.734,-2.2992053837425797
1739,1.735,-2.2998425792877333
1740,1.736,-2.300479774832887
1741,1.737,-2.3011169703780405
1742,1.738,-2.301754165923194
1743,1.739,-2.3023913614683478
1744,1.74,-2.3030285570135014
1745,1.741,-2.303665752558655
1746,1.742,-2.3043029481038086
1747,1.743,-2.3049401436489623
1748,1.744,-2.305577339194116
1749,1.745,-2.3062145347392695
1750,1.746,-2.306851730284423
1751,1.747,-2.3074889258295768
1752,1.748,-2.3081261213747304
1753,1.749,-2.308763316919884
1754,1.75,-2.3094005124650376
1755,1.7510000000000001,-2.3100377080101913
1756,1.752,-2.310674903555345
1757,1.7530000000000001,-2.3113120991004985
1758,1.754,-2.311949294645652
1759,1.7550000000000001,-2.3125864901908058
1760,1.756,-2.3132236857359594
1761,1.7570000000000001,-2.313860881281113
1762,1.758,-2.3144980768262666
1763,1.7590000000000001,-2.3151352723714202
1764,1.76,-2.315772467916574
1765,1.7610000000000001,-2.3164096634617275
1766,1.762,-2.317046859006881
1767,1.7630000000000001,-2.3176840545520347
1768,1.764,-2.3183212500971884
1769,1.7650000000000001,-2.318958445642342
1770,1.766,-2.3195956411874956
1771,1.7670000000000001,-2.3202328367326492
1772,1.768,-2.320870032277803
1773,1.7690000000000001,-2.3215072278229565
1774,1.77,-2.32214442336811
1775,1.7710000000000001,-2.3227816189132637
1776,1.772,-2.3234188144584174
1777,1.7730000000000001,-2.324056010003571
1778,1.774,-2.3246932055487246
1779,1.7750000000000001,-2.3253304010938782
1780,1.776,-2.325967596639032
1781,1.7770000000000001,-2.3266047921841855
1782,1.778,-2.327241987729339
1783,1.7790000000000001,-2.3278791832744927
1784,1.78,-2.3285163788196463
1785,1.7810000000000001,-2.3291535743648
1786,1.782,-2.3297907699099536
1787,1.7830000000000001,-2.330427965455107
1788,1.784,-2.331065161000261
1789,1.7850000000000001,-2.3317023565454145
1790,1.786,-2.332339552090568
1791,1.7870000000000001,-2.3329767476357217
1792,1.788,-2.3336139431808753
1793,1.7890000000000001,-2.334251138726029
1794,1.79,-2.3348883342711826
1795,1.7910000000000001,-2.335525529816336
1796,1.792,-2.33616272536149
1797,1.793,-2.3367999209066435
1798,1.794,-2.337437116451797
1799,1.795,-2.3380743119969507
1800,1.796,-2.3387115075421043
1801,1.797,-2.339348703087258
1802,1.798,-2.3399858986324116
1803,1.799,-2.340623094177565
1804,1.8,-2.341260289722719
1805,1.801,-2.3418974852678724
1806,1.802,-2.342534680813026
1807,1.803,-2.3431718763581797
1808,1.804,-2.3438090719033333
1809,1.805,-2.344446267448487
1810,1.806,-2.3450834629936406
1811,1.807,-2.345720658538794
1812,1.808,-2.346357854083948
1813,1.809,-2.3469950496291014
1814,1.81,-2.347632245174255
1815,1.811,-2.3482694407194087
1816,1.812,-2.3489066362645623
1817,1.813,-2.349543831809716
1818,1.814,-2.3501810273548696
1819,1.815,-2.350818222900023
1820,1.816,-2.351455418445177
1821,1.817,-2.3520926139903304
1822,1.818,-2.352729809535484
1823,1.819,-2.3533670050806377
1824,1.82,-2.3540042006257913
1825,1.821,-2.354641396170945
1826,1.822,-2.3552785917160985
1827,1.823,-2.355915787261252
1828,1.824,-2.356552982806406
1829,1.825,-2.3571901783515594
1830,1.826,-2.357827373896713
1831,1.827,-2.3584645694418667
1832,1.828,-2.3591017649870203
1833,1.829,-2.359738960532174
1834,1.83,-2.3603761560773275
1835,1.831,-2.361013351622481
1836,1.832,-2.361650547167635
1837,1.833,-2.3622877427127884
1838,1.834,-2.362924938257942
1839,1.835,-2.3635621338030957
1840,1.836,-2.3641993293482493
1841,1.837,-2.364836524893403
1842,1.838,-2.3654737204385565
1843,1.839,-2.36611091598371
1844,1.84,-2.3667481115288638
1845,1.841,-2.3673853070740174
1846,1.842,-2.368022502619171
1847,1.843,-2.3686596981643246
1848,1.844,-2.3692968937094783
1849,1.845,-2.369934089254632
1850,1.846,-2.3705712847997855
1851,1.847,-2.371208480344939
1852,1.848,-2.3718456758900928
1853,1.849,-2.3724828714352464
1854,1.85,-2.3731200669804
1855,1.851,-2.3737572625255536
1856,1.852,-2.3743944580707073
1857,1.853,-2.375031653615861
1858,1.854,-2.3756688491610145
1859,1.855,-2.376306044706168
1860,1.856,-2.3769432402513218
1861,1.857,-2.3775804357964754
1862,1.858,-2.378217631341629
1863,1.859,-2.3788548268867826
1864,1.86,-2.3794920224319362
1865,1.861,-2.38012921797709
1866,1.862,-2.3807664135222435
1867,1.863,-2.381403609067397
1868,1.864,-2.3820408046125507
1869,1.865,-2.3826780001577044
1870,1.866,-2.383315195702858
1871,1.867,-2.3839523912480116
1872,1.868,-2.3845895867931652
1873,1.869,-2.385226782338319
1874,1.87,-2.3858639778834725
1875,1.871,-2.386501173428626
1876,1.872,-2.3871383689737797
1877,1.873,-2.3877755645189334
1878,1.874,-2.388412760064087
1879,1.875,-2.3890499556092406
1880,1.8760000000000001,-2.3896871511543942
1881,1.877,-2.390324346699548
1882,1.8780000000000001,-2.3909615422447015
1883,1.879,-2.391598737789855
1884,1.8800000000000001,-2.3922359333350087
1885,1.881,-2.3928731288801623
1886,1.8820000000000001,-2.393510324425316
1887,1.883,-2.3941475199704696
1888,1.8840000000000001,-2.394784715515623
1889,1.885,-2.395421911060777
1890,1.8860000000000001,-2.3960591066059305
1891,1.887,-2.396696302151084
1892,1.8880000000000001,-2.3973334976962377
1893,1.889,-2.3979706932413913
1894,1.8900000000000001,-2.398607888786545
1895,1.891,-2.3992450843316986
1896,1.8920000000000001,-2.399882279876852
1897,1.893,-2.400519475422006
1898,1.8940000000000001,-2.4011566709671595
1899,1.895,-2.401793866512313
1900,1.8960000000000001,-2.4024310620574667
1901,1.897,-2.4030682576026203
1902,1.8980000000000001,-2.403705453147774
1903,1.899,-2.4043426486929276
1904,1.9000000000000001,-2.404979844238081
1905,1.901,-2.405617039783235
1906,1.9020000000000001,-2.4062542353283884
1907,1.903,-2.406891430873542
1908,1.9040000000000001,-2.4075286264186957
1909,1.905,-2.4081658219638493
1910,1.9060000000000001,-2.408803017509003
1911,1.907,-2.4094402130541566
1912,1.9080000000000001,-2.41007740859931
1913,1.909,-2.410714604144464
1914,1.9100000000000001,-2.4113517996896174
1915,1.911,-2.411988995234771
1916,1.9120000000000001,-2.4126261907799247
1917,1.913,-2.4132633863250783
1918,1.9140000000000001,-2.413900581870232
1919,1.915,-2.4145377774153856
1920,1.9160000000000001,-2.415174972960539
1921,1.917,-2.415812168505693
1922,1.9180000000000001,-2.4164493640508464
1923,1.919,-2.417086559596
1924,1.92,-2.4177237551411537
1925,1.921,-2.4183609506863073
1926,1.922,-2.418998146231461
1927,1.923,-2.4196353417766145
1928,1.924,-2.420272537321768
1929,1.925,-2.420909732866922
1930,1.926,-2.4215469284120754
1931,1.927,-2.422184123957229
1932,1.928,-2.4228213195023827
1933,1.929,-2.4234585150475363
1934,1.93,-2.42409571059269
1935,1.931,-2.4247329061378435
1936,1.932,-2.425370101682997
1937,1.933,-2.426007297228151
1938,1.934,-2.4266444927733044
1939,1.935,-2.427281688318458
1940,1.936,-2.4279188838636117
1941,1.937,-2.4285560794087653
1942,1.938,-2.429193274953919
1943,1.939,-2.4298304704990725
1944,1.94,-2.430467666044226
1945,1.941,-2.4311048615893798
1946,1.942,-2.4317420571345334
1947,1.943,-2.432379252679687
1948,1.944,-2.4330164482248406
1949,1.945,-2.4336536437699943
1950,1.946,-2.434290839315148
1951,1.947,-2.4349280348603015
1952,1.948,-2.435565230405455
1953,1.949,-2.4362024259506088
1954,1.95,-2.4368396214957624
1955,1.951,-2.437476817040916
1956,1.952,-2.4381140125860696
1957,1.953,-2.4387512081312233
1958,1.954,-2.439388403676377
1959,1.955,-2.4400255992215305
1960,1.956,-2.440662794766684
1961,1.957,-2.4412999903118378
1962,1.958,-2.4419371858569914
1963,1.959,-2.442574381402145
1964,1.96,-2.4432115769472986
1965,1.961,-2.4438487724924522
1966,1.962,-2.444485968037606
1967,1.963,-2.4451231635827595
1968,1.964,-2.445760359127913
1969,1.965,-2.4463975546730667
1970,1.966,-2.4470347502182204
1971,1.967,-2.447671945763374
1972,1.968,-2.4483091413085276
1973,1.969,-2.4489463368536812
1974,1.97,-2.449583532398835
1975,1.971,-2.4502207279439885
1976,1.972,-2.450857923489142
1977,1.973,-2.4514951190342957
1978,1.974,-2.4521323145794494
1979,1.975,-2.452769510124603
1980,1.976,-2.4534067056697566
1981,1.977,-2.4540439012149102
1982,1.978,-2.454681096760064
1983,1.979,-2.4553182923052175
1984,1.98,-2.455955487850371
1985,1.981,-2.4565926833955247
1986,1.982,-2.4572298789406783
1987,1.983,-2.457867074485832
1988,1.984,-2.4585042700309856
1989,1.985,-2.459141465576139
1990,1.986,-2.459778661121293
1991,1.987,-2.4604158566664465
1992,1.988,-2.4610530522116
1993,1.989,-2.4616902477567537
1994,1.99,-2.4623274433019073
1995,1.991,-2.462964638847061
1996,1.992,-2.4636018343922146
1997,1.993,-2.464239029937368
1998,1.994,-2.464876225482522
1999,1.995,-2.4655134210276755
2000,1.996,-2.466150616572829
2001,1.997,-2.4667878121179827
2002,1.998,-2.4674250076631363
2003,1.999,-2.46806220320829
2004,2.0,-2.4686993987534436
2005,2.001,-2.469336594298597
2006,2.0020000000000002,-2.469973789843751
2007,2.003,-2.4706109853889044
2008,2.004,-2.471248180934058
2009,2.005,-2.4718853764792117
2010,2.0060000000000002,-2.4725225720243653
2011,2.007,-2.473159767569519
2012,2.008,-2.4737969631146726
2013,2.009,-2.474434158659826
2014,2.0100000000000002,-2.47507135420498
2015,2.011,-2.4757085497501334
2016,2.012,-2.476345745295287
2017,2.013,-2.4769829408404407
2018,2.0140000000000002,-2.4776201363855943
2019,2.015,-2.478257331930748
2020,2.016,-2.4788945274759016
2021,2.017,-2.479531723021055
2022,2.0180000000000002,-2.480168918566209
2023,2.019,-2.4808061141113624
2024,2.02,-2.481443309656516
2025,2.021,-2.4820805052016697
2026,2.0220000000000002,-2.4827177007468233
2027,2.023,-2.483354896291977
2028,2.024,-2.4839920918371305
2029,2.025,-2.484629287382284
2030,2.0260000000000002,-2.485266482927438
2031,2.027,-2.4859036784725914
2032,2.028,-2.486540874017745
2033,2.029,-2.4871780695628987
2034,2.0300000000000002,-2.4878152651080523
2035,2.031,-2.488452460653206
2036,2.032,-2.4890896561983595
2037,2.033,-2.489726851743513
2038,2.0340000000000003,-2.490364047288667
2039,2.035,-2.4910012428338204
2040,2.036,-2.491638438378974
2041,2.037,-2.4922756339241277
2042,2.0380000000000003,-2.4929128294692813
2043,2.039,-2.493550025014435
2044,2.04,-2.4941872205595885
2045,2.041,-2.494824416104742
2046,2.0420000000000003,-2.4954616116498958
2047,2.043,-2.4960988071950494
2048,2.044,-2.496736002740203
2049,2.045,-2.4973731982853566
2050,2.0460000000000003,-2.4980103938305103
2051,2.047,-2.498647589375664
2052,2.048,-2.4992847849208175
2053,2.049,-2.499921980465971
2054,2.05,-2.5005591760111248
2055,2.051,-2.5011963715562784
2056,2.052,-2.501833567101432
2057,2.053,-2.5024707626465856
2058,2.054,-2.5031079581917393
2059,2.055,-2.503745153736893
2060,2.056,-2.5043823492820465
2061,2.057,-2.5050195448272
2062,2.058,-2.5056567403723538
2063,2.059,-2.5062939359175074
2064,2.06,-2.506931131462661
2065,2.061,-2.5075683270078146
2066,2.062,-2.5082055225529682
2067,2.063,-2.508842718098122
2068,2.064,-2.5094799136432755
2069,2.065,-2.510117109188429
2070,2.066,-2.5107543047335827
2071,2.067,-2.5113915002787364
2072,2.068,-2.51202869582389
2073,2.069,-2.5126658913690436
2074,2.07,-2.5133030869141972
2075,2.071,-2.513940282459351
2076,2.072,-2.5145774780045045
2077,2.073,-2.515214673549658
2078,2.074,-2.5158518690948117
2079,2.075,-2.5164890646399654
2080,2.076,-2.517126260185119
2081,2.077,-2.5177634557302726
2082,2.078,-2.5184006512754262
2083,2.079,-2.51903784682058
2084,2.08,-2.5196750423657335
2085,2.081,-2.520312237910887
2086,2.082,-2.5209494334560407
2087,2.083,-2.5215866290011943
2088,2.084,-2.522223824546348
2089,2.085,-2.5228610200915016
2090,2.086,-2.523498215636655
2091,2.087,-2.524135411181809
2092,2.088,-2.5247726067269625
2093,2.089,-2.525409802272116
2094,2.09,-2.5260469978172697
2095,2.091,-2.5266841933624233
2096,2.092,-2.527321388907577
2097,2.093,-2.5279585844527306
2098,2.094,-2.528595779997884
2099,2.095,-2.529232975543038
2100,2.096,-2.5298701710881915
2101,2.097,-2.530507366633345
2102,2.098,-2.5311445621784987
2103,2.099,-2.5317817577236523
2104,2.1,-2.532418953268806
2105,2.101,-2.5330561488139596
2106,2.102,-2.533693344359113
2107,2.103,-2.534330539904267
2108,2.104,-2.5349677354494204
2109,2.105,-2.535604930994574
2110,2.106,-2.5362421265397277
2111,2.107,-2.5368793220848813
2112,2.108,-2.537516517630035
2113,2.109,-2.5381537131751886
2114,2.11,-2.538790908720342
2115,2.111,-2.539428104265496
2116,2.112,-2.5400652998106494
2117,2.113,-2.540702495355803
2118,2.114,-2.5413396909009567
2119,2.115,-2.5419768864461103
2120,2.116,-2.542614081991264
2121,2.117,-2.5432512775364176
2122,2.118,-2.543888473081571
2123,2.119,-2.544525668626725
2124,2.12,-2.5451628641718784
2125,2.121,-2.545800059717032
2126,2.122,-2.5464372552621857
2127,2.123,-2.5470744508073393
2128,2.124,-2.547711646352493
2129,2.125,-2.5483488418976465
2130,2.126,-2.5489860374428
2131,2.1270000000000002,-2.549623232987954
2132,2.128,-2.5502604285331074
2133,2.129,-2.550897624078261
2134,2.13,-2.5515348196234147
2135,2.1310000000000002,-2.5521720151685683
2136,2.132,-2.552809210713722
2137,2.133,-2.5534464062588755
2138,2.134,-2.554083601804029
2139,2.1350000000000002,-2.554720797349183
2140,2.136,-2.5553579928943364
2141,2.137,-2.55599518843949
2142,2.138,-2.5566323839846437
2143,2.1390000000000002,-2.5572695795297973
2144,2.14,-2.557906775074951
2145,2.141,-2.5585439706201045
2146,2.142,-2.559181166165258
2147,2.1430000000000002,-2.5598183617104118
2148,2.144,-2.5604555572555654
2149,2.145,-2.561092752800719
2150,2.146,-2.5617299483458726
2151,2.1470000000000002,-2.5623671438910263
2152,2.148,-2.56300433943618
2153,2.149,-2.5636415349813335
2154,2.15,-2.564278730526487
2155,2.1510000000000002,-2.5649159260716408
2156,2.152,-2.5655531216167944
2157,2.153,-2.566190317161948
2158,2.154,-2.5668275127071016
2159,2.1550000000000002,-2.5674647082522553
2160,2.156,-2.568101903797409
2161,2.157,-2.5687390993425625
2162,2.158,-2.569376294887716
2163,2.1590000000000003,-2.5700134904328698
2164,2.16,-2.5706506859780234
2165,2.161,-2.571287881523177
2166,2.162,-2.5719250770683306
2167,2.1630000000000003,-2.5725622726134842
2168,2.164,-2.573199468158638
2169,2.165,-2.5738366637037915
2170,2.166,-2.574473859248945
2171,2.1670000000000003,-2.5751110547940987
2172,2.168,-2.5757482503392524
2173,2.169,-2.576385445884406
2174,2.17,-2.5770226414295596
2175,2.1710000000000003,-2.5776598369747132
2176,2.172,-2.578297032519867
2177,2.173,-2.5789342280650205
2178,2.174,-2.579571423610174
2179,2.1750000000000003,-2.5802086191553277
2180,2.176,-2.5808458147004814
2181,2.177,-2.581483010245635
2182,2.178,-2.5821202057907886
2183,2.179,-2.5827574013359422
2184,2.18,-2.583394596881096
2185,2.181,-2.5840317924262495
2186,2.182,-2.584668987971403
2187,2.183,-2.5853061835165567
2188,2.184,-2.5859433790617103
2189,2.185,-2.586580574606864
2190,2.186,-2.5872177701520176
2191,2.187,-2.587854965697171
2192,2.188,-2.588492161242325
2193,2.189,-2.5891293567874785
2194,2.19,-2.589766552332632
2195,2.191,-2.5904037478777857
2196,2.192,-2.5910409434229393
2197,2.193,-2.591678138968093
2198,2.194,-2.5923153345132466
2199,2.195,-2.5929525300584
2200,2.196,-2.593589725603554
2201,2.197,-2.5942269211487075
2202,2.198,-2.594864116693861
2203,2.199,-2.5955013122390147
2204,2.2,-2.5961385077841683
2205,2.201,-2.596775703329322
2206,2.202,-2.5974128988744756
2207,2.203,-2.598050094419629
2208,2.204,-2.598687289964783
2209,2.205,-2.5993244855099364
2210,2.206,-2.59996168105509
2211,2.207,-2.6005988766002437
2212,2.208,-2.6012360721453973
2213,2.209,-2.601873267690551
2214,2.21,-2.6025104632357046
2215,2.211,-2.603147658780858
2216,2.212,-2.603784854326012
2217,2.213,-2.6044220498711654
2218,2.214,-2.605059245416319
2219,2.215,-2.6056964409614727
2220,2.216,-2.6063336365066263
2221,2.217,-2.60697083205178
2222,2.218,-2.6076080275969336
2223,2.219,-2.608245223142087
2224,2.22,-2.608882418687241
2225,2.221,-2.6095196142323944
2226,2.222,-2.610156809777548
2227,2.223,-2.6107940053227017
2228,2.224,-2.6114312008678553
2229,2.225,-2.612068396413009
2230,2.226,-2.6127055919581625
2231,2.227,-2.613342787503316
2232,2.228,-2.61397998304847
2233,2.229,-2.6146171785936234
2234,2.23,-2.615254374138777
2235,2.231,-2.6158915696839307
2236,2.232,-2.6165287652290843
2237,2.233,-2.617165960774238
2238,2.234,-2.6178031563193915
2239,2.235,-2.618440351864545
2240,2.236,-2.619077547409699
2241,2.237,-2.6197147429548524
2242,2.238,-2.620351938500006
2243,2.239,-2.6209891340451597
2244,2.24,-2.6216263295903133
2245,2.241,-2.622263525135467
2246,2.242,-2.6229007206806205
2247,2.243,-2.623537916225774
2248,2.244,-2.6241751117709278
2249,2.245,-2.6248123073160814
2250,2.246,-2.625449502861235
2251,2.247,-2.6260866984063886
2252,2.248,-2.6267238939515423
2253,2.249,-2.627361089496696
2254,2.25,-2.6279982850418495
2255,2.251,-2.628635480587003
2256,2.2520000000000002,-2.6292726761321568
2257,2.253,-2.6299098716773104
2258,2.254,-2.630547067222464
2259,2.255,-2.6311842627676176
2260,2.2560000000000002,-2.6318214583127713
2261,2.257,-2.632458653857925
2262,2.258,-2.6330958494030785
2263,2.259,-2.633733044948232
2264,2.2600000000000002,-2.6343702404933858
2265,2.261,-2.6350074360385394
2266,2.262,-2.635644631583693
2267,2.263,-2.6362818271288466
2268,2.2640000000000002,-2.6369190226740002
2269,2.265,-2.637556218219154
2270,2.266,-2.6381934137643075
2271,2.267,-2.638830609309461
2272,2.2680000000000002,-2.6394678048546147
2273,2.269,-2.6401050003997684
2274,2.27,-2.640742195944922
2275,2.271,-2.6413793914900756
2276,2.2720000000000002,-2.6420165870352292
2277,2.273,-2.642653782580383
2278,2.274,-2.6432909781255365
2279,2.275,-2.64392817367069
2280,2.2760000000000002,-2.6445653692158437
2281,2.277,-2.6452025647609974
2282,2.278,-2.645839760306151
2283,2.279,-2.6464769558513046
2284,2.2800000000000002,-2.6471141513964582
2285,2.281,-2.647751346941612
2286,2.282,-2.6483885424867655
2287,2.283,-2.649025738031919
2288,2.2840000000000003,-2.6496629335770727
2289,2.285,-2.6503001291222263
2290,2.286,-2.65093732466738
2291,2.287,-2.6515745202125336
2292,2.2880000000000003,-2.652211715757687
2293,2.289,-2.652848911302841
2294,2.29,-2.6534861068479945
2295,2.291,-2.654123302393148
2296,2.2920000000000003,-2.6547604979383017
2297,2.293,-2.6553976934834553
2298,2.294,-2.656034889028609
2299,2.295,-2.6566720845737626
2300,2.2960000000000003,-2.657309280118916
2301,2.297,-2.65794647566407
2302,2.298,-2.6585836712092235
2303,2.299,-2.659220866754377
2304,2.3000000000000003,-2.6598580622995307
2305,2.301,-2.6604952578446843
2306,2.302,-2.661132453389838
2307,2.303,-2.6617696489349916
2308,2.3040000000000003,-2.662406844480145
2309,2.305,-2.663044040025299
2310,2.306,-2.6636812355704524
2311,2.307,-2.664318431115606
2312,2.308,-2.6649556266607597
2313,2.309,-2.6655928222059133
2314,2.31,-2.666230017751067
2315,2.311,-2.6668672132962206
2316,2.312,-2.667504408841374
2317,2.313,-2.668141604386528
2318,2.314,-2.6687787999316814
2319,2.315,-2.669415995476835
2320,2.316,-2.6700531910219887
2321,2.317,-2.6706903865671423
2322,2.318,-2.671327582112296
2323,2.319,-2.6719647776574496
2324,2.32,-2.672601973202603
2325,2.321,-2.673239168747757
2326,2.322,-2.6738763642929104
2327,2.323,-2.674513559838064
2328,2.324,-2.6751507553832177
2329,2.325,-2.6757879509283713
2330,2.326,-2.676425146473525
2331,2.327,-2.6770623420186785
2332,2.328,-2.677699537563832
2333,2.329,-2.678336733108986
2334,2.33,-2.6789739286541394
2335,2.331,-2.679611124199293
2336,2.332,-2.6802483197444467
2337,2.333,-2.6808855152896003
2338,2.334,-2.681522710834754
2339,2.335,-2.6821599063799075
2340,2.336,-2.682797101925061
2341,2.337,-2.683434297470215
2342,2.338,-2.6840714930153684
2343,2.339,-2.684708688560522
2344,2.34,-2.6853458841056757
2345,2.341,-2.6859830796508293
2346,2.342,-2.686620275195983
2347,2.343,-2.6872574707411365
2348,2.344,-2.68789466628629
2349,2.345,-2.6885318618314438
2350,2.346,-2.6891690573765974
2351,2.347,-2.689806252921751
2352,2.348,-2.6904434484669046
2353,2.349,-2.6910806440120583
2354,2.35,-2.691717839557212
2355,2.351,-2.6923550351023655
2356,2.352,-2.692992230647519
2357,2.353,-2.6936294261926728
2358,2.354,-2.6942666217378264
2359,2.355,-2.69490381728298
2360,2.356,-2.6955410128281336
2361,2.357,-2.6961782083732873
2362,2.358,-2.696815403918441
2363,2.359,-2.6974525994635945
2364,2.36,-2.698089795008748
2365,2.361,-2.6987269905539018
2366,2.362,-2.6993641860990554
2367,2.363,-2.700001381644209
2368,2.364,-2.7006385771893626
2369,2.365,-2.7012757727345162
2370,2.366,-2.70191296827967
2371,2.367,-2.7025501638248235
2372,2.368,-2.703187359369977
2373,2.369,-2.7038245549151307
2374,2.37,-2.7044617504602844
2375,2.371,-2.705098946005438
2376,2.372,-2.7057361415505916
2377,2.373,-2.7063733370957452
2378,2.374,-2.707010532640899
2379,2.375,-2.7076477281860525
2380,2.376,-2.708284923731206
2381,2.3770000000000002,-2.7089221192763597
2382,2.378,-2.7095593148215134
2383,2.379,-2.710196510366667
2384,2.38,-2.7108337059118206
2385,2.3810000000000002,-2.7114709014569742
2386,2.382,-2.712108097002128
2387,2.383,-2.7127452925472815
2388,2.384,-2.713382488092435
2389,2.3850000000000002,-2.7140196836375887
2390,2.386,-2.7146568791827423
2391,2.387,-2.715294074727896
2392,2.388,-2.7159312702730496
2393,2.3890000000000002,-2.716568465818203
2394,2.39,-2.717205661363357
2395,2.391,-2.7178428569085105
2396,2.392,-2.718480052453664
2397,2.3930000000000002,-2.7191172479988177
2398,2.394,-2.7197544435439713
2399,2.395,-2.720391639089125
2400,2.396,-2.7210288346342786
2401,2.3970000000000002,-2.721666030179432
2402,2.398,-2.722303225724586
2403,2.399,-2.7229404212697395
2404,2.4,-2.723577616814893
2405,2.4010000000000002,-2.7242148123600467
2406,2.402,-2.7248520079052003
2407,2.403,-2.725489203450354
2408,2.404,-2.7261263989955076
2409,2.4050000000000002,-2.726763594540661
2410,2.406,-2.727400790085815
2411,2.407,-2.7280379856309684
2412,2.408,-2.728675181176122
2413,2.4090000000000003,-2.7293123767212757
2414,2.41,-2.7299495722664293
2415,2.411,-2.730586767811583
2416,2.412,-2.7312239633567366
2417,2.4130000000000003,-2.73186115890189
2418,2.414,-2.732498354447044
2419,2.415,-2.7331355499921974
2420,2.416,-2.733772745537351
2421,2.4170000000000003,-2.7344099410825047
2422,2.418,-2.7350471366276583
2423,2.419,-2.735684332172812
2424,2.42,-2.7363215277179656
2425,2.4210000000000003,-2.736958723263119
2426,2.422,-2.737595918808273
2427,2.423,-2.7382331143534264
2428,2.424,-2.73887030989858
2429,2.4250000000000003,-2.7395075054437337
2430,2.426,-2.7401447009888873
2431,2.427,-2.740781896534041
2432,2.428,-2.7414190920791945
2433,2.4290000000000003,-2.742056287624348
2434,2.43,-2.742693483169502
2435,2.431,-2.7433306787146554
2436,2.432,-2.743967874259809
2437,2.433,-2.7446050698049627
2438,2.434,-2.7452422653501163
2439,2.435,-2.74587946089527
2440,2.436,-2.7465166564404235
2441,2.437,-2.747153851985577
2442,2.438,-2.747791047530731
2443,2.439,-2.7484282430758844
2444,2.44,-2.749065438621038
2445,2.441,-2.7497026341661917
2446,2.442,-2.7503398297113453
2447,2.443,-2.750977025256499
2448,2.444,-2.7516142208016525
2449,2.445,-2.752251416346806
2450,2.446,-2.7528886118919598
2451,2.447,-2.7535258074371134
2452,2.448,-2.754163002982267
2453,2.449,-2.7548001985274206
2454,2.45,-2.7554373940725743
2455,2.451,-2.756074589617728
2456,2.452,-2.7567117851628815
2457,2.453,-2.757348980708035
2458,2.454,-2.7579861762531888
2459,2.455,-2.7586233717983424
2460,2.456,-2.759260567343496
2461,2.457,-2.7598977628886496
2462,2.458,-2.7605349584338033
2463,2.459,-2.761172153978957
2464,2.46,-2.7618093495241105
2465,2.461,-2.762446545069264
2466,2.462,-2.7630837406144177
2467,2.463,-2.7637209361595714
2468,2.464,-2.764358131704725
2469,2.465,-2.7649953272498786
2470,2.466,-2.7656325227950322
2471,2.467,-2.766269718340186
2472,2.468,-2.7669069138853395
2473,2.469,-2.767544109430493
2474,2.47,-2.7681813049756467
2475,2.471,-2.7688185005208004
2476,2.472,-2.769455696065954
2477,2.473,-2.7700928916111076
2478,2.474,-2.7707300871562612
2479,2.475,-2.771367282701415
2480,2.476,-2.7720044782465685
2481,2.477,-2.772641673791722
2482,2.478,-2.7732788693368757
2483,2.479,-2.7739160648820294
2484,2.48,-2.774553260427183
2485,2.481,-2.7751904559723366
2486,2.482,-2.7758276515174902
2487,2.483,-2.776464847062644
2488,2.484,-2.7771020426077975
2489,2.485,-2.777739238152951
2490,2.486,-2.7783764336981047
2491,2.487,-2.7790136292432583
2492,2.488,-2.779650824788412
2493,2.489,-2.7802880203335656
2494,2.49,-2.780925215878719
2495,2.491,-2.781562411423873
2496,2.492,-2.7821996069690265
2497,2.493,-2.78283680251418
2498,2.494,-2.7834739980593337
2499,2.495,-2.7841111936044873
2500,2.496,-2.784748389149641
2501,2.497,-2.7853855846947946
2502,2.498,-2.786022780239948
2503,2.499,-2.786659975785102
2504,2.5,-2.7872971713302555
2505,2.501,-2.787934366875409
2506,2.5020000000000002,-2.7885715624205627
2507,2.503,-2.7892087579657163
2508,2.504,-2.78984595351087
2509,2.505,-2.7904831490560236
2510,2.5060000000000002,-2.791120344601177
2511,2.507,-2.791757540146331
2512,2.508,-2.7923947356914844
2513,2.509,-2.793031931236638
2514,2.5100000000000002,-2.7936691267817917
2515,2.511,-2.7943063223269453
2516,2.512,-2.794943517872099
2517,2.513,-2.7955807134172526
2518,2.5140000000000002,-2.796217908962406
2519,2.515,-2.79685510450756
2520,2.516,-2.7974923000527134
2521,2.517,-2.798129495597867
2522,2.5180000000000002,-2.7987666911430207
2523,2.519,-2.7994038866881743
2524,2.52,-2.800041082233328
2525,2.521,-2.8006782777784816
2526,2.5220000000000002,-2.801315473323635
2527,2.523,-2.801952668868789
2528,2.524,-2.8025898644139424
2529,2.525,-2.803227059959096
2530,2.5260000000000002,-2.8038642555042497
2531,2.527,-2.8045014510494033
2532,2.528,-2.805138646594557
2533,2.529,-2.8057758421397105
2534,2.5300000000000002,-2.806413037684864
2535,2.531,-2.807050233230018
2536,2.532,-2.8076874287751714
2537,2.533,-2.808324624320325
2538,2.5340000000000003,-2.8089618198654787
2539,2.535,-2.8095990154106323
2540,2.536,-2.810236210955786
2541,2.537,-2.8108734065009395
2542,2.5380000000000003,-2.811510602046093
2543,2.539,-2.812147797591247
2544,2.54,-2.8127849931364004
2545,2.541,-2.813422188681554
2546,2.5420000000000003,-2.8140593842267076
2547,2.543,-2.8146965797718613
2548,2.544,-2.815333775317015
2549,2.545,-2.8159709708621685
2550,2.5460000000000003,-2.816608166407322
2551,2.547,-2.8172453619524758
2552,2.548,-2.8178825574976294
2553,2.549,-2.818519753042783
2554,2.5500000000000003,-2.8191569485879366
2555,2.551,-2.8197941441330903
2556,2.552,-2.820431339678244
2557,2.553,-2.8210685352233975
2558,2.5540000000000003,-2.821705730768551
2559,2.555,-2.8223429263137048
2560,2.556,-2.8229801218588584
2561,2.557,-2.823617317404012
2562,2.5580000000000003,-2.8242545129491656
2563,2.559,-2.8248917084943193
2564,2.56,-2.825528904039473
2565,2.561,-2.8261660995846265
2566,2.562,-2.82680329512978
2567,2.563,-2.8274404906749337
2568,2.564,-2.8280776862200874
2569,2.565,-2.828714881765241
2570,2.566,-2.8293520773103946
2571,2.567,-2.8299892728555482
2572,2.568,-2.830626468400702
2573,2.569,-2.8312636639458555
2574,2.57,-2.831900859491009
2575,2.571,-2.8325380550361627
2576,2.572,-2.8331752505813164
2577,2.573,-2.83381244612647
2578,2.574,-2.8344496416716236
2579,2.575,-2.8350868372167772
2580,2.576,-2.835724032761931
2581,2.577,-2.8363612283070845
2582,2.578,-2.836998423852238
2583,2.579,-2.8376356193973917
2584,2.58,-2.8382728149425454
2585,2.581,-2.838910010487699
2586,2.582,-2.8395472060328526
2587,2.583,-2.8401844015780062
2588,2.584,-2.84082159712316
2589,2.585,-2.8414587926683135
2590,2.586,-2.842095988213467
2591,2.587,-2.8427331837586207
2592,2.588,-2.8433703793037743
2593,2.589,-2.844007574848928
2594,2.59,-2.8446447703940816
2595,2.591,-2.845281965939235
2596,2.592,-2.845919161484389
2597,2.593,-2.8465563570295425
2598,2.594,-2.847193552574696
2599,2.595,-2.8478307481198497
2600,2.596,-2.8484679436650033
2601,2.597,-2.849105139210157
2602,2.598,-2.8497423347553106
2603,2.599,-2.850379530300464
2604,2.6,-2.851016725845618
2605,2.601,-2.8516539213907715
2606,2.602,-2.852291116935925
2607,2.603,-2.8529283124810787
2608,2.604,-2.8535655080262323
2609,2.605,-2.854202703571386
2610,2.606,-2.8548398991165396
2611,2.607,-2.855477094661693
2612,2.608,-2.856114290206847
2613,2.609,-2.8567514857520004
2614,2.61,-2.857388681297154
2615,2.611,-2.8580258768423077
2616,2.612,-2.8586630723874613
2617,2.613,-2.859300267932615
2618,2.614,-2.8599374634777686
2619,2.615,-2.860574659022922
2620,2.616,-2.861211854568076
2621,2.617,-2.8618490501132294
2622,2.618,-2.862486245658383
2623,2.619,-2.8631234412035367
2624,2.62,-2.8637606367486903
2625,2.621,-2.864397832293844
2626,2.622,-2.8650350278389976
2627,2.623,-2.865672223384151
2628,2.624,-2.866309418929305
2629,2.625,-2.8669466144744584
2630,2.626,-2.867583810019612
2631,2.6270000000000002,-2.8682210055647657
2632,2.628,-2.8688582011099193
2633,2.629,-2.869495396655073
2634,2.63,-2.8701325922002265
2635,2.6310000000000002,-2.87076978774538
2636,2.632,-2.871406983290534
2637,2.633,-2.8720441788356874
2638,2.634,-2.872681374380841
2639,2.6350000000000002,-2.8733185699259947
2640,2.636,-2.8739557654711483
2641,2.637,-2.874592961016302
2642,2.638,-2.8752301565614555
2643,2.6390000000000002,-2.875867352106609
2644,2.64,-2.8765045476517628
2645,2.641,-2.8771417431969164
2646,2.642,-2.87777893874207
2647,2.6430000000000002,-2.8784161342872236
2648,2.644,-2.8790533298323773
2649,2.645,-2.879690525377531
2650,2.646,-2.8803277209226845
2651,2.6470000000000002,-2.880964916467838
2652,2.648,-2.8816021120129918
2653,2.649,-2.8822393075581454
2654,2.65,-2.882876503103299
2655,2.6510000000000002,-2.8835136986484526
2656,2.652,-2.8841508941936063
2657,2.653,-2.88478808973876
2658,2.654,-2.8854252852839135
2659,2.6550000000000002,-2.886062480829067
2660,2.656,-2.8866996763742208
2661,2.657,-2.8873368719193744
2662,2.658,-2.887974067464528
2663,2.6590000000000003,-2.8886112630096816
2664,2.66,-2.8892484585548353
2665,2.661,-2.889885654099989
2666,2.662,-2.8905228496451425
2667,2.6630000000000003,-2.891160045190296
2668,2.664,-2.8917972407354497
2669,2.665,-2.8924344362806034
2670,2.666,-2.893071631825757
2671,2.6670000000000003,-2.8937088273709106
2672,2.668,-2.8943460229160642
2673,2.669,-2.894983218461218
2674,2.67,-2.8956204140063715
2675,2.6710000000000003,-2.896257609551525
2676,2.672,-2.8968948050966787
2677,2.673,-2.8975320006418324
2678,2.674,-2.898169196186986
2679,2.6750000000000003,-2.8988063917321396
2680,2.676,-2.8994435872772932
2681,2.677,-2.900080782822447
2682,2.678,-2.9007179783676005
2683,2.6790000000000003,-2.901355173912754
2684,2.68,-2.9019923694579077
2685,2.681,0.8265538125508423
2686,2.681,0.8259166170056887
2687,2.682,0.8252794214605352
2688,2.6830000000000003,0.8246422259153817
2689,2.684,0.8240050303702282
2690,2.685,0.8233678348250747
2691,2.686,0.8227306392799212
2692,2.6870000000000003,0.8220934437347677
2693,2.688,0.8214562481896142
2694,2.689,0.8208190526444606
2695,2.69,0.8201818570993071
2696,2.691,0.8195446615541536
2697,2.692,0.8189074660090001
2698,2.693,0.8182702704638466
2699,2.694,0.8176330749186931
2700,2.695,0.8169958793735396
2701,2.696,0.8163586838283861
2702,2.697,0.8157214882832325
2703,2.698,0.815084292738079
2704,2.699,0.8144470971929255
2705,2.7,0.813809901647772
2706,2.701,0.8131727061026185
2707,2.702,0.812535510557465
2708,2.703,0.8118983150123115
2709,2.704,0.811261119467158
2710,2.705,0.8106239239220044
2711,2.706,0.8099867283768509
2712,2.707,0.8093495328316974
2713,2.708,0.8087123372865439
2714,2.709,0.8080751417413904
2715,2.71,0.8074379461962369
2716,2.711,0.8068007506510834
2717,2.712,0.8061635551059299
2718,2.713,0.8055263595607763
2719,2.714,0.8048891640156228
2720,2.715,0.8042519684704693
2721,2.716,0.8036147729253158
2722,2.717,0.8029775773801623
2723,2.718,0.8023403818350088
2724,2.719,0.8017031862898553
2725,2.72,0.8010659907447018
2726,2.721,0.8004287951995482
2727,2.722,0.7997915996543947
2728,2.723,0.7991544041092412
2729,2.724,0.7985172085640877
2730,2.725,0.7978800130189342
2731,2.726,0.7972428174737807
2732,2.727,0.7966056219286272
2733,2.728,0.7959684263834736
2734,2.729,0.7953312308383201
2735,2.73,0.7946940352931666
2736,2.731,0.7940568397480131
2737,2.732,0.7934196442028596
2738,2.733,0.7927824486577061
2739,2.734,0.7921452531125526
2740,2.735,0.7915080575673991
2741,2.736,0.7908708620222455
2742,2.737,0.790233666477092
2743,2.738,0.7895964709319385
2744,2.739,0.788959275386785
2745,2.74,0.7883220798416315
2746,2.741,0.787684884296478
2747,2.742,0.7870476887513245
2748,2.743,0.786410493206171
2749,2.744,0.7857732976610174
2750,2.745,0.7851361021158639
2751,2.746,0.7844989065707104
2752,2.747,0.7838617110255569
2753,2.748,0.7832245154804034
2754,2.749,0.7825873199352499
2755,2.75,0.7819501243900964
2756,2.751,0.7813129288449429
2757,2.7520000000000002,0.7806757332997893
2758,2.753,0.7800385377546358
2759,2.754,0.7794013422094823
2760,2.755,0.7787641466643288
2761,2.7560000000000002,0.7781269511191753
2762,2.757,0.7774897555740218
2763,2.758,0.7768525600288683
2764,2.759,0.7762153644837148
2765,2.7600000000000002,0.7755781689385612
2766,2.761,0.7749409733934077
2767,2.762,0.7743037778482542
2768,2.763,0.7736665823031007
2769,2.7640000000000002,0.7730293867579472
2770,2.765,0.7723921912127937
2771,2.766,0.7717549956676402
2772,2.767,0.7711178001224867
2773,2.7680000000000002,0.7704806045773331
2774,2.769,0.7698434090321796
2775,2.77,0.7692062134870261
2776,2.771,0.7685690179418726
